ts,pt,pc,pl,temp,q,choke,event
2025-01-01 00:01,555.8,778.3,427.9,44.51,2249.7,54.0,normal
2025-01-01 00:02,556.1,776.6,428.0,44.55,2274.7,54.0,normal
2025-01-01 00:03,558.0,776.6,428.4,44.64,2244.7,54.0,normal
2025-01-01 00:04,555.1,776.1,427.2,44.12,2245.1,54.0,normal
2025-01-01 00:05,555.3,776.8,427.6,44.42,2260.1,54.0,normal
2025-01-01 00:06,555.8,775.9,428.5,44.08,2269.1,54.0,normal
2025-01-01 00:07,555.6,777.9,426.7,44.71,2238.7,54.0,normal
2025-01-01 00:08,556.5,777.6,427.6,44.51,2266.2,54.0,normal
2025-01-01 00:09,555.3,778.0,428.8,44.07,2252.8,54.0,normal
2025-01-01 00:10,555.1,778.0,428.1,44.45,2243.8,54.0,normal
2025-01-01 00:11,557.3,777.5,428.1,44.07,2274.6,54.0,normal
2025-01-01 00:12,555.8,777.8,428.7,44.11,2275.2,54.0,normal
2025-01-01 00:13,556.6,777.5,427.8,44.28,2276.5,54.0,normal
2025-01-01 00:14,555.5,777.2,428.1,44.10,2255.1,54.0,normal
2025-01-01 00:15,555.7,775.8,428.0,44.37,2234.6,54.0,normal
2025-01-01 00:16,557.6,776.1,427.7,44.59,2266.4,54.0,normal
2025-01-01 00:17,556.4,776.2,428.1,43.97,2269.8,54.0,normal
2025-01-01 00:18,557.1,777.2,427.6,43.99,2277.9,54.0,normal
2025-01-01 00:19,556.7,777.6,428.3,44.63,2244.3,54.0,normal
2025-01-01 00:20,555.9,776.6,428.3,44.47,2254.2,54.0,normal
2025-01-01 00:21,554.8,777.3,428.5,44.01,2252.2,54.0,normal
2025-01-01 00:22,555.9,777.0,426.6,44.06,2239.7,54.0,normal
2025-01-01 00:23,554.6,775.8,426.5,44.31,2234.2,54.0,normal
2025-01-01 00:24,556.7,775.3,428.4,44.19,2238.7,54.0,normal
2025-01-01 00:25,555.0,775.9,426.8,44.22,2263.7,54.0,normal
2025-01-01 00:26,554.6,775.3,428.1,44.26,2254.9,54.0,normal
2025-01-01 00:27,556.4,776.2,426.6,44.25,2245.1,54.0,normal
2025-01-01 00:28,554.3,777.9,427.9,43.99,2268.1,54.0,normal
2025-01-01 00:29,554.9,777.0,426.9,44.03,2259.4,54.0,normal
2025-01-01 00:30,556.3,777.9,426.4,44.40,2240.2,54.0,normal
2025-01-01 00:31,555.4,776.1,428.1,43.97,2279.1,54.0,normal
2025-01-01 00:32,554.6,776.3,428.2,44.55,2250.1,54.0,normal
2025-01-01 00:33,555.0,777.8,427.0,44.49,2266.3,54.0,normal
2025-01-01 00:34,556.0,777.3,427.1,44.28,2264.3,54.0,normal
2025-01-01 00:35,554.3,777.3,427.7,44.23,2241.8,54.0,normal
2025-01-01 00:36,555.9,777.4,428.0,44.31,2272.9,54.0,normal
2025-01-01 00:37,554.9,777.4,427.8,44.09,2240.2,54.0,normal
2025-01-01 00:38,554.5,775.3,427.0,44.11,2271.2,54.0,normal
2025-01-01 00:39,554.6,775.9,427.3,44.27,2272.6,54.0,normal
2025-01-01 00:40,555.7,775.2,428.1,44.16,2246.8,54.0,normal
2025-01-01 00:41,556.3,777.8,428.3,44.08,2249.1,54.0,normal
2025-01-01 00:42,555.2,776.9,428.0,44.19,2240.1,54.0,normal
2025-01-01 00:43,555.9,777.5,427.4,44.37,2274.8,54.0,normal
2025-01-01 00:44,557.4,777.7,426.9,44.17,2263.0,54.0,normal
2025-01-01 00:45,555.6,776.3,427.5,44.03,2273.1,54.0,normal
2025-01-01 00:46,555.1,775.7,427.5,44.31,2268.9,54.0,normal
2025-01-01 00:47,556.0,776.3,428.5,44.20,2248.2,54.0,normal
2025-01-01 00:48,555.4,777.0,427.6,44.04,2261.8,54.0,normal
2025-01-01 00:49,556.1,776.0,427.4,44.21,2236.5,54.0,normal
2025-01-01 00:50,556.2,776.2,427.6,43.90,2255.3,54.0,normal
2025-01-01 00:51,556.0,776.7,426.5,44.13,2239.0,54.0,normal
2025-01-01 00:52,556.7,776.5,427.3,43.90,2238.7,54.0,normal
2025-01-01 00:53,556.6,776.4,426.8,44.18,2273.7,54.0,normal
2025-01-01 00:54,554.8,776.2,426.6,44.19,2247.6,54.0,normal
2025-01-01 00:55,555.3,775.5,428.0,44.44,2257.3,54.0,normal
2025-01-01 00:56,554.7,776.8,426.5,44.42,2263.8,54.0,normal
2025-01-01 00:57,557.2,776.1,427.1,44.40,2226.9,54.0,normal
2025-01-01 00:58,557.2,777.7,428.1,44.15,2256.1,54.0,normal
2025-01-01 00:59,555.2,777.2,426.8,44.40,2233.8,54.0,normal
2025-01-01 01:00,557.5,776.7,428.2,44.37,2228.0,54.0,normal
2025-01-01 01:01,557.7,776.6,426.9,43.94,2230.1,54.0,normal
2025-01-01 01:02,557.6,776.7,428.5,44.15,2244.8,54.0,normal
2025-01-01 01:03,556.4,777.5,427.8,43.92,2238.5,54.0,normal
2025-01-01 01:04,556.9,778.3,428.6,44.23,2238.1,54.0,normal
2025-01-01 01:05,556.6,775.8,427.3,44.22,2230.1,54.0,normal
2025-01-01 01:06,556.7,776.2,428.4,44.27,2264.1,54.0,normal
2025-01-01 01:07,558.0,777.3,427.2,43.79,2263.3,54.0,normal
2025-01-01 01:08,555.9,777.7,428.5,44.30,2274.8,54.4,normal
2025-01-01 01:09,557.5,776.2,427.2,43.98,2284.1,54.7,normal
2025-01-01 01:10,555.7,777.6,428.8,44.25,2257.8,54.9,normal
2025-01-01 01:11,556.4,778.0,427.5,44.01,2305.7,55.1,normal
2025-01-01 01:12,555.8,778.6,427.2,43.77,2313.6,55.3,normal
2025-01-01 01:13,557.7,778.6,428.2,43.92,2298.7,55.4,normal
2025-01-01 01:14,557.0,778.3,427.4,43.84,2302.9,55.5,normal
2025-01-01 01:15,555.3,778.2,429.0,44.20,2288.2,55.6,normal
2025-01-01 01:16,556.2,776.6,427.2,43.99,2313.1,55.7,normal
2025-01-01 01:17,556.6,778.5,427.8,43.73,2317.7,55.7,normal
2025-01-01 01:18,556.8,776.2,427.9,44.14,2337.6,55.8,normal
2025-01-01 01:19,557.4,777.5,428.0,43.81,2328.2,55.8,normal
2025-01-01 01:20,557.5,776.6,428.7,43.85,2306.3,55.8,normal
2025-01-01 01:21,558.6,778.1,427.8,44.31,2315.3,55.9,normal
2025-01-01 01:22,558.6,776.5,428.2,44.23,2309.6,55.9,normal
2025-01-01 01:23,556.8,779.0,427.2,44.21,2340.2,55.9,normal
2025-01-01 01:24,557.4,777.1,428.3,44.02,2307.8,55.9,normal
2025-01-01 01:25,555.9,777.1,428.1,43.80,2326.2,55.9,normal
2025-01-01 01:26,557.4,778.4,427.4,43.74,2336.3,56.0,normal
2025-01-01 01:27,557.4,779.3,427.7,44.06,2314.3,56.0,normal
2025-01-01 01:28,557.7,779.3,429.1,44.24,2294.6,56.0,normal
2025-01-01 01:29,556.4,777.8,428.0,43.78,2301.4,56.0,normal
2025-01-01 01:30,558.0,777.3,427.7,44.28,2325.8,56.0,normal
2025-01-01 01:31,558.2,778.0,428.2,44.03,2324.0,56.0,normal
2025-01-01 01:32,556.8,778.5,428.9,43.75,2339.5,56.0,normal
2025-01-01 01:33,557.5,778.4,429.6,44.10,2311.4,56.0,normal
2025-01-01 01:34,559.1,778.0,428.2,43.89,2294.3,56.0,normal
2025-01-01 01:35,557.0,777.2,427.8,44.03,2292.3,56.0,normal
2025-01-01 01:36,558.3,779.6,428.3,44.13,2318.4,56.0,normal
2025-01-01 01:37,559.1,778.4,429.6,43.99,2294.8,56.0,normal
2025-01-01 01:38,559.2,779.8,428.6,44.21,2328.2,56.0,normal
2025-01-01 01:39,557.1,778.5,429.3,43.79,2327.1,56.0,normal
2025-01-01 01:40,558.2,778.6,429.4,44.08,2295.2,56.0,normal
2025-01-01 01:41,558.2,778.1,428.4,44.23,2340.2,56.0,normal
2025-01-01 01:42,559.4,777.9,428.4,44.05,2322.5,56.0,normal
2025-01-01 01:43,559.5,777.7,428.3,44.01,2336.2,56.0,normal
2025-01-01 01:44,558.9,778.0,429.4,43.53,2318.4,56.0,normal
2025-01-01 01:45,558.4,779.1,429.3,43.65,2336.4,56.0,normal
2025-01-01 01:46,557.9,778.3,428.9,43.91,2292.7,56.0,normal
2025-01-01 01:47,559.4,778.2,429.9,43.83,2311.4,56.0,normal
2025-01-01 01:48,558.9,778.4,430.2,43.99,2307.7,56.0,normal
2025-01-01 01:49,557.4,780.1,429.0,44.02,2324.3,56.0,normal
2025-01-01 01:50,557.7,780.2,428.8,43.54,2340.8,56.0,normal
2025-01-01 01:51,557.4,778.3,428.4,44.14,2296.9,56.0,normal
2025-01-01 01:52,559.6,780.5,428.8,43.86,2307.4,56.0,normal
2025-01-01 01:53,559.3,779.3,430.5,43.49,2295.1,56.0,normal
2025-01-01 01:54,557.6,779.8,430.5,43.88,2304.8,56.0,normal
2025-01-01 01:55,559.4,778.9,429.6,44.15,2288.4,56.0,normal
2025-01-01 01:56,560.5,780.2,429.0,43.85,2321.8,56.0,normal
2025-01-01 01:57,559.3,780.2,429.4,43.45,2307.5,56.0,normal
2025-01-01 01:58,559.8,780.5,430.1,43.56,2296.5,56.0,normal
2025-01-01 01:59,558.3,778.9,429.2,44.04,2316.3,56.0,normal
2025-01-01 02:00,560.0,778.5,430.8,43.46,2327.7,56.0,normal
2025-01-01 02:01,560.4,780.7,429.2,43.97,2288.1,56.0,normal
2025-01-01 02:02,560.6,779.6,428.7,43.82,2325.1,56.0,normal
2025-01-01 02:03,560.4,780.5,430.9,43.62,2290.5,56.0,normal
2025-01-01 02:04,559.5,778.6,429.0,44.02,2339.2,56.0,normal
2025-01-01 02:05,558.5,781.1,429.9,43.44,2301.1,56.0,normal
2025-01-01 02:06,559.3,778.9,429.4,43.98,2298.9,56.0,normal
2025-01-01 02:07,561.0,781.1,431.0,43.95,2311.8,56.0,normal
2025-01-01 02:08,560.5,779.8,429.6,43.87,2338.3,56.0,normal
2025-01-01 02:09,560.4,781.1,431.0,43.79,2329.6,56.0,normal
2025-01-01 02:10,558.8,779.5,430.4,43.47,2290.5,56.0,normal
2025-01-01 02:11,560.2,780.3,429.2,43.96,2294.5,56.0,normal
2025-01-01 02:12,560.6,779.7,430.5,43.81,2322.9,56.0,normal
2025-01-01 02:13,559.8,780.1,430.7,43.84,2295.9,56.0,normal
2025-01-01 02:14,561.2,779.2,431.0,43.58,2316.0,56.0,normal
2025-01-01 02:15,559.3,781.6,429.4,43.73,2337.7,56.0,normal
2025-01-01 02:16,562.1,779.7,431.4,43.65,2289.7,56.0,normal
2025-01-01 02:17,559.2,781.3,430.8,43.48,2296.8,56.0,normal
2025-01-01 02:18,561.7,780.3,430.3,43.41,2286.1,56.0,normal
2025-01-01 02:19,559.7,781.1,430.1,43.39,2305.8,56.4,normal
2025-01-01 02:20,560.5,780.6,430.6,43.78,2319.9,56.7,normal
2025-01-01 02:21,562.2,781.5,430.8,43.99,2336.6,56.9,normal
2025-01-01 02:22,561.1,780.7,431.4,43.39,2349.4,57.1,normal
2025-01-01 02:23,561.6,782.2,430.9,43.46,2347.7,57.3,normal
2025-01-01 02:24,562.3,780.3,430.8,43.84,2365.2,57.4,normal
2025-01-01 02:25,561.9,781.7,430.1,43.48,2384.8,57.5,normal
2025-01-01 02:26,559.9,780.0,430.3,43.37,2359.0,57.6,normal
2025-01-01 02:27,560.2,781.0,429.8,43.60,2371.9,57.7,normal
2025-01-01 02:28,561.0,782.5,431.5,43.92,2388.6,57.7,normal
2025-01-01 02:29,561.1,781.1,430.6,43.79,2372.3,57.8,normal
2025-01-01 02:30,562.7,781.9,431.5,43.64,2400.2,57.8,normal
2025-01-01 02:31,560.5,781.9,430.3,43.62,2396.2,57.8,normal
2025-01-01 02:32,560.4,782.5,430.8,43.48,2366.4,57.9,normal
2025-01-01 02:33,561.6,780.5,430.9,43.74,2392.7,57.9,normal
2025-01-01 02:34,562.9,781.4,431.2,43.86,2353.0,57.9,normal
2025-01-01 02:35,560.1,782.6,430.5,43.86,2353.2,57.9,normal
2025-01-01 02:36,561.7,781.7,430.6,43.95,2354.6,57.9,normal
2025-01-01 02:37,561.8,782.3,431.7,43.59,2398.2,58.0,normal
2025-01-01 02:38,563.4,781.1,431.1,43.58,2354.8,58.0,normal
2025-01-01 02:39,562.6,781.1,431.4,43.89,2364.7,58.0,normal
2025-01-01 02:40,562.1,782.7,431.7,43.87,2382.7,58.0,normal
2025-01-01 02:41,563.4,782.0,431.0,43.63,2384.7,58.0,normal
2025-01-01 02:42,561.4,782.3,430.6,43.76,2356.8,58.0,normal
2025-01-01 02:43,563.6,780.8,430.3,43.76,2359.1,58.0,normal
2025-01-01 02:44,561.9,783.2,432.4,43.90,2400.9,58.0,normal
2025-01-01 02:45,561.1,781.7,431.3,43.31,2362.9,58.0,normal
2025-01-01 02:46,562.1,783.2,432.2,43.50,2358.4,58.0,normal
2025-01-01 02:47,562.1,782.0,431.2,43.73,2364.5,58.0,normal
2025-01-01 02:48,561.3,780.9,431.9,43.42,2396.8,58.0,normal
2025-01-01 02:49,562.4,781.6,431.3,43.47,2372.0,58.0,normal
2025-01-01 02:50,561.5,783.4,431.8,43.21,2379.4,58.0,normal
2025-01-01 02:51,562.6,783.2,431.8,43.34,2383.7,58.0,normal
2025-01-01 02:52,561.5,783.4,431.8,43.69,2354.9,58.0,normal
2025-01-01 02:53,562.8,782.5,432.6,43.80,2363.8,58.0,normal
2025-01-01 02:54,561.4,781.0,431.7,43.71,2400.5,58.0,normal
2025-01-01 02:55,562.0,782.9,430.9,43.30,2387.9,58.0,normal
2025-01-01 02:56,563.8,782.4,431.5,43.41,2372.5,58.0,normal
2025-01-01 02:57,564.0,781.4,431.1,43.46,2373.6,58.0,normal
2025-01-01 02:58,562.8,782.7,431.3,43.65,2382.4,58.0,normal
2025-01-01 02:59,562.3,781.4,432.0,43.83,2356.2,58.0,normal
2025-01-01 03:00,564.0,782.4,430.7,43.50,2363.5,58.0,normal
2025-01-01 03:01,562.4,781.2,431.4,43.16,2397.6,58.0,normal
2025-01-01 03:02,562.2,782.9,431.0,43.38,2351.7,58.0,normal
2025-01-01 03:03,561.3,783.8,431.0,43.77,2352.0,58.0,normal
2025-01-01 03:04,561.7,783.7,432.0,43.62,2392.2,58.0,normal
2025-01-01 03:05,562.2,781.5,432.2,43.60,2361.7,58.0,normal
2025-01-01 03:06,564.5,781.7,432.1,43.36,2366.0,58.0,normal
2025-01-01 03:07,561.6,782.4,432.3,43.27,2350.2,58.0,normal
2025-01-01 03:08,562.0,783.8,431.5,43.65,2394.6,58.0,normal
2025-01-01 03:09,563.7,781.6,431.0,43.59,2359.4,58.0,normal
2025-01-01 03:10,561.4,781.3,431.1,43.74,2370.6,58.0,normal
2025-01-01 03:11,562.0,781.9,430.8,43.49,2372.9,58.0,normal
2025-01-01 03:12,561.8,782.7,432.5,43.42,2375.5,58.0,normal
2025-01-01 03:13,564.6,781.2,431.5,43.18,2399.4,58.0,normal
2025-01-01 03:14,562.6,781.6,431.4,43.59,2373.4,58.0,normal
2025-01-01 03:15,564.5,782.0,430.8,43.43,2360.3,58.0,normal
2025-01-01 03:16,564.4,781.9,431.9,43.46,2387.9,58.0,normal
2025-01-01 03:17,564.0,781.6,432.7,43.54,2388.2,58.0,normal
2025-01-01 03:18,561.7,781.5,432.6,43.73,2360.2,58.0,normal
2025-01-01 03:19,564.2,783.7,432.5,43.46,2394.1,58.0,normal
2025-01-01 03:20,564.0,781.8,431.7,43.34,2346.5,58.0,normal
2025-01-01 03:21,562.7,783.9,431.3,43.12,2363.8,58.0,normal
2025-01-01 03:22,564.4,783.2,431.3,43.31,2356.7,58.0,normal
2025-01-01 03:23,563.8,782.8,432.6,43.28,2355.3,58.0,normal
2025-01-01 03:24,562.1,783.4,430.9,43.41,2377.3,58.0,normal
2025-01-01 03:25,563.6,782.9,431.1,43.60,2364.7,58.0,normal
2025-01-01 03:26,563.5,781.9,432.5,43.04,2383.8,58.0,normal
2025-01-01 03:27,561.7,781.7,432.5,43.70,2350.5,58.0,normal
2025-01-01 03:28,564.5,783.1,432.6,43.33,2353.1,57.5,normal
2025-01-01 03:29,563.4,783.9,432.3,43.16,2345.6,57.0,normal
2025-01-01 03:30,564.2,781.8,432.1,43.40,2311.4,56.7,normal
2025-01-01 03:31,563.2,783.3,432.4,43.68,2314.5,56.4,normal
2025-01-01 03:32,562.3,783.7,432.1,43.67,2297.0,56.1,normal
2025-01-01 03:33,563.2,781.7,431.0,43.20,2288.0,55.9,normal
2025-01-01 03:34,563.2,783.9,432.2,43.41,2315.3,55.7,normal
2025-01-01 03:35,562.7,782.2,432.7,43.24,2267.6,55.6,normal
2025-01-01 03:36,563.4,782.7,432.5,43.48,2258.7,55.5,normal
2025-01-01 03:37,561.6,782.7,432.1,43.49,2253.8,55.4,normal
2025-01-01 03:38,562.2,783.4,431.7,43.24,2296.6,55.3,normal
2025-01-01 03:39,562.1,783.3,431.9,43.00,2277.3,55.3,normal
2025-01-01 03:40,564.3,782.1,431.4,43.03,2277.7,55.2,normal
2025-01-01 03:41,562.9,783.6,432.7,43.62,2287.6,55.2,normal
2025-01-01 03:42,561.4,782.6,431.0,43.25,2259.4,55.2,normal
2025-01-01 03:43,562.1,782.4,432.4,43.02,2250.8,55.1,normal
2025-01-01 03:44,562.0,783.7,432.3,43.01,2251.3,55.1,normal
2025-01-01 03:45,564.1,781.8,432.0,43.03,2260.0,55.1,normal
2025-01-01 03:46,561.8,782.5,432.8,43.43,2254.5,55.1,normal
2025-01-01 03:47,564.0,783.6,430.9,43.24,2251.8,55.1,normal
2025-01-01 03:48,562.3,782.6,431.8,43.51,2262.6,55.0,normal
2025-01-01 03:49,564.1,782.6,431.6,43.17,2256.5,55.0,normal
2025-01-01 03:50,563.3,781.1,431.6,43.36,2242.4,55.0,normal
2025-01-01 03:51,563.3,782.6,430.8,43.49,2267.1,55.0,normal
2025-01-01 03:52,561.7,781.2,432.7,43.53,2256.0,55.0,normal
2025-01-01 03:53,562.0,783.4,431.3,43.16,2275.0,55.0,normal
2025-01-01 03:54,561.9,782.5,432.4,43.27,2261.7,55.0,normal
2025-01-01 03:55,563.9,782.2,431.4,43.11,2255.7,55.0,normal
2025-01-01 03:56,563.8,781.9,431.3,43.23,2255.6,55.0,normal
2025-01-01 03:57,561.3,782.5,431.6,43.45,2253.3,55.0,normal
2025-01-01 03:58,562.1,781.9,431.8,43.41,2267.6,55.0,normal
2025-01-01 03:59,560.8,782.4,432.3,42.96,2239.7,55.0,normal
2025-01-01 04:00,561.3,780.9,432.0,43.23,2264.1,55.0,normal
2025-01-01 04:01,562.0,781.2,430.5,43.30,2269.8,55.0,normal
2025-01-01 04:02,563.0,781.4,431.7,43.41,2245.2,55.0,normal
2025-01-01 04:03,561.1,782.5,432.4,42.95,2283.3,55.0,normal
2025-01-01 04:04,560.7,780.9,430.6,42.86,2279.7,55.0,normal
2025-01-01 04:05,563.1,782.4,432.3,43.01,2264.3,55.0,normal
2025-01-01 04:06,560.4,781.6,430.4,43.27,2268.4,55.0,normal
2025-01-01 04:07,562.7,782.2,431.7,43.35,2257.7,55.0,normal
2025-01-01 04:08,562.7,782.8,431.9,43.42,2266.5,55.0,normal
2025-01-01 04:09,561.4,782.4,430.4,42.91,2236.0,55.0,normal
2025-01-01 04:10,560.1,780.5,431.0,43.35,2257.7,55.0,normal
2025-01-01 04:11,561.7,781.2,431.5,43.10,2248.1,55.0,normal
2025-01-01 04:12,562.5,781.1,431.8,42.86,2253.9,55.0,normal
2025-01-01 04:13,562.6,782.6,431.6,43.24,2277.0,55.0,normal
2025-01-01 04:14,560.5,780.4,430.2,43.32,2273.3,55.0,normal
2025-01-01 04:15,561.3,780.4,430.2,42.99,2267.0,55.0,normal
2025-01-01 04:16,561.4,781.4,430.1,43.26,2237.5,55.0,normal
2025-01-01 04:17,559.7,780.4,430.2,43.46,2272.9,55.0,normal
2025-01-01 04:18,559.6,781.3,431.7,43.39,2236.5,55.0,normal
2025-01-01 04:19,559.9,781.1,429.8,43.40,2252.8,55.0,normal
2025-01-01 04:20,562.6,780.7,431.2,42.99,2251.5,55.0,normal
2025-01-01 04:21,561.3,780.2,430.5,43.18,2244.5,55.0,normal
2025-01-01 04:22,560.5,781.5,431.5,42.83,2260.9,55.0,normal
2025-01-01 04:23,559.9,781.7,431.2,43.44,2280.1,55.0,normal
2025-01-01 04:24,561.4,781.6,429.7,43.03,2258.5,55.0,normal
2025-01-01 04:25,559.6,781.1,429.6,43.00,2241.7,55.0,normal
2025-01-01 04:26,561.2,781.7,430.0,43.46,2243.2,55.0,normal
2025-01-01 04:27,561.3,781.9,429.4,42.86,2276.4,55.0,normal
2025-01-01 04:28,558.9,781.7,430.2,43.32,2265.2,55.0,normal
2025-01-01 04:29,560.1,780.7,430.7,43.20,2272.5,55.0,normal
2025-01-01 04:30,560.0,779.4,430.8,42.95,2260.8,54.5,normal
2025-01-01 04:31,559.4,780.1,429.3,43.07,2215.4,54.0,normal
2025-01-01 04:32,560.3,780.4,429.6,43.15,2217.5,53.7,normal
2025-01-01 04:33,559.8,780.7,429.8,43.41,2206.9,53.4,normal
2025-01-01 04:34,560.5,780.0,429.3,42.85,2220.1,53.1,normal
2025-01-01 04:35,559.5,779.5,429.2,43.23,2176.1,52.9,normal
2025-01-01 04:36,561.3,780.6,430.7,42.99,2160.4,52.7,normal
2025-01-01 04:37,558.6,780.2,429.3,42.87,2202.3,52.6,normal
2025-01-01 04:38,558.2,780.1,428.9,42.90,2160.1,52.5,normal
2025-01-01 04:39,558.4,778.5,429.6,43.39,2179.0,52.4,normal
2025-01-01 04:40,561.1,779.5,429.3,43.42,2182.4,52.3,normal
2025-01-01 04:41,558.4,778.9,430.7,43.41,2185.8,52.3,normal
2025-01-01 04:42,557.8,780.0,430.6,43.30,2137.7,52.2,normal
2025-01-01 04:43,558.8,779.4,429.9,42.85,2165.2,52.2,normal
2025-01-01 04:44,560.2,780.1,429.0,43.16,2133.8,52.2,normal
2025-01-01 04:45,557.8,778.8,430.4,42.88,2151.4,52.1,normal
2025-01-01 04:46,559.8,779.2,428.7,42.79,2178.7,52.1,normal
2025-01-01 04:47,559.9,779.2,428.5,43.13,2129.4,52.1,normal
2025-01-01 04:48,557.6,780.4,428.5,42.96,2143.6,52.1,normal
2025-01-01 04:49,558.1,780.1,429.5,43.19,2166.9,52.1,normal
2025-01-01 04:50,559.6,778.5,429.8,43.03,2174.1,52.0,normal
2025-01-01 04:51,558.4,779.9,428.3,43.37,2133.5,52.0,normal
2025-01-01 04:52,558.5,778.5,428.6,42.86,2167.9,52.0,normal
2025-01-01 04:53,557.9,779.1,430.1,43.23,2178.1,52.0,normal
2025-01-01 04:54,559.5,778.5,429.4,43.12,2175.1,52.0,normal
2025-01-01 04:55,558.2,778.4,430.0,42.69,2150.9,52.0,normal
2025-01-01 04:56,558.6,779.9,428.6,43.26,2156.7,52.0,normal
2025-01-01 04:57,559.6,777.8,429.3,43.20,2142.7,52.0,normal
2025-01-01 04:58,558.0,778.4,428.5,42.70,2156.3,52.0,normal
2025-01-01 04:59,557.4,778.6,429.7,43.05,2134.9,52.0,normal
2025-01-01 05:00,558.9,779.5,429.1,42.80,2148.3,52.0,normal
2025-01-01 05:01,559.2,778.8,429.8,43.03,2142.5,52.0,normal
2025-01-01 05:02,556.8,778.5,428.9,42.91,2149.2,52.0,normal
2025-01-01 05:03,559.1,777.5,429.0,42.97,2170.0,52.0,normal
2025-01-01 05:04,558.7,779.0,428.2,42.83,2157.1,52.0,normal
2025-01-01 05:05,557.8,778.6,429.2,42.67,2164.2,52.0,normal
2025-01-01 05:06,558.5,779.1,428.1,43.33,2149.9,52.0,normal
2025-01-01 05:07,557.5,777.2,429.0,42.91,2128.9,52.0,normal
2025-01-01 05:08,557.1,778.6,427.8,42.89,2176.5,52.0,normal
2025-01-01 05:09,556.7,777.9,427.4,42.86,2139.4,52.0,normal
2025-01-01 05:10,556.2,777.4,428.6,43.06,2153.6,52.0,normal
2025-01-01 05:11,556.8,777.7,427.4,43.32,2162.5,52.0,normal
2025-01-01 05:12,557.2,776.9,427.8,42.73,2162.6,52.0,normal
2025-01-01 05:13,556.2,776.3,427.1,42.68,2145.7,52.0,normal
2025-01-01 05:14,556.7,776.6,428.2,42.90,2124.9,52.0,normal
2025-01-01 05:15,556.3,776.8,428.4,42.74,2163.1,52.0,normal
2025-01-01 05:16,555.4,776.8,427.7,42.77,2145.8,52.0,normal
2025-01-01 05:17,555.7,776.9,426.9,43.23,2153.1,52.0,normal
2025-01-01 05:18,554.5,777.6,428.3,42.93,2148.9,52.0,normal
2025-01-01 05:19,555.6,775.8,426.7,43.20,2143.0,52.0,normal
2025-01-01 05:20,556.1,778.0,428.7,42.79,2145.3,52.0,normal
2025-01-01 05:21,554.8,778.0,427.4,43.29,2166.8,52.0,normal
2025-01-01 05:22,555.1,776.9,427.7,42.85,2141.5,52.0,normal
2025-01-01 05:23,554.4,775.9,427.0,43.02,2141.6,52.0,normal
2025-01-01 05:24,555.9,777.6,428.3,43.13,2151.7,52.0,normal
2025-01-01 05:25,555.8,777.5,428.5,43.26,2145.0,52.0,normal
2025-01-01 05:26,555.9,777.9,427.9,42.87,2141.6,52.0,normal
2025-01-01 05:27,554.8,777.3,427.1,43.07,2125.4,52.0,normal
2025-01-01 05:28,555.5,775.1,428.3,43.16,2168.8,52.0,normal
2025-01-01 05:29,556.1,775.3,428.1,43.02,2141.5,52.0,normal
2025-01-01 05:30,556.7,775.2,427.1,42.68,2166.0,52.0,normal
2025-01-01 05:31,553.9,777.5,427.9,43.21,2156.5,52.0,normal
2025-01-01 05:32,556.0,775.5,427.5,42.93,2155.7,52.0,normal
2025-01-01 05:33,554.1,776.4,426.1,42.91,2142.4,52.0,normal
2025-01-01 05:34,553.2,774.9,427.3,42.93,2139.4,52.0,normal
2025-01-01 05:35,555.9,777.2,427.7,43.00,2147.4,52.0,normal
2025-01-01 05:36,554.9,775.5,427.9,43.23,2128.7,52.0,normal
2025-01-01 05:37,556.0,776.2,426.8,42.68,2157.2,52.0,normal
2025-01-01 05:38,553.3,776.0,426.8,43.07,2137.5,52.0,normal
2025-01-01 05:39,552.8,776.2,426.1,42.78,2124.3,52.0,normal
2025-01-01 05:40,555.3,774.4,427.5,43.08,2131.0,52.0,normal
2025-01-01 05:41,553.3,777.0,426.7,43.25,2133.7,52.0,normal
2025-01-01 05:42,554.4,775.7,426.5,42.76,2164.1,52.0,normal
2025-01-01 05:43,552.8,776.4,426.6,42.71,2173.3,52.0,normal
2025-01-01 05:44,554.7,776.1,427.1,43.24,2122.9,52.0,normal
2025-01-01 05:45,554.6,776.6,425.4,42.94,2143.8,52.0,normal
2025-01-01 05:46,554.0,775.8,427.4,42.87,2143.1,52.0,normal
2025-01-01 05:47,555.2,774.1,427.1,43.00,2137.1,52.0,normal
2025-01-01 05:48,554.4,775.5,426.6,43.12,2142.4,52.0,normal
2025-01-01 05:49,553.2,774.4,425.4,42.75,2141.5,52.5,normal
2025-01-01 05:50,552.3,775.2,425.9,42.56,2180.7,53.0,normal
2025-01-01 05:51,552.2,774.3,426.8,42.71,2186.4,53.3,normal
2025-01-01 05:52,553.3,775.2,426.7,43.00,2216.0,53.6,normal
2025-01-01 05:53,554.8,775.4,426.0,42.65,2198.1,53.9,normal
2025-01-01 05:54,553.3,774.2,427.0,42.57,2212.6,54.1,normal
2025-01-01 05:55,553.1,775.6,425.6,43.14,2240.0,54.3,normal
2025-01-01 05:56,552.9,774.4,426.5,43.01,2248.6,54.4,normal
2025-01-01 05:57,553.4,773.9,426.4,42.54,2246.4,54.5,normal
2025-01-01 05:58,553.9,775.3,426.8,42.87,2233.7,54.6,normal
2025-01-01 05:59,551.9,774.0,426.7,42.75,2230.6,54.7,normal
2025-01-01 06:00,553.4,775.8,425.0,43.10,2268.1,54.7,liquidLoading
2025-01-01 06:01,553.0,775.9,426.2,43.16,2230.3,54.8,liquidLoading
2025-01-01 06:02,551.5,774.2,425.0,42.57,2236.2,54.8,liquidLoading
2025-01-01 06:03,553.2,774.9,425.5,42.99,2250.4,54.8,liquidLoading
2025-01-01 06:04,551.7,775.4,425.6,42.97,2253.6,54.9,liquidLoading
2025-01-01 06:05,552.1,776.0,424.7,42.65,2233.5,54.9,liquidLoading
2025-01-01 06:06,552.8,775.3,425.6,43.05,2264.0,54.9,liquidLoading
2025-01-01 06:07,550.7,773.8,426.5,42.73,2242.9,54.9,liquidLoading
2025-01-01 06:08,550.0,775.0,425.9,42.76,2218.0,54.9,liquidLoading
2025-01-01 06:09,551.1,773.9,425.0,42.46,2235.1,55.0,liquidLoading
2025-01-01 06:10,549.9,776.0,424.5,42.53,2246.8,55.0,liquidLoading
2025-01-01 06:11,550.6,774.3,425.5,42.88,2221.3,55.0,liquidLoading
2025-01-01 06:12,551.3,775.8,426.4,42.49,2242.7,55.0,liquidLoading
2025-01-01 06:13,549.3,775.9,426.0,42.82,2240.4,55.0,liquidLoading
2025-01-01 06:14,549.6,774.4,426.2,42.61,2207.1,55.0,liquidLoading
2025-01-01 06:15,549.2,775.7,425.0,42.53,2229.3,55.0,liquidLoading
2025-01-01 06:16,549.3,775.2,424.1,42.68,2249.1,55.0,liquidLoading
2025-01-01 06:17,551.6,774.0,424.7,42.87,2235.3,55.0,liquidLoading
2025-01-01 06:18,549.7,774.3,424.8,42.56,2227.9,55.0,liquidLoading
2025-01-01 06:19,549.7,775.6,424.0,42.87,2233.7,55.0,liquidLoading
2025-01-01 06:20,548.8,774.4,424.6,42.85,2218.6,55.0,liquidLoading
2025-01-01 06:21,551.2,774.1,425.6,42.88,2224.7,55.0,liquidLoading
2025-01-01 06:22,551.1,775.6,424.9,42.78,2236.4,55.0,liquidLoading
2025-01-01 06:23,549.1,773.8,424.1,42.22,2206.1,55.0,liquidLoading
2025-01-01 06:24,550.3,776.2,425.0,42.71,2221.0,55.0,liquidLoading
2025-01-01 06:25,548.9,774.9,425.2,42.56,2213.3,55.0,liquidLoading
2025-01-01 06:26,549.9,775.4,425.1,42.28,2208.6,55.0,liquidLoading
2025-01-01 06:27,550.0,775.8,425.1,42.25,2194.2,55.0,liquidLoading
2025-01-01 06:28,550.4,775.7,424.1,42.41,2204.9,55.0,liquidLoading
2025-01-01 06:29,550.6,776.0,424.0,42.48,2185.4,55.0,liquidLoading
2025-01-01 06:30,547.7,774.7,425.0,42.64,2209.5,55.0,liquidLoading
2025-01-01 06:31,547.2,775.2,425.4,42.31,2234.6,55.0,liquidLoading
2025-01-01 06:32,549.7,776.3,424.1,42.68,2199.4,55.0,liquidLoading
2025-01-01 06:33,549.2,776.4,424.4,42.78,2218.0,55.0,liquidLoading
2025-01-01 06:34,548.3,775.3,424.7,42.23,2207.5,55.0,liquidLoading
2025-01-01 06:35,547.9,776.2,425.2,42.54,2196.8,55.0,liquidLoading
2025-01-01 06:36,547.3,776.2,424.2,42.73,2194.3,55.0,liquidLoading
2025-01-01 06:37,546.7,777.7,423.9,42.61,2191.8,55.0,liquidLoading
2025-01-01 06:38,547.4,777.7,425.2,42.07,2193.5,55.0,liquidLoading
2025-01-01 06:39,546.6,776.1,423.5,42.69,2174.5,55.0,liquidLoading
2025-01-01 06:40,547.5,777.1,423.8,42.63,2186.3,55.0,liquidLoading
2025-01-01 06:41,547.8,776.1,423.9,42.22,2180.7,55.0,liquidLoading
2025-01-01 06:42,546.4,777.7,424.0,42.06,2180.8,55.0,liquidLoading
2025-01-01 06:43,546.9,776.0,424.0,42.27,2170.5,55.0,liquidLoading
2025-01-01 06:44,546.8,777.0,424.1,42.40,2182.8,55.0,liquidLoading
2025-01-01 06:45,545.1,777.9,424.5,41.97,2188.0,55.0,liquidLoading
2025-01-01 06:46,545.2,777.8,423.7,41.94,2170.8,55.0,liquidLoading
2025-01-01 06:47,546.7,776.0,424.2,42.12,2184.7,55.0,liquidLoading
2025-01-01 06:48,546.0,778.0,424.1,41.95,2210.2,55.0,liquidLoading
2025-01-01 06:49,543.9,777.0,423.5,42.12,2178.0,55.0,liquidLoading
2025-01-01 06:50,545.5,777.5,424.3,42.22,2179.5,55.0,liquidLoading
2025-01-01 06:51,543.8,776.0,424.4,42.01,2177.7,55.0,liquidLoading
2025-01-01 06:52,544.3,775.9,424.4,42.21,2155.6,55.0,liquidLoading
2025-01-01 06:53,544.5,778.3,424.3,42.01,2166.2,55.0,liquidLoading
2025-01-01 06:54,546.4,777.5,424.9,42.16,2167.1,55.0,liquidLoading
2025-01-01 06:55,544.0,775.7,424.7,42.30,2182.0,55.0,liquidLoading
2025-01-01 06:56,545.6,776.0,424.3,41.82,2198.8,55.0,liquidLoading
2025-01-01 06:57,545.2,776.8,424.6,42.20,2156.4,55.0,liquidLoading
2025-01-01 06:58,546.5,776.0,423.9,42.46,2187.0,55.0,liquidLoading
2025-01-01 06:59,547.0,778.4,424.3,42.35,2152.8,55.0,liquidLoading
2025-01-01 07:00,545.9,778.0,423.3,42.36,2172.6,55.0,liquidLoading
2025-01-01 07:01,547.0,778.7,423.9,41.91,2170.4,55.0,liquidLoading
2025-01-01 07:02,545.0,776.6,424.3,41.98,2164.3,55.0,liquidLoading
2025-01-01 07:03,545.5,777.7,424.4,41.83,2179.2,55.0,liquidLoading
2025-01-01 07:04,546.2,777.4,424.9,41.98,2148.2,55.0,liquidLoading
2025-01-01 07:05,547.4,777.4,423.5,41.88,2135.0,55.0,liquidLoading
2025-01-01 07:06,545.0,777.1,423.8,41.81,2180.2,55.0,liquidLoading
2025-01-01 07:07,546.8,778.0,423.7,41.87,2168.5,55.0,liquidLoading
2025-01-01 07:08,545.3,777.4,425.0,42.17,2165.8,55.0,liquidLoading
2025-01-01 07:09,545.1,779.0,424.0,42.19,2152.2,55.0,liquidLoading
2025-01-01 07:10,544.9,777.9,424.7,42.12,2145.0,55.0,liquidLoading
2025-01-01 07:11,543.5,780.5,424.9,42.00,2134.5,55.0,liquidLoading
2025-01-01 07:12,543.7,778.9,425.0,42.11,2163.9,55.0,liquidLoading
2025-01-01 07:13,545.3,779.9,425.4,42.18,2130.6,55.0,liquidLoading
2025-01-01 07:14,543.2,779.0,423.3,42.20,2123.7,55.0,liquidLoading
2025-01-01 07:15,542.3,779.5,424.8,41.83,2169.0,55.0,liquidLoading
2025-01-01 07:16,543.3,779.3,424.8,41.91,2129.0,55.0,liquidLoading
2025-01-01 07:17,543.1,781.7,424.6,41.89,2134.0,55.0,liquidLoading
2025-01-01 07:18,542.3,781.9,424.3,41.91,2123.0,55.0,liquidLoading
2025-01-01 07:19,541.7,779.5,423.3,41.96,2161.5,55.0,liquidLoading
2025-01-01 07:20,543.2,781.8,424.0,41.57,2124.9,55.0,liquidLoading
2025-01-01 07:21,540.7,780.1,423.9,42.11,2133.7,55.0,liquidLoading
2025-01-01 07:22,540.6,781.4,423.4,41.63,2128.6,55.0,liquidLoading
2025-01-01 07:23,541.8,780.2,424.1,42.08,2113.4,55.0,liquidLoading
2025-01-01 07:24,542.3,782.2,423.9,41.94,2147.6,55.0,liquidLoading
2025-01-01 07:25,540.9,780.4,425.5,41.49,2128.5,55.0,liquidLoading
2025-01-01 07:26,539.8,780.0,425.4,41.71,2108.7,55.0,liquidLoading
2025-01-01 07:27,540.7,781.7,424.4,42.09,2150.1,55.0,liquidLoading
2025-01-01 07:28,539.7,779.5,423.9,41.49,2139.6,55.0,liquidLoading
2025-01-01 07:29,542.8,782.0,424.8,41.52,2111.2,55.0,liquidLoading
2025-01-01 07:30,542.5,779.7,424.2,41.39,2128.1,55.0,liquidLoading
2025-01-01 07:31,542.1,780.9,425.0,41.93,2136.4,55.0,liquidLoading
2025-01-01 07:32,541.9,780.4,423.8,41.84,2097.7,55.0,liquidLoading
2025-01-01 07:33,541.0,781.9,424.9,41.62,2138.7,55.0,liquidLoading
2025-01-01 07:34,541.9,779.8,424.4,41.62,2143.9,55.0,liquidLoading
2025-01-01 07:35,541.1,780.2,424.3,41.33,2142.3,55.0,liquidLoading
2025-01-01 07:36,541.5,782.0,424.8,41.45,2097.2,55.0,liquidLoading
2025-01-01 07:37,542.6,782.0,424.6,41.60,2136.6,55.0,liquidLoading
2025-01-01 07:38,543.9,781.9,424.5,41.57,2129.6,55.0,liquidLoading
2025-01-01 07:39,542.2,780.8,425.4,41.98,2091.1,55.0,liquidLoading
2025-01-01 07:40,543.6,781.0,424.6,41.88,2090.3,55.0,liquidLoading
2025-01-01 07:41,545.5,781.2,425.2,41.49,2132.5,55.0,liquidLoading
2025-01-01 07:42,543.3,780.3,425.1,41.55,2124.4,55.0,liquidLoading
2025-01-01 07:43,542.9,782.3,424.9,41.32,2116.6,55.0,liquidLoading
2025-01-01 07:44,544.7,782.5,424.4,41.35,2102.5,55.0,liquidLoading
2025-01-01 07:45,543.9,782.5,423.9,41.44,2105.2,55.0,liquidLoading
2025-01-01 07:46,543.0,782.4,425.6,41.36,2113.0,55.0,liquidLoading
2025-01-01 07:47,544.4,784.2,424.1,41.40,2114.3,55.0,liquidLoading
2025-01-01 07:48,543.5,784.5,425.5,41.40,2100.5,55.0,liquidLoading
2025-01-01 07:49,543.3,783.1,425.7,41.49,2108.5,55.0,liquidLoading
2025-01-01 07:50,542.6,782.9,424.1,41.72,2112.1,55.0,liquidLoading
2025-01-01 07:51,541.7,783.5,425.5,41.69,2081.2,55.0,liquidLoading
2025-01-01 07:52,542.1,785.7,424.4,41.43,2112.1,55.0,liquidLoading
2025-01-01 07:53,542.3,786.5,424.4,41.29,2116.3,55.0,liquidLoading
2025-01-01 07:54,542.4,784.2,424.4,41.80,2076.9,55.0,liquidLoading
2025-01-01 07:55,540.7,786.3,425.6,41.26,2087.0,55.0,liquidLoading
2025-01-01 07:56,539.2,786.4,424.4,41.69,2107.4,55.0,liquidLoading
2025-01-01 07:57,539.5,786.7,425.2,41.14,2110.3,55.0,liquidLoading
2025-01-01 07:58,539.3,784.9,424.8,41.15,2070.3,55.0,liquidLoading
2025-01-01 07:59,537.8,786.0,425.3,41.12,2092.9,55.0,liquidLoading
2025-01-01 08:00,539.1,786.7,425.7,41.31,2108.7,55.0,liquidLoading
2025-01-01 08:01,538.7,784.8,425.6,41.72,2071.8,55.0,liquidLoading
2025-01-01 08:02,537.8,785.0,426.6,41.50,2104.2,55.0,liquidLoading
2025-01-01 08:03,539.9,786.6,426.5,41.04,2059.9,55.0,liquidLoading
2025-01-01 08:04,538.3,785.1,426.5,41.25,2060.8,55.0,liquidLoading
2025-01-01 08:05,537.4,786.1,425.5,41.65,2078.6,55.0,liquidLoading
2025-01-01 08:06,540.3,786.6,425.7,41.24,2051.8,55.0,liquidLoading
2025-01-01 08:07,538.2,785.6,425.7,41.55,2097.1,55.0,liquidLoading
2025-01-01 08:08,538.9,784.5,425.3,41.30,2051.7,55.0,liquidLoading
2025-01-01 08:09,540.4,785.5,425.0,40.97,2040.5,55.0,liquidLoading
2025-01-01 08:10,539.5,786.5,424.9,41.47,2058.4,55.0,liquidLoading
2025-01-01 08:11,540.1,784.3,426.1,41.46,2062.3,55.0,liquidLoading
2025-01-01 08:12,540.8,784.1,425.1,41.28,2038.6,55.0,liquidLoading
2025-01-01 08:13,542.5,786.6,426.5,41.29,2032.2,55.0,liquidLoading
2025-01-01 08:14,540.8,784.8,426.2,41.34,2049.9,55.0,liquidLoading
2025-01-01 08:15,543.0,785.1,426.0,40.93,2037.8,55.0,liquidLoading
2025-01-01 08:16,543.0,784.7,425.6,41.00,2026.3,55.0,liquidLoading
2025-01-01 08:17,544.2,785.3,426.3,40.86,2013.5,55.0,liquidLoading
2025-01-01 08:18,542.2,785.8,425.6,41.22,2015.6,55.0,liquidLoading
2025-01-01 08:19,544.2,786.0,425.1,41.23,2045.1,55.0,liquidLoading
2025-01-01 08:20,544.4,786.7,426.5,41.53,2051.2,55.0,liquidLoading
2025-01-01 08:21,542.6,788.2,426.6,41.08,2076.0,55.0,liquidLoading
2025-01-01 08:22,543.8,786.0,425.3,40.92,2050.6,55.0,liquidLoading
2025-01-01 08:23,542.9,786.5,426.0,41.29,2082.9,55.0,liquidLoading
2025-01-01 08:24,544.9,789.2,425.7,41.43,2079.4,55.0,liquidLoading
2025-01-01 08:25,541.8,788.0,427.4,41.20,2061.5,55.0,liquidLoading
2025-01-01 08:26,542.8,788.5,425.5,41.22,2096.5,55.0,liquidLoading
2025-01-01 08:27,541.4,789.4,426.5,40.94,2075.7,55.0,liquidLoading
2025-01-01 08:28,541.0,789.0,425.7,40.91,2061.9,55.0,liquidLoading
2025-01-01 08:29,541.3,789.0,425.9,41.04,2064.1,55.0,liquidLoading
2025-01-01 08:30,541.1,790.8,425.5,41.17,2097.0,55.0,liquidLoading
2025-01-01 08:31,541.3,791.0,426.1,41.05,2062.7,55.0,liquidLoading
2025-01-01 08:32,541.1,790.6,427.2,41.36,2043.9,55.0,liquidLoading
2025-01-01 08:33,539.2,790.0,426.5,40.77,2076.2,55.0,liquidLoading
2025-01-01 08:34,539.7,790.5,426.7,40.85,2072.5,55.0,liquidLoading
2025-01-01 08:35,539.4,791.5,426.9,40.78,2057.2,55.0,liquidLoading
2025-01-01 08:36,538.1,792.1,425.9,40.80,2017.1,55.0,liquidLoading
2025-01-01 08:37,536.8,791.9,426.5,41.02,2023.7,55.0,liquidLoading
2025-01-01 08:38,537.1,792.2,426.2,41.07,2033.2,55.0,liquidLoading
2025-01-01 08:39,536.5,792.5,426.7,41.03,1997.7,55.0,liquidLoading
2025-01-01 08:40,536.9,790.8,426.2,41.03,2019.7,55.0,liquidLoading
2025-01-01 08:41,536.0,792.9,426.3,40.83,1969.4,55.0,liquidLoading
2025-01-01 08:42,535.7,792.5,426.8,40.83,1808.0,55.0,liquidLoading
2025-01-01 08:43,536.2,790.3,426.4,40.67,1962.7,55.0,liquidLoading
2025-01-01 08:44,536.8,791.8,427.1,40.64,2010.9,55.0,liquidLoading
2025-01-01 08:45,538.2,792.1,427.2,40.87,2004.3,55.0,liquidLoading
2025-01-01 08:46,538.1,790.8,426.9,40.71,1980.4,55.0,liquidLoading
2025-01-01 08:47,537.2,789.6,427.2,41.22,2002.7,55.0,liquidLoading
2025-01-01 08:48,538.4,791.2,426.5,40.75,2015.1,55.0,liquidLoading
2025-01-01 08:49,538.0,789.9,427.7,40.64,1992.5,55.0,liquidLoading
2025-01-01 08:50,540.6,788.8,426.7,41.10,2025.0,55.0,liquidLoading
2025-01-01 08:51,540.7,788.9,427.5,41.02,2051.3,55.0,liquidLoading
2025-01-01 08:52,540.0,790.4,427.0,40.82,2020.5,55.0,liquidLoading
2025-01-01 08:53,542.7,791.3,427.9,40.95,2021.3,55.0,liquidLoading
2025-01-01 08:54,541.2,791.2,427.4,40.67,2060.3,55.0,liquidLoading
2025-01-01 08:55,541.5,789.3,428.4,41.12,2031.5,55.0,liquidLoading
2025-01-01 08:56,544.1,790.7,428.1,40.75,2055.7,55.0,liquidLoading
2025-01-01 08:57,543.7,790.0,427.2,41.10,2026.2,55.0,liquidLoading
2025-01-01 08:58,543.5,791.2,427.4,41.01,2057.8,55.0,liquidLoading
2025-01-01 08:59,543.2,792.8,427.5,41.11,2019.0,55.0,liquidLoading
2025-01-01 09:00,544.5,792.3,426.7,40.92,2019.1,55.0,liquidLoading
2025-01-01 09:01,542.2,793.6,428.4,40.81,2031.2,55.0,liquidLoading
2025-01-01 09:02,542.7,792.6,427.0,40.64,2008.1,55.0,liquidLoading
2025-01-01 09:03,540.9,794.4,428.6,40.79,2029.2,55.0,liquidLoading
2025-01-01 09:04,540.9,794.7,428.7,40.82,1978.8,55.0,liquidLoading
2025-01-01 09:05,541.0,794.6,427.1,40.52,1983.1,55.0,liquidLoading
2025-01-01 09:06,541.3,795.5,428.1,40.96,1993.1,55.0,liquidLoading
2025-01-01 09:07,538.9,794.6,428.4,41.04,1950.2,55.0,liquidLoading
2025-01-01 09:08,538.4,794.8,428.3,40.83,1976.6,55.0,liquidLoading
2025-01-01 09:09,539.2,797.5,426.9,40.75,1967.1,55.0,liquidLoading
2025-01-01 09:10,537.2,795.4,428.6,40.71,1966.2,55.0,liquidLoading
2025-01-01 09:11,536.0,796.8,427.2,41.02,1920.9,55.0,liquidLoading
2025-01-01 09:12,536.5,796.0,428.8,41.00,1950.0,55.0,liquidLoading
2025-01-01 09:13,537.1,798.4,427.1,40.47,1931.8,55.0,liquidLoading
2025-01-01 09:14,534.7,796.6,428.9,40.76,1945.2,55.0,liquidLoading
2025-01-01 09:15,536.0,796.6,427.1,40.72,1932.9,55.0,liquidLoading
2025-01-01 09:16,534.1,797.1,429.0,40.48,1939.9,55.0,liquidLoading
2025-01-01 09:17,535.2,796.0,427.0,40.34,1959.1,55.0,liquidLoading
2025-01-01 09:18,533.4,797.4,428.8,40.56,1967.9,55.0,liquidLoading
2025-01-01 09:19,532.9,795.8,428.4,40.58,1978.0,55.0,liquidLoading
2025-01-01 09:20,533.6,795.2,428.0,40.92,1981.0,55.0,liquidLoading
2025-01-01 09:21,534.8,796.0,429.0,40.85,1990.9,55.0,liquidLoading
2025-01-01 09:22,533.4,795.1,427.1,40.79,1996.9,55.0,liquidLoading
2025-01-01 09:23,536.2,794.6,427.9,40.54,2008.6,55.0,liquidLoading
2025-01-01 09:24,535.8,794.3,428.9,40.61,2042.5,55.0,liquidLoading
2025-01-01 09:25,535.8,793.3,427.1,40.55,2032.5,55.0,liquidLoading
2025-01-01 09:26,536.2,795.6,428.9,40.41,2021.4,55.0,liquidLoading
2025-01-01 09:27,539.1,794.8,427.0,40.59,2002.6,55.0,liquidLoading
2025-01-01 09:28,538.6,795.0,427.9,40.75,2013.0,55.0,liquidLoading
2025-01-01 09:29,538.4,794.1,427.3,40.25,2017.2,55.0,liquidLoading
2025-01-01 09:30,539.2,795.0,427.4,40.36,2004.1,55.0,liquidLoading
2025-01-01 09:31,539.4,792.9,428.0,40.51,1991.7,55.0,liquidLoading
2025-01-01 09:32,540.4,795.5,429.2,40.16,1946.3,55.0,liquidLoading
2025-01-01 09:33,540.3,795.8,427.8,40.69,1949.5,55.0,liquidLoading
2025-01-01 09:34,541.6,796.1,429.2,40.22,1944.4,55.0,liquidLoading
2025-01-01 09:35,540.4,796.4,427.5,40.30,1920.7,55.0,liquidLoading
2025-01-01 09:36,542.1,796.9,429.1,40.29,1893.1,55.0,liquidLoading
2025-01-01 09:37,541.2,795.9,428.2,40.44,1890.8,55.0,liquidLoading
2025-01-01 09:38,541.8,796.6,428.3,40.71,1904.2,55.0,liquidLoading
2025-01-01 09:39,540.1,796.0,427.1,40.23,1919.9,55.0,liquidLoading
2025-01-01 09:40,540.9,797.1,428.8,40.22,1894.6,55.0,liquidLoading
2025-01-01 09:41,541.9,797.3,428.7,40.16,1919.3,55.0,liquidLoading
2025-01-01 09:42,539.2,798.1,429.0,40.70,1912.6,55.0,liquidLoading
2025-01-01 09:43,537.6,799.2,428.1,40.13,1922.2,55.0,liquidLoading
2025-01-01 09:44,538.8,800.5,428.7,40.69,1901.6,55.0,liquidLoading
2025-01-01 09:45,538.4,800.9,428.0,40.47,1943.9,55.0,liquidLoading
2025-01-01 09:46,536.7,799.2,427.4,40.51,1920.3,55.0,liquidLoading
2025-01-01 09:47,535.0,799.3,428.5,40.37,1968.6,55.0,liquidLoading
2025-01-01 09:48,535.3,801.1,427.1,40.10,1962.6,55.0,liquidLoading
2025-01-01 09:49,533.0,802.1,429.0,40.24,1967.1,55.0,liquidLoading
2025-01-01 09:50,533.4,800.6,428.5,40.05,1986.3,55.0,liquidLoading
2025-01-01 09:51,532.6,802.0,427.5,40.11,2005.6,55.0,liquidLoading
2025-01-01 09:52,532.8,800.6,428.1,40.50,1993.0,55.0,liquidLoading
2025-01-01 09:53,532.2,801.0,428.0,40.39,1995.9,55.0,liquidLoading
2025-01-01 09:54,529.7,800.8,427.4,39.94,1970.3,55.0,liquidLoading
2025-01-01 09:55,529.6,800.8,428.7,40.52,1975.5,55.0,liquidLoading
2025-01-01 09:56,531.1,800.6,428.3,39.94,1956.5,55.0,liquidLoading
2025-01-01 09:57,529.9,800.6,428.0,39.92,1958.8,55.0,liquidLoading
2025-01-01 09:58,531.8,799.4,427.5,39.99,1976.5,55.0,liquidLoading
2025-01-01 09:59,532.2,797.8,428.7,40.21,1928.3,55.0,liquidLoading
2025-01-01 10:00,531.0,800.1,428.3,39.98,1920.0,55.0,liquidLoading
2025-01-01 10:01,531.8,798.2,428.0,40.05,1910.3,55.0,liquidLoading
2025-01-01 10:02,530.6,799.4,428.8,39.98,1894.8,55.0,liquidLoading
2025-01-01 10:03,531.6,797.5,428.6,40.15,1870.9,55.0,liquidLoading
2025-01-01 10:04,533.3,796.1,428.4,40.13,1869.3,55.0,liquidLoading
2025-01-01 10:05,534.2,797.0,428.1,40.54,1865.1,55.0,liquidLoading
2025-01-01 10:06,534.7,797.6,427.7,40.26,1876.7,55.0,liquidLoading
2025-01-01 10:07,535.4,796.2,428.7,40.38,1859.3,55.0,liquidLoading
2025-01-01 10:08,537.8,795.6,428.9,40.08,1863.5,55.0,liquidLoading
2025-01-01 10:09,538.2,796.4,428.1,40.01,1849.3,55.0,liquidLoading
2025-01-01 10:10,538.2,798.0,428.8,40.49,1867.6,55.0,liquidLoading
2025-01-01 10:11,537.9,798.3,428.7,40.43,1863.3,55.0,liquidLoading
2025-01-01 10:12,537.1,798.1,428.5,39.97,1862.2,55.0,liquidLoading
2025-01-01 10:13,537.9,798.4,426.9,39.81,1870.9,55.0,liquidLoading
2025-01-01 10:14,540.0,797.5,427.3,40.24,1903.6,55.0,liquidLoading
2025-01-01 10:15,538.1,799.3,428.5,40.09,1932.4,55.0,liquidLoading
2025-01-01 10:16,538.8,800.5,428.5,40.39,1905.4,55.0,liquidLoading
2025-01-01 10:17,537.1,801.0,428.6,40.37,1936.1,55.0,liquidLoading
2025-01-01 10:18,536.8,799.5,426.9,40.20,1925.8,55.0,liquidLoading
2025-01-01 10:19,535.3,799.7,427.1,40.11,1935.8,55.0,liquidLoading
2025-01-01 10:20,535.7,800.9,427.3,39.82,1940.6,55.0,liquidLoading
2025-01-01 10:21,534.3,801.4,426.7,39.84,1966.4,55.0,liquidLoading
2025-01-01 10:22,533.1,803.5,427.6,39.90,1973.9,55.0,liquidLoading
2025-01-01 10:23,531.4,803.5,428.4,39.84,1946.1,55.0,liquidLoading
2025-01-01 10:24,531.1,802.1,427.4,39.74,1950.0,55.0,liquidLoading
2025-01-01 10:25,529.9,803.9,427.0,40.12,1957.8,55.0,liquidLoading
2025-01-01 10:26,529.1,803.0,427.4,39.79,1921.1,55.0,liquidLoading
2025-01-01 10:27,530.0,803.2,427.6,40.33,1891.1,55.0,liquidLoading
2025-01-01 10:28,526.3,804.3,426.3,39.86,1889.4,55.0,liquidLoading
2025-01-01 10:29,526.9,803.5,428.0,39.82,1902.2,55.0,liquidLoading
2025-01-01 10:30,526.2,803.1,426.2,39.93,1849.6,55.0,liquidLoading
2025-01-01 10:31,526.8,803.7,428.3,39.98,1870.0,55.0,liquidLoading
2025-01-01 10:32,523.7,804.1,427.6,40.15,1838.9,55.0,liquidLoading
2025-01-01 10:33,525.1,802.3,427.7,39.86,1811.0,55.0,liquidLoading
2025-01-01 10:34,524.4,801.4,426.7,40.12,1823.6,55.0,liquidLoading
2025-01-01 10:35,524.8,802.1,427.2,39.82,1813.5,55.0,liquidLoading
2025-01-01 10:36,525.9,801.8,426.7,40.03,1802.4,55.0,liquidLoading
2025-01-01 10:37,524.3,802.4,426.9,39.74,1811.0,55.0,liquidLoading
2025-01-01 10:38,525.7,799.7,426.1,40.15,1828.6,55.0,liquidLoading
2025-01-01 10:39,525.9,799.8,427.6,39.90,1829.4,55.0,liquidLoading
2025-01-01 10:40,527.3,798.6,428.0,40.25,1853.3,55.0,liquidLoading
2025-01-01 10:41,525.9,798.1,426.9,39.63,1840.6,55.0,liquidLoading
2025-01-01 10:42,527.0,799.4,426.1,39.82,1852.5,55.0,liquidLoading
2025-01-01 10:43,527.9,798.1,426.6,39.95,1883.9,55.0,liquidLoading
2025-01-01 10:44,529.1,798.8,426.3,40.01,1894.0,55.0,liquidLoading
2025-01-01 10:45,531.4,798.5,425.8,39.73,1918.5,55.0,liquidLoading
2025-01-01 10:46,532.4,798.0,425.9,40.20,1924.3,55.0,liquidLoading
2025-01-01 10:47,533.4,798.5,426.6,39.97,1920.3,55.0,liquidLoading
2025-01-01 10:48,531.9,799.0,425.8,39.77,1912.5,55.0,liquidLoading
2025-01-01 10:49,533.2,799.6,426.9,39.62,1940.8,55.0,liquidLoading
2025-01-01 10:50,532.7,798.0,425.5,40.06,1943.5,55.0,liquidLoading
2025-01-01 10:51,535.0,798.4,425.8,39.78,1912.1,55.0,liquidLoading
2025-01-01 10:52,533.0,799.2,425.8,40.12,1915.6,55.0,liquidLoading
2025-01-01 10:53,532.5,799.5,425.9,39.51,1911.6,55.0,liquidLoading
2025-01-01 10:54,534.2,802.1,426.2,40.13,1893.4,55.0,liquidLoading
2025-01-01 10:55,531.2,802.2,425.3,39.68,1869.5,55.0,liquidLoading
2025-01-01 10:56,533.0,802.6,426.8,40.04,1874.9,55.0,liquidLoading
2025-01-01 10:57,530.1,801.6,426.6,39.72,1848.9,55.0,liquidLoading
2025-01-01 10:58,529.2,803.2,427.0,40.01,1813.8,55.0,liquidLoading
2025-01-01 10:59,529.7,803.3,426.5,39.59,1810.7,55.0,liquidLoading
2025-01-01 11:00,526.8,805.3,425.2,39.41,1812.7,55.0,liquidLoading
2025-01-01 11:01,526.9,804.3,425.8,39.53,1771.4,55.0,liquidLoading
2025-01-01 11:02,525.1,803.8,425.3,39.87,1781.6,55.0,liquidLoading
2025-01-01 11:03,522.4,805.2,426.0,39.93,1748.9,55.0,liquidLoading
2025-01-01 11:04,521.6,804.8,426.2,39.91,1753.5,55.0,liquidLoading
2025-01-01 11:05,523.1,805.6,424.6,39.99,1769.9,55.0,liquidLoading
2025-01-01 11:06,521.5,806.2,426.1,39.70,1774.8,55.0,liquidLoading
2025-01-01 11:07,519.7,805.0,424.9,39.58,1796.9,55.0,liquidLoading
2025-01-01 11:08,518.0,804.6,426.3,39.57,1809.9,55.0,liquidLoading
2025-01-01 11:09,519.7,805.4,424.9,40.03,1796.0,55.0,liquidLoading
2025-01-01 11:10,516.2,804.4,424.6,39.54,1820.3,55.0,liquidLoading
2025-01-01 11:11,518.3,804.1,424.5,39.37,1816.6,55.0,liquidLoading
2025-01-01 11:12,516.2,802.4,425.2,39.81,1865.8,55.0,liquidLoading
2025-01-01 11:13,518.1,804.0,424.3,39.51,1850.5,55.0,liquidLoading
2025-01-01 11:14,518.5,801.1,426.2,39.57,1889.7,55.0,liquidLoading
2025-01-01 11:15,516.5,801.6,424.1,39.46,1890.2,55.0,liquidLoading
2025-01-01 11:16,518.1,801.6,425.5,39.85,1881.6,55.0,liquidLoading
2025-01-01 11:17,519.2,800.2,424.7,39.53,1882.6,55.0,liquidLoading
2025-01-01 11:18,521.4,799.7,425.4,39.34,1885.4,55.0,liquidLoading
2025-01-01 11:19,519.4,800.6,425.2,39.46,1897.8,55.0,liquidLoading
2025-01-01 11:20,522.1,797.8,425.2,39.56,1889.6,55.0,liquidLoading
2025-01-01 11:21,522.4,799.8,425.6,39.49,1882.1,55.0,liquidLoading
2025-01-01 11:22,522.4,799.0,424.9,39.39,1864.2,55.0,liquidLoading
2025-01-01 11:23,523.9,798.7,423.9,39.36,1868.9,55.0,liquidLoading
2025-01-01 11:24,524.0,798.8,423.9,39.74,1820.5,55.0,liquidLoading
2025-01-01 11:25,525.6,799.8,425.0,39.75,1833.3,55.0,liquidLoading
2025-01-01 11:26,525.5,799.8,423.6,39.88,1781.3,55.0,liquidLoading
2025-01-01 11:27,528.7,797.9,425.1,39.52,1789.7,55.0,liquidLoading
2025-01-01 11:28,529.1,798.3,424.4,39.54,1743.1,55.0,liquidLoading
2025-01-01 11:29,528.5,800.2,423.8,39.76,1744.5,55.0,liquidLoading
2025-01-01 11:30,528.3,801.0,424.8,39.66,1741.1,55.0,liquidLoading
2025-01-01 11:31,527.5,801.2,424.8,39.50,1708.9,55.0,liquidLoading
2025-01-01 11:32,527.6,802.7,423.2,39.82,1712.8,55.0,liquidLoading
2025-01-01 11:33,525.0,800.8,425.1,39.18,1705.0,55.0,liquidLoading
2025-01-01 11:34,525.3,801.6,424.7,39.74,1744.1,55.0,liquidLoading
2025-01-01 11:35,525.2,804.3,424.0,39.80,1750.4,55.0,liquidLoading
2025-01-01 11:36,524.4,803.2,424.8,39.24,1734.0,55.0,liquidLoading
2025-01-01 11:37,522.7,805.3,424.2,39.73,1736.5,55.0,liquidLoading
2025-01-01 11:38,519.6,804.8,424.1,39.15,1596.0,55.0,liquidLoading
2025-01-01 11:39,517.7,805.3,424.0,39.79,1793.5,55.0,liquidLoading
2025-01-01 11:40,519.3,804.9,422.9,39.57,1803.0,55.0,liquidLoading
2025-01-01 11:41,515.9,806.4,424.6,39.46,1817.5,55.0,liquidLoading
2025-01-01 11:42,515.5,806.1,424.6,39.67,1832.4,55.0,liquidLoading
2025-01-01 11:43,514.1,805.9,423.6,39.51,1834.0,55.0,liquidLoading
2025-01-01 11:44,513.4,806.2,424.0,39.30,1876.2,55.0,liquidLoading
2025-01-01 11:45,511.9,805.0,424.2,39.46,1855.5,55.0,liquidLoading
2025-01-01 11:46,512.3,805.9,423.5,39.75,1878.6,55.0,liquidLoading
2025-01-01 11:47,510.7,805.7,423.4,39.66,1873.9,55.0,liquidLoading
2025-01-01 11:48,509.0,806.3,423.9,39.33,1867.8,55.0,liquidLoading
2025-01-01 11:49,508.7,804.0,423.6,39.22,1861.8,55.0,liquidLoading
2025-01-01 11:50,509.5,802.9,422.3,39.27,1853.3,55.0,liquidLoading
2025-01-01 11:51,509.8,803.4,424.1,39.16,1833.5,55.0,liquidLoading
2025-01-01 11:52,510.3,803.4,422.6,39.70,1804.9,55.0,liquidLoading
2025-01-01 11:53,510.1,801.7,422.6,39.12,1769.7,55.0,liquidLoading
2025-01-01 11:54,510.6,800.7,423.3,39.56,1762.1,55.0,liquidLoading
2025-01-01 11:55,513.3,801.6,423.5,39.22,1763.9,55.0,liquidLoading
2025-01-01 11:56,512.0,801.4,423.2,39.31,1715.0,55.0,liquidLoading
2025-01-01 11:57,514.7,799.9,423.1,39.43,1707.6,55.0,liquidLoading
2025-01-01 11:58,515.8,800.5,422.6,39.60,1708.0,55.0,liquidLoading
2025-01-01 11:59,517.4,798.4,422.2,39.52,1672.9,55.0,liquidLoading
2025-01-01 12:00,517.9,797.7,423.4,39.57,1662.0,55.0,liquidLoading
2025-01-01 12:01,517.8,798.9,422.9,39.18,1680.1,55.0,liquidLoading
2025-01-01 12:02,518.6,799.1,423.6,39.26,1674.7,55.0,liquidLoading
2025-01-01 12:03,520.5,799.2,422.9,39.42,1707.8,55.0,liquidLoading
2025-01-01 12:04,522.0,799.1,422.0,39.50,1681.1,55.0,liquidLoading
2025-01-01 12:05,520.9,798.2,422.0,39.05,1731.9,55.0,liquidLoading
2025-01-01 12:06,520.4,798.7,422.9,38.94,1715.5,55.0,liquidLoading
2025-01-01 12:07,522.9,799.6,421.9,39.09,1758.8,55.0,liquidLoading
2025-01-01 12:08,523.0,801.5,423.3,39.23,1780.6,55.0,liquidLoading
2025-01-01 12:09,522.0,800.4,421.7,39.51,1782.8,55.0,liquidLoading
2025-01-01 12:10,520.7,803.3,421.8,39.36,1820.6,55.0,liquidLoading
2025-01-01 12:11,518.5,803.9,421.3,39.12,1806.7,55.0,liquidLoading
2025-01-01 12:12,518.3,803.4,421.4,39.29,1824.1,55.0,liquidLoading
2025-01-01 12:13,518.7,803.8,421.6,39.49,1853.9,55.0,liquidLoading
2025-01-01 12:14,517.0,804.1,422.2,39.46,1858.8,55.0,liquidLoading
2025-01-01 12:15,515.2,807.4,421.1,39.16,1842.3,55.0,liquidLoading
2025-01-01 12:16,514.5,807.4,422.7,39.00,1852.8,55.0,liquidLoading
2025-01-01 12:17,512.6,807.1,421.3,39.10,1823.8,55.0,liquidLoading
2025-01-01 12:18,511.1,806.2,422.5,39.32,1808.3,55.0,liquidLoading
2025-01-01 12:19,508.4,807.7,421.1,39.09,1793.0,55.0,liquidLoading
2025-01-01 12:20,508.8,807.8,421.1,39.19,1786.2,55.0,liquidLoading
2025-01-01 12:21,507.4,808.3,422.1,39.15,1766.9,55.0,liquidLoading
2025-01-01 12:22,506.8,807.5,422.2,39.36,1750.6,55.0,liquidLoading
2025-01-01 12:23,505.2,807.7,422.0,39.17,1728.2,55.0,liquidLoading
2025-01-01 12:24,504.9,808.1,421.8,39.17,1682.3,55.0,liquidLoading
2025-01-01 12:25,504.5,808.1,422.7,39.12,1667.8,55.0,liquidLoading
2025-01-01 12:26,502.0,807.1,422.5,39.41,1664.8,55.0,liquidLoading
2025-01-01 12:27,503.1,805.3,421.6,39.04,1636.8,55.0,liquidLoading
2025-01-01 12:28,502.7,804.1,421.8,38.88,1639.6,55.0,liquidLoading
2025-01-01 12:29,501.8,805.5,420.9,38.93,1624.5,55.0,liquidLoading
2025-01-01 12:30,505.1,804.3,420.6,39.37,1656.0,55.0,liquidLoading
2025-01-01 12:31,503.2,804.3,422.1,38.88,1646.8,55.0,liquidLoading
2025-01-01 12:32,505.7,801.2,420.9,39.17,1639.7,55.0,liquidLoading
2025-01-01 12:33,506.6,802.5,421.5,39.09,1679.8,55.0,liquidLoading
2025-01-01 12:34,507.1,802.5,421.8,39.18,1679.0,55.0,liquidLoading
2025-01-01 12:35,507.6,799.8,420.4,39.39,1699.2,55.0,liquidLoading
2025-01-01 12:36,510.1,801.6,421.9,39.33,1720.3,55.0,liquidLoading
2025-01-01 12:37,512.4,800.0,422.1,39.18,1735.9,55.0,liquidLoading
2025-01-01 12:38,511.4,798.8,421.9,38.80,1749.4,55.0,liquidLoading
2025-01-01 12:39,513.0,798.6,420.5,39.24,1763.8,55.0,liquidLoading
2025-01-01 12:40,513.8,800.6,421.7,39.16,1774.6,55.0,liquidLoading
2025-01-01 12:41,515.2,800.0,422.1,39.32,1807.1,55.0,liquidLoading
2025-01-01 12:42,514.9,801.4,420.4,38.88,1804.6,55.0,liquidLoading
2025-01-01 12:43,517.4,800.5,420.9,39.02,1791.5,55.0,liquidLoading
2025-01-01 12:44,518.5,799.9,421.1,38.75,1786.6,55.0,liquidLoading
2025-01-01 12:45,515.9,802.8,421.5,38.67,1777.7,55.0,liquidLoading
2025-01-01 12:46,516.4,802.0,420.1,38.81,1785.6,55.0,liquidLoading
2025-01-01 12:47,516.7,802.6,420.8,38.82,1779.5,55.0,liquidLoading
2025-01-01 12:48,516.8,803.8,420.5,39.31,1731.1,55.0,liquidLoading
2025-01-01 12:49,515.1,804.8,421.4,39.27,1708.2,55.0,liquidLoading
2025-01-01 12:50,513.7,807.4,420.8,39.21,1711.8,55.0,liquidLoading
2025-01-01 12:51,514.0,806.0,421.8,38.62,1675.3,55.0,liquidLoading
2025-01-01 12:52,511.1,808.0,420.5,38.81,1668.8,55.0,liquidLoading
2025-01-01 12:53,509.6,809.9,421.5,39.02,1643.4,55.0,liquidLoading
2025-01-01 12:54,509.9,807.9,421.9,38.87,1635.8,55.0,liquidLoading
2025-01-01 12:55,505.3,809.0,420.8,38.59,1589.9,55.0,liquidLoading
2025-01-01 12:56,504.1,810.8,420.2,38.90,1598.0,55.0,liquidLoading
2025-01-01 12:57,503.5,810.7,420.9,38.90,1611.5,55.0,liquidLoading
2025-01-01 12:58,501.5,809.3,421.9,39.11,1429.8,55.0,liquidLoading
2025-01-01 12:59,501.6,809.8,421.4,38.61,1618.7,55.0,liquidLoading
2025-01-01 13:00,499.1,811.6,419.8,38.98,1605.3,55.0,liquidLoading
2025-01-01 13:01,498.0,811.2,420.4,39.00,1622.7,55.0,liquidLoading
2025-01-01 13:02,497.0,809.9,420.7,38.66,1663.3,55.0,liquidLoading
2025-01-01 13:03,498.8,809.0,420.6,39.00,1658.4,55.0,liquidLoading
2025-01-01 13:04,498.3,808.6,420.3,38.71,1687.6,55.0,liquidLoading
2025-01-01 13:05,497.9,807.5,421.8,39.04,1724.0,55.0,liquidLoading
2025-01-01 13:06,499.3,806.9,421.9,38.75,1737.3,55.0,liquidLoading
2025-01-01 13:07,500.2,805.5,420.7,38.77,1756.9,55.0,liquidLoading
2025-01-01 13:08,500.9,805.8,421.8,38.93,1767.3,55.0,liquidLoading
2025-01-01 13:09,499.4,805.0,420.3,39.23,1768.0,55.0,liquidLoading
2025-01-01 13:10,501.1,802.8,421.3,38.85,1790.7,55.0,liquidLoading
2025-01-01 13:11,504.2,803.8,421.0,38.83,1781.8,55.0,liquidLoading
2025-01-01 13:12,505.9,801.6,420.7,39.22,1776.6,55.0,liquidLoading
2025-01-01 13:13,504.8,802.7,420.1,38.92,1768.8,55.0,liquidLoading
2025-01-01 13:14,507.0,801.0,421.7,38.76,1779.7,55.0,liquidLoading
2025-01-01 13:15,509.5,802.6,420.9,38.86,1757.4,55.0,liquidLoading
2025-01-01 13:16,511.0,801.2,421.4,38.93,1747.9,55.0,liquidLoading
2025-01-01 13:17,510.5,801.9,420.8,39.21,1706.9,55.0,liquidLoading
2025-01-01 13:18,513.3,801.8,421.7,38.86,1703.7,55.0,liquidLoading
2025-01-01 13:19,514.1,801.8,421.9,39.13,1669.2,55.0,liquidLoading
2025-01-01 13:20,555.0,775.7,426.2,44.28,2265.6,54.1,normal
2025-01-01 13:21,553.9,776.2,427.5,43.95,2236.5,53.4,normal
2025-01-01 13:22,555.7,776.9,428.1,43.97,2232.6,52.8,normal
2025-01-01 13:23,556.2,777.1,427.3,44.33,2215.0,52.3,normal
2025-01-01 13:24,556.6,776.8,426.2,44.26,2173.5,51.9,normal
2025-01-01 13:25,556.3,777.6,427.2,44.08,2186.5,51.5,normal
2025-01-01 13:26,554.7,776.1,427.3,44.02,2150.6,51.2,normal
2025-01-01 13:27,555.5,776.2,427.9,43.71,2147.9,51.0,normal
2025-01-01 13:28,556.4,775.9,427.1,43.89,2122.6,50.8,normal
2025-01-01 13:29,556.7,777.7,426.8,44.33,2137.8,50.7,normal
2025-01-01 13:30,557.0,777.2,426.5,44.13,2136.6,50.6,normal
2025-01-01 13:31,554.4,775.4,427.4,44.32,2151.6,50.5,normal
2025-01-01 13:32,556.4,777.8,426.8,44.28,2130.1,50.4,normal
2025-01-01 13:33,556.1,777.9,426.7,44.29,2141.1,50.3,normal
2025-01-01 13:34,557.4,775.4,426.5,43.91,2097.6,50.3,normal
2025-01-01 13:35,556.9,777.5,427.6,43.92,2125.6,50.2,normal
2025-01-01 13:36,557.0,777.1,428.5,44.28,2110.8,50.2,normal
2025-01-01 13:37,555.0,777.0,427.8,44.28,2114.1,50.1,normal
2025-01-01 13:38,555.8,777.9,428.6,43.80,2108.1,50.1,normal
2025-01-01 13:39,557.5,776.6,428.3,44.40,2090.6,50.1,normal
2025-01-01 13:40,556.9,777.4,427.3,44.29,2098.6,50.1,normal
2025-01-01 13:41,557.0,777.2,426.8,44.18,2113.0,50.1,normal
2025-01-01 13:42,556.2,776.4,428.4,43.99,2086.4,50.1,normal
2025-01-01 13:43,555.9,775.7,428.5,44.46,2125.4,50.0,normal
2025-01-01 13:44,556.6,778.4,428.4,44.37,2118.2,50.0,normal
2025-01-01 13:45,555.9,778.2,427.1,43.88,2132.5,50.0,normal
2025-01-01 13:46,557.8,777.6,428.5,44.00,2096.4,50.0,normal
2025-01-01 13:47,558.2,776.0,427.3,43.93,2125.4,50.0,normal
2025-01-01 13:48,555.5,777.7,429.1,44.05,2116.2,50.0,normal
2025-01-01 13:49,557.1,777.3,428.9,44.24,2100.8,50.0,normal
2025-01-01 13:50,555.5,776.5,428.0,44.08,2109.6,50.0,normal
2025-01-01 13:51,558.1,778.9,429.1,44.21,2121.8,50.0,normal
2025-01-01 13:52,556.6,776.3,428.7,44.00,2124.2,50.0,normal
2025-01-01 13:53,556.8,778.4,429.3,44.32,2137.7,50.0,normal
2025-01-01 13:54,558.2,776.7,427.3,44.37,2109.0,50.0,normal
2025-01-01 13:55,557.9,776.5,428.5,44.40,2113.4,50.0,normal
2025-01-01 13:56,556.1,779.1,427.7,44.30,2086.8,50.0,normal
2025-01-01 13:57,556.0,779.2,428.1,44.39,2116.2,50.0,normal
2025-01-01 13:58,557.8,776.9,429.4,44.02,2134.7,50.0,normal
2025-01-01 13:59,558.2,777.4,428.4,44.01,2133.2,50.0,normal
2025-01-01 14:00,559.0,779.3,429.3,44.42,2116.5,50.0,normal
2025-01-01 14:01,558.8,776.9,428.1,44.46,2092.0,50.0,normal
2025-01-01 14:02,556.6,777.1,429.1,44.31,2094.1,50.0,normal
2025-01-01 14:03,556.5,778.9,428.0,44.03,2093.0,50.0,normal
2025-01-01 14:04,559.0,779.7,429.7,44.52,2112.7,50.0,normal
2025-01-01 14:05,557.6,778.1,428.1,43.99,2126.7,50.0,normal
2025-01-01 14:06,557.0,778.5,429.5,44.07,2120.3,50.0,normal
2025-01-01 14:07,557.7,778.6,428.2,43.93,2087.7,50.0,normal
2025-01-01 14:08,558.4,779.2,429.8,43.96,2114.9,50.0,normal
2025-01-01 14:09,557.0,777.4,428.2,44.60,2138.2,50.0,normal
2025-01-01 14:10,557.9,778.2,430.1,44.16,2137.4,50.0,normal
2025-01-01 14:11,558.2,779.7,429.2,44.27,2118.3,50.0,normal
2025-01-01 14:12,559.5,780.3,429.8,43.96,2136.5,50.0,normal
2025-01-01 14:13,558.8,780.0,428.4,44.03,2090.3,50.0,normal
2025-01-01 14:14,557.7,779.2,429.0,44.63,2096.1,50.0,normal
2025-01-01 14:15,558.5,778.8,428.9,44.12,2126.1,50.0,normal
2025-01-01 14:16,558.3,779.0,428.6,44.13,2136.1,50.0,normal
2025-01-01 14:17,560.0,779.7,428.7,44.04,2094.9,50.0,normal
2025-01-01 14:18,559.9,779.9,428.6,44.03,2137.9,50.0,normal
2025-01-01 14:19,560.4,780.1,430.0,44.65,2115.3,50.0,normal
2025-01-01 14:20,559.2,780.7,429.3,44.03,2137.8,50.0,normal
2025-01-01 14:21,559.8,780.5,430.8,44.31,2106.0,50.0,normal
2025-01-01 14:22,560.3,779.4,429.9,44.11,2118.7,50.0,normal
2025-01-01 14:23,560.9,780.5,430.2,44.54,2092.6,50.0,normal
2025-01-01 14:24,558.9,778.9,430.5,44.32,2109.2,50.0,normal
2025-01-01 14:25,561.1,779.5,430.5,44.19,2108.7,50.0,normal
2025-01-01 14:26,560.8,780.6,429.1,44.03,2127.9,50.0,normal
2025-01-01 14:27,560.6,779.0,429.1,44.50,2109.6,50.0,normal
2025-01-01 14:28,558.8,779.5,429.4,44.26,2098.9,50.0,normal
2025-01-01 14:29,561.4,779.9,429.8,44.46,2103.5,49.5,normal
2025-01-01 14:30,561.1,781.5,430.1,44.34,2070.2,49.0,normal
2025-01-01 14:31,561.7,779.6,431.0,44.26,2094.6,48.7,normal
2025-01-01 14:32,560.0,780.2,430.7,44.04,2064.2,48.4,normal
2025-01-01 14:33,559.5,781.7,431.3,44.53,2031.2,48.1,normal
2025-01-01 14:34,560.1,781.0,430.3,44.42,2035.9,47.9,normal
2025-01-01 14:35,559.3,781.8,430.4,44.06,2009.9,47.7,normal
2025-01-01 14:36,560.3,781.8,431.1,44.44,2033.7,47.6,normal
2025-01-01 14:37,560.3,779.9,430.4,44.15,2018.7,47.5,normal
2025-01-01 14:38,562.6,781.3,429.7,44.07,2035.4,47.4,normal
2025-01-01 14:39,562.5,780.7,430.4,44.38,2001.6,47.3,normal
2025-01-01 14:40,562.5,780.7,430.6,44.72,2012.3,47.3,normal
2025-01-01 14:41,562.6,782.2,430.2,44.52,2016.8,47.2,normal
2025-01-01 14:42,563.1,781.6,430.9,44.35,2040.7,47.2,normal
2025-01-01 14:43,560.2,780.0,430.0,44.73,2017.9,47.2,normal
2025-01-01 14:44,563.1,781.3,432.1,44.20,2001.7,47.1,normal
2025-01-01 14:45,561.9,781.1,431.0,44.71,2007.9,47.1,normal
2025-01-01 14:46,563.4,781.8,431.3,44.33,1999.1,47.1,normal
2025-01-01 14:47,563.0,782.7,432.0,44.66,2014.0,47.1,normal
2025-01-01 14:48,562.3,781.8,430.5,44.65,1997.0,47.1,normal
2025-01-01 14:49,561.7,781.3,432.3,44.54,2020.0,47.0,normal
2025-01-01 14:50,563.7,781.7,430.9,44.58,2028.8,47.0,normal
2025-01-01 14:51,562.9,780.7,430.7,44.45,2014.9,47.0,normal
2025-01-01 14:52,562.8,783.1,430.9,44.17,2002.8,47.0,normal
2025-01-01 14:53,561.5,781.1,432.4,44.54,1986.7,47.0,normal
2025-01-01 14:54,563.2,783.3,432.2,44.34,2033.7,47.0,normal
2025-01-01 14:55,561.2,782.0,431.8,44.67,2034.2,47.0,normal
2025-01-01 14:56,563.6,782.2,432.5,44.19,2030.5,47.0,normal
2025-01-01 14:57,562.4,781.3,431.2,44.35,1992.4,47.0,normal
2025-01-01 14:58,563.6,782.7,432.6,44.56,2036.3,47.0,normal
2025-01-01 14:59,564.0,782.9,431.1,44.82,2034.7,47.0,normal
2025-01-01 15:00,561.8,782.9,431.0,44.74,2024.3,47.0,normal
2025-01-01 15:01,562.3,781.2,430.9,44.85,2006.9,47.0,normal
2025-01-01 15:02,562.2,783.2,432.0,44.57,2030.9,47.0,normal
2025-01-01 15:03,562.2,781.9,432.7,44.33,2024.6,47.0,normal
2025-01-01 15:04,564.5,782.3,432.5,44.54,2015.9,47.0,normal
2025-01-01 15:05,563.5,783.6,432.6,44.62,2030.6,47.0,normal
2025-01-01 15:06,564.3,783.4,432.1,44.50,2019.6,47.0,normal
2025-01-01 15:07,563.7,782.5,432.2,44.51,2015.3,47.0,normal
2025-01-01 15:08,562.8,783.5,431.9,44.59,1990.9,47.0,normal
2025-01-01 15:09,565.4,784.1,433.2,44.41,2019.1,47.0,normal
2025-01-01 15:10,562.8,781.9,431.4,44.82,2019.2,47.0,normal
2025-01-01 15:11,564.4,784.1,432.8,44.81,1988.6,47.0,normal
2025-01-01 15:12,565.2,782.3,432.0,44.36,2011.6,47.0,normal
2025-01-01 15:13,563.2,782.1,432.7,44.91,1993.2,47.0,normal
2025-01-01 15:14,564.8,782.9,433.5,44.41,2027.4,47.0,normal
2025-01-01 15:15,564.3,783.5,433.2,44.88,2007.7,47.0,normal
2025-01-01 15:16,563.9,784.4,432.4,44.74,2001.3,47.0,normal
2025-01-01 15:17,564.3,783.3,433.2,44.67,1990.4,47.0,normal
2025-01-01 15:18,564.3,782.9,432.3,44.44,1997.1,47.0,normal
2025-01-01 15:19,565.6,784.9,433.9,44.88,2038.1,47.0,normal
2025-01-01 15:20,564.9,784.8,433.4,44.55,2036.1,47.0,normal
2025-01-01 15:21,564.3,784.8,432.7,44.56,2005.9,47.0,normal
2025-01-01 15:22,565.8,783.4,432.0,44.43,1989.0,47.0,normal
2025-01-01 15:23,566.7,785.1,433.5,44.44,2035.1,47.0,normal
2025-01-01 15:24,566.3,783.2,433.1,44.56,2026.7,47.0,normal
2025-01-01 15:25,566.9,783.1,433.0,44.91,2032.0,47.0,normal
2025-01-01 15:26,566.9,785.4,432.8,44.65,2028.3,47.0,normal
2025-01-01 15:27,566.3,784.8,433.4,44.45,2033.7,47.0,normal
2025-01-01 15:28,564.7,785.0,432.5,44.62,2025.9,47.0,normal
2025-01-01 15:29,567.0,784.1,432.4,44.52,2016.3,47.0,normal
2025-01-01 15:30,566.0,784.2,432.7,44.71,2001.3,47.0,normal
2025-01-01 15:31,564.3,784.9,433.6,44.55,2023.0,47.0,normal
2025-01-01 15:32,564.8,783.8,433.2,44.33,2042.2,47.0,normal
2025-01-01 15:33,564.8,784.8,433.9,44.80,2037.5,47.0,normal
2025-01-01 15:34,564.8,783.3,432.7,44.50,2042.1,47.0,normal
2025-01-01 15:35,566.5,785.5,434.4,45.02,1999.3,47.0,normal
2025-01-01 15:36,565.7,783.3,432.9,44.53,2017.2,47.0,normal
2025-01-01 15:37,567.0,784.8,434.3,44.63,2002.6,47.0,normal
2025-01-01 15:38,566.6,785.1,434.1,44.47,2023.8,47.0,normal
2025-01-01 15:39,567.2,783.8,433.8,44.50,1995.5,47.0,normal
2025-01-01 15:40,565.2,785.0,434.4,44.50,2016.9,46.8,normal
2025-01-01 15:41,567.8,785.0,433.3,44.45,2008.1,46.7,normal
2025-01-01 15:42,565.5,786.2,432.7,45.01,1989.2,46.6,normal
2025-01-01 15:43,566.8,786.1,434.9,44.72,2007.1,46.5,normal
2025-01-01 15:44,565.1,785.3,433.6,44.38,1991.6,46.4,normal
2025-01-01 15:45,565.8,786.1,433.6,44.58,2010.3,46.3,normal
2025-01-01 15:46,565.4,785.8,434.9,44.55,2011.1,46.2,normal
2025-01-01 15:47,565.3,784.0,435.0,44.56,2003.4,46.2,normal
2025-01-01 15:48,566.1,785.7,433.5,44.45,2011.6,46.2,normal
2025-01-01 15:49,568.3,785.0,435.1,44.87,1970.8,46.1,normal
2025-01-01 15:50,567.7,784.8,434.4,44.62,2011.8,46.1,normal
2025-01-01 15:51,567.2,785.6,434.3,44.63,1974.5,46.1,normal
2025-01-01 15:52,567.0,784.8,434.5,45.02,1958.2,46.1,normal
2025-01-01 15:53,568.2,786.4,433.1,44.70,1961.7,46.1,normal
2025-01-01 15:54,567.4,785.8,433.9,44.56,2003.0,46.1,normal
2025-01-01 15:55,567.0,784.6,434.5,44.79,2004.4,46.0,normal
2025-01-01 15:56,566.9,785.6,434.6,44.87,1986.2,46.0,normal
2025-01-01 15:57,567.5,786.2,434.0,45.03,1993.1,46.0,normal
2025-01-01 15:58,565.6,784.3,435.1,44.45,1994.3,46.0,normal
2025-01-01 15:59,566.6,785.9,434.1,45.10,1989.8,46.0,normal
2025-01-01 16:00,567.5,786.1,433.2,44.97,1983.7,46.0,normal
2025-01-01 16:01,568.3,784.5,433.9,44.99,1999.2,46.0,normal
2025-01-01 16:02,568.5,785.3,435.0,44.64,2002.2,46.0,normal
2025-01-01 16:03,567.7,785.0,434.2,44.72,1961.9,46.0,normal
2025-01-01 16:04,565.8,785.9,434.9,44.55,1998.8,46.0,normal
2025-01-01 16:05,565.9,784.8,433.8,44.76,1972.6,46.0,normal
2025-01-01 16:06,567.2,784.9,434.0,44.75,1958.1,46.0,normal
2025-01-01 16:07,567.1,785.7,433.5,45.12,1957.5,46.0,normal
2025-01-01 16:08,568.3,785.6,433.4,45.01,2008.0,46.0,normal
2025-01-01 16:09,567.7,787.0,434.5,44.81,1974.0,46.0,normal
2025-01-01 16:10,565.9,785.0,434.6,44.90,1997.7,46.0,normal
2025-01-01 16:11,568.1,787.1,434.3,44.58,2002.5,46.0,normal
2025-01-01 16:12,567.1,785.5,433.3,44.95,2009.3,46.0,normal
2025-01-01 16:13,566.5,785.0,435.4,44.95,2002.8,46.0,normal
2025-01-01 16:14,568.7,786.3,433.4,44.62,1971.2,46.0,normal
2025-01-01 16:15,568.3,786.4,433.9,45.18,1975.1,46.0,normal
2025-01-01 16:16,567.4,786.8,434.6,44.50,1960.8,46.0,normal
2025-01-01 16:17,566.2,784.8,435.2,44.55,1982.3,46.0,normal
2025-01-01 16:18,567.5,784.5,434.3,45.02,1982.1,46.0,normal
2025-01-01 16:19,566.7,787.0,435.5,45.19,1978.2,46.0,normal
2025-01-01 16:20,568.8,784.8,433.9,45.02,1992.8,46.0,normal
2025-01-01 16:21,568.6,787.1,433.7,44.82,1977.8,46.0,normal
2025-01-01 16:22,568.0,785.4,434.0,44.58,1996.9,46.0,normal
2025-01-01 16:23,568.6,784.9,433.6,44.90,1969.4,46.0,normal
2025-01-01 16:24,567.6,786.3,435.3,44.76,1980.9,46.0,normal
2025-01-01 16:25,566.5,786.3,433.8,44.54,1971.1,46.0,normal
2025-01-01 16:26,567.7,784.6,435.3,44.71,1982.4,46.0,normal
2025-01-01 16:27,566.8,784.8,433.4,44.78,1968.4,46.0,normal
2025-01-01 16:28,567.4,785.7,433.4,44.54,2008.8,46.0,normal
2025-01-01 16:29,567.2,786.8,434.6,44.78,1975.3,46.0,normal
2025-01-01 16:30,565.9,784.3,434.3,44.77,1973.1,46.0,normal
2025-01-01 16:31,566.2,786.8,435.4,44.78,1986.6,46.0,normal
2025-01-01 16:32,567.8,785.5,434.9,44.78,1981.3,46.0,normal
2025-01-01 16:33,568.4,784.9,433.4,45.17,2011.7,46.0,normal
2025-01-01 16:34,568.6,786.8,434.0,45.21,1965.9,46.0,normal
2025-01-01 16:35,568.1,784.7,433.7,45.00,1973.7,46.0,normal
2025-01-01 16:36,566.7,785.3,433.4,44.97,1971.8,46.0,normal
2025-01-01 16:37,567.2,787.0,434.3,44.73,1983.5,46.0,normal
2025-01-01 16:38,568.6,785.9,434.3,45.20,1983.4,46.0,normal
2025-01-01 16:39,567.0,784.3,433.2,45.09,1994.0,46.0,normal
2025-01-01 16:40,566.5,786.5,434.4,44.61,1983.5,46.0,normal
2025-01-01 16:41,567.0,785.2,433.8,45.10,1976.4,46.0,normal
2025-01-01 16:42,566.5,786.3,433.8,44.92,1980.6,46.0,normal
2025-01-01 16:43,565.5,786.4,433.8,45.14,2007.7,46.0,normal
2025-01-01 16:44,568.0,786.2,433.2,44.92,1982.5,46.0,normal
2025-01-01 16:45,566.3,784.6,434.4,44.73,2009.0,46.0,normal
2025-01-01 16:46,566.2,784.6,434.2,44.73,1993.8,46.0,normal
2025-01-01 16:47,566.1,786.1,435.1,45.04,1962.4,46.0,normal
2025-01-01 16:48,566.0,785.0,434.8,44.60,1992.9,46.0,normal
2025-01-01 16:49,565.9,785.2,433.8,44.93,1994.3,46.5,normal
2025-01-01 16:50,565.6,785.0,434.7,44.89,2017.0,47.0,normal
2025-01-01 16:51,566.1,784.1,434.6,45.23,2059.7,47.3,normal
2025-01-01 16:52,566.2,784.3,434.0,44.66,2060.4,47.6,normal
2025-01-01 16:53,566.9,785.4,434.3,44.87,2033.4,47.9,normal
2025-01-01 16:54,566.0,786.5,434.9,45.10,2083.4,48.1,normal
2025-01-01 16:55,566.4,784.5,433.0,45.18,2053.2,48.3,normal
2025-01-01 16:56,566.4,785.3,433.1,44.67,2071.0,48.4,normal
2025-01-01 16:57,567.5,784.5,432.9,44.77,2054.3,48.5,normal
2025-01-01 16:58,566.9,783.6,433.9,44.94,2098.0,48.6,normal
2025-01-01 16:59,566.3,783.8,433.0,45.28,2086.3,48.7,normal
2025-01-01 17:00,567.7,785.0,433.9,45.31,2076.2,48.7,normal
2025-01-01 17:01,564.9,784.9,434.6,45.01,2082.7,48.8,normal
2025-01-01 17:02,566.7,783.8,433.3,44.92,2092.2,48.8,normal
2025-01-01 17:03,565.5,785.2,433.2,44.98,2102.7,48.8,normal
2025-01-01 17:04,566.8,785.4,432.8,45.16,2089.8,48.9,normal
2025-01-01 17:05,566.7,784.2,434.3,44.90,2080.9,48.9,normal
2025-01-01 17:06,566.8,785.8,433.9,44.88,2077.3,48.9,normal
2025-01-01 17:07,564.7,783.9,432.9,44.80,2108.8,48.9,normal
2025-01-01 17:08,565.0,783.8,432.6,45.09,2095.5,48.9,normal
2025-01-01 17:09,565.1,785.9,432.7,44.95,2105.9,49.0,normal
2025-01-01 17:10,565.9,785.7,432.8,44.91,2120.4,49.0,normal
2025-01-01 17:11,565.6,784.6,432.8,45.11,2118.9,49.0,normal
2025-01-01 17:12,567.0,785.4,434.0,45.18,2105.5,49.0,normal
2025-01-01 17:13,565.9,783.0,434.4,44.72,2085.1,49.0,normal
2025-01-01 17:14,566.2,784.9,433.8,45.31,2104.5,49.0,normal
2025-01-01 17:15,566.2,783.4,434.0,45.17,2077.4,49.0,normal
2025-01-01 17:16,566.8,785.1,432.2,44.81,2101.1,49.0,normal
2025-01-01 17:17,567.0,784.1,432.7,45.01,2083.5,49.0,normal
2025-01-01 17:18,565.4,783.9,433.7,44.83,2101.8,49.0,normal
2025-01-01 17:19,566.0,784.3,432.5,44.88,2121.7,49.0,normal
2025-01-01 17:20,565.1,783.9,432.7,45.32,2089.5,49.0,normal
2025-01-01 17:21,564.7,783.5,432.7,44.70,2101.3,49.0,normal
2025-01-01 17:22,565.2,782.6,433.9,44.92,2085.5,49.0,normal
2025-01-01 17:23,563.7,783.5,432.0,45.16,2089.4,49.0,normal
2025-01-01 17:24,563.9,782.9,434.0,45.02,2085.0,49.0,normal
2025-01-01 17:25,566.4,784.8,432.4,45.08,2111.1,49.0,normal
2025-01-01 17:26,564.6,784.8,433.7,44.72,2092.8,49.0,normal
2025-01-01 17:27,565.3,783.4,432.8,44.88,2096.4,49.0,normal
2025-01-01 17:28,566.1,784.4,433.8,44.87,2116.6,49.0,normal
2025-01-01 17:29,565.1,782.3,432.8,45.00,2104.4,49.0,normal
2025-01-01 17:30,564.6,782.5,432.4,44.85,2103.2,49.0,normal
2025-01-01 17:31,563.5,784.5,433.3,45.02,2090.5,49.0,normal
2025-01-01 17:32,564.8,783.9,432.8,44.90,2091.1,49.0,normal
2025-01-01 17:33,563.2,782.1,433.0,45.20,2118.2,49.0,normal
2025-01-01 17:34,564.7,783.6,432.6,45.38,2075.0,49.0,normal
2025-01-01 17:35,564.2,783.5,433.2,45.16,2126.2,49.0,normal
2025-01-01 17:36,565.4,783.8,431.9,45.37,2076.3,49.0,normal
2025-01-01 17:37,564.5,783.8,433.0,45.12,2122.7,49.0,normal
2025-01-01 17:38,564.4,783.9,431.8,44.79,2074.3,49.0,normal
2025-01-01 17:39,562.6,782.5,432.5,45.07,2099.1,49.0,normal
2025-01-01 17:40,563.0,783.5,431.7,44.76,2082.8,49.0,normal
2025-01-01 17:41,562.4,782.3,432.3,45.28,2098.0,49.0,normal
2025-01-01 17:42,562.7,783.6,431.5,45.18,2086.1,49.0,normal
2025-01-01 17:43,564.5,783.2,432.5,44.80,2108.4,49.0,normal
2025-01-01 17:44,563.3,781.5,432.8,45.23,2112.2,49.0,normal
2025-01-01 17:45,562.0,783.0,431.6,45.12,2120.9,49.0,normal
2025-01-01 17:46,563.2,783.1,431.2,45.10,2096.5,49.0,normal
2025-01-01 17:47,564.4,781.2,432.4,45.09,2113.9,49.0,normal
2025-01-01 17:48,564.4,782.4,431.2,44.96,2073.4,49.0,normal
2025-01-01 17:49,562.0,781.8,432.6,45.34,2087.4,49.0,normal
2025-01-01 17:50,564.2,782.8,432.5,44.90,2094.4,49.0,normal
2025-01-01 17:51,564.4,781.3,431.2,44.94,2086.8,49.0,normal
2025-01-01 17:52,562.6,782.8,431.5,45.16,2102.7,48.5,normal
2025-01-01 17:53,561.7,781.5,432.0,45.33,2043.3,48.0,normal
2025-01-01 17:54,562.1,782.6,430.7,44.79,2061.0,47.7,normal
2025-01-01 17:55,563.9,781.2,430.4,44.87,2054.6,47.4,normal
2025-01-01 17:56,562.0,783.2,431.4,44.85,2014.3,47.1,normal
2025-01-01 17:57,562.5,781.4,431.7,45.04,2047.0,46.9,normal
2025-01-01 17:58,563.0,781.6,431.6,44.88,1995.2,46.7,normal
2025-01-01 17:59,563.7,782.7,430.7,44.99,2014.1,46.6,normal
2025-01-01 18:00,563.1,780.8,431.3,45.42,1988.6,46.5,normal
2025-01-01 18:01,563.4,780.3,430.6,44.91,1980.6,46.4,normal
2025-01-01 18:02,563.3,780.8,431.0,45.32,2014.2,46.3,normal
2025-01-01 18:03,561.9,782.4,430.7,44.99,2028.0,46.3,normal
2025-01-01 18:04,562.0,782.3,430.7,44.95,2002.9,46.2,normal
2025-01-01 18:05,560.5,780.4,430.1,45.18,2017.8,46.2,normal
2025-01-01 18:06,563.4,781.1,432.1,44.93,2017.9,46.2,normal
2025-01-01 18:07,562.0,781.1,430.2,44.87,1985.5,46.1,normal
2025-01-01 18:08,562.0,780.3,430.7,44.87,1999.6,46.1,normal
2025-01-01 18:09,562.9,781.2,431.9,45.10,1970.5,46.1,normal
2025-01-01 18:10,561.9,780.9,429.8,44.82,2000.1,46.1,normal
2025-01-01 18:11,560.1,781.9,430.9,45.39,2014.6,46.1,normal
2025-01-01 18:12,562.6,779.8,430.6,45.49,2016.8,46.0,normal
2025-01-01 18:13,560.5,780.7,430.7,45.36,2003.1,46.0,normal
2025-01-01 18:14,560.2,780.4,431.0,45.42,1988.9,46.0,normal
2025-01-01 18:15,561.2,781.4,430.4,45.38,1981.5,46.0,normal
2025-01-01 18:16,561.0,780.7,430.6,45.10,2018.5,46.0,normal
2025-01-01 18:17,560.4,781.3,430.4,45.15,1998.8,46.0,normal
2025-01-01 18:18,562.4,781.5,430.9,45.46,1999.1,46.0,normal
2025-01-01 18:19,560.2,780.9,430.8,45.10,1967.7,46.0,normal
2025-01-01 18:20,560.3,780.6,431.1,45.49,1982.1,46.0,normal
2025-01-01 18:21,560.2,779.3,430.9,45.07,1992.8,46.0,normal
2025-01-01 18:22,560.2,781.3,429.7,44.97,1966.2,46.0,normal
2025-01-01 18:23,560.6,779.6,429.8,45.27,1984.7,46.0,normal
2025-01-01 18:24,560.3,780.9,430.6,44.98,1999.6,46.0,normal
2025-01-01 18:25,562.1,781.1,431.1,45.10,1966.7,46.0,normal
2025-01-01 18:26,560.2,780.9,429.7,45.16,1995.9,46.0,normal
2025-01-01 18:27,561.3,781.4,431.0,45.25,1975.2,46.0,normal
2025-01-01 18:28,559.3,780.5,430.4,45.14,1983.6,46.0,normal
2025-01-01 18:29,560.0,778.9,430.1,45.30,1977.1,46.0,normal
2025-01-01 18:30,559.3,779.7,429.6,45.36,2015.2,46.0,normal
2025-01-01 18:31,561.0,781.0,429.5,45.03,2016.1,46.0,normal
2025-01-01 18:32,558.6,781.0,429.7,45.45,1987.6,46.0,normal
2025-01-01 18:33,559.2,780.6,429.2,44.98,1993.4,46.0,normal
2025-01-01 18:34,559.1,780.5,429.6,45.49,1995.4,46.0,normal
2025-01-01 18:35,561.1,779.0,429.9,45.31,1982.4,46.0,normal
2025-01-01 18:36,561.4,778.3,429.2,45.13,1994.0,46.0,normal
2025-01-01 18:37,559.9,780.1,430.7,45.22,2000.2,46.0,normal
2025-01-01 18:38,559.0,779.2,430.4,44.89,1981.0,46.0,normal
2025-01-01 18:39,561.1,778.5,429.6,44.96,2001.7,46.0,normal
2025-01-01 18:40,560.8,780.2,428.7,44.83,1976.8,46.0,normal
2025-01-01 18:41,559.7,779.9,429.1,45.01,2003.2,46.0,normal
2025-01-01 18:42,558.3,780.0,430.5,45.32,1989.7,46.0,normal
2025-01-01 18:43,558.3,779.0,428.8,45.43,1988.9,46.0,normal
2025-01-01 18:44,558.0,778.6,428.8,44.85,1990.5,46.0,normal
2025-01-01 18:45,558.4,780.4,428.9,45.23,1973.6,46.0,normal
2025-01-01 18:46,559.8,779.4,428.4,45.28,2003.8,46.0,normal
2025-01-01 18:47,559.4,780.5,430.3,45.02,1985.0,46.0,normal
2025-01-01 18:48,560.9,777.9,429.2,45.41,2000.4,46.0,normal
2025-01-01 18:49,559.2,779.7,428.9,45.32,1989.6,46.0,normal
2025-01-01 18:50,559.7,777.9,429.7,45.22,1995.0,46.0,normal
2025-01-01 18:51,557.9,779.9,428.5,45.23,1992.2,46.0,normal
2025-01-01 18:52,560.1,777.9,428.7,45.38,2018.0,46.0,normal
2025-01-01 18:53,559.0,777.7,430.4,45.29,1982.4,46.0,normal
2025-01-01 18:54,558.0,779.5,428.7,45.15,1993.5,46.0,normal
2025-01-01 18:55,558.3,779.5,429.6,44.87,2000.7,46.0,normal
2025-01-01 18:56,559.6,777.9,429.5,45.07,1971.9,46.0,normal
2025-01-01 18:57,557.7,777.5,429.6,45.20,1971.6,46.0,normal
2025-01-01 18:58,559.4,779.0,428.5,45.34,1986.9,46.0,normal
2025-01-01 18:59,557.7,779.8,429.6,45.38,1988.5,46.0,normal
2025-01-01 19:00,557.5,778.1,429.3,44.91,1966.4,46.0,normal
2025-01-01 19:01,557.5,777.5,428.3,44.89,1994.7,46.0,normal
2025-01-01 19:02,558.5,778.1,429.5,44.98,1983.9,46.0,normal
2025-01-01 19:03,557.6,778.0,430.0,44.91,1978.2,46.0,normal
2025-01-01 19:04,558.5,777.4,429.4,45.46,1966.0,46.0,normal
2025-01-01 19:05,558.6,777.6,428.3,44.92,1988.3,46.0,normal
2025-01-01 19:06,558.6,778.2,428.1,45.32,1980.4,46.0,normal
2025-01-01 19:07,560.2,778.0,428.7,45.28,1971.2,46.0,normal
2025-01-01 19:08,557.7,778.9,429.3,45.04,1974.9,46.0,normal
2025-01-01 19:09,558.9,779.6,428.7,45.00,1966.8,46.0,normal
2025-01-01 19:10,558.7,778.9,428.3,45.43,1967.8,46.0,normal
2025-01-01 19:11,557.5,777.4,428.2,45.12,2009.6,46.0,normal
2025-01-01 19:12,559.5,778.8,430.0,44.95,1968.7,46.0,normal
2025-01-01 19:13,557.9,779.7,430.0,45.51,1992.2,46.0,normal
2025-01-01 19:14,559.4,779.8,428.3,45.39,1990.8,46.0,normal
2025-01-01 19:15,557.2,778.6,428.8,45.18,1993.5,46.0,normal
2025-01-01 19:16,558.1,778.8,429.7,45.32,1992.2,46.0,normal
2025-01-01 19:17,558.1,778.5,428.4,45.38,1974.2,46.0,normal
2025-01-01 19:18,558.5,778.8,428.1,45.27,1989.3,46.0,normal
2025-01-01 19:19,558.4,779.3,430.0,44.95,2010.5,46.0,normal
2025-01-01 19:20,559.0,777.5,428.3,45.51,1969.7,46.0,restriction
2025-01-01 19:21,557.5,779.4,429.2,45.51,1981.0,46.0,restriction
2025-01-01 19:22,558.2,777.6,428.1,45.51,1987.5,46.0,restriction
2025-01-01 19:23,557.6,779.5,427.3,45.05,1962.9,46.0,restriction
2025-01-01 19:24,557.6,777.5,428.0,45.07,1988.9,46.0,restriction
2025-01-01 19:25,559.6,779.6,427.6,45.23,1978.5,46.0,restriction
2025-01-01 19:26,559.0,777.9,428.8,45.29,1967.4,46.0,restriction
2025-01-01 19:27,557.6,779.7,426.6,45.47,1991.1,46.0,restriction
2025-01-01 19:28,559.7,778.7,427.9,45.33,1996.2,46.0,restriction
2025-01-01 19:29,557.8,778.2,426.4,44.92,1973.8,46.0,restriction
2025-01-01 19:30,559.5,777.5,427.4,45.09,1973.3,46.0,restriction
2025-01-01 19:31,557.9,779.6,425.9,45.48,2001.6,46.0,restriction
2025-01-01 19:32,558.4,779.6,427.5,45.41,1981.6,46.0,restriction
2025-01-01 19:33,557.9,777.6,425.4,45.31,1966.4,46.0,restriction
2025-01-01 19:34,559.9,779.0,425.3,45.14,1948.3,46.0,restriction
2025-01-01 19:35,558.9,778.4,425.4,45.57,1968.2,46.0,restriction
2025-01-01 19:36,559.3,779.1,425.2,45.29,1968.9,46.0,restriction
2025-01-01 19:37,557.8,777.8,426.4,45.00,1987.8,46.0,restriction
2025-01-01 19:38,558.0,777.3,426.2,45.15,1959.3,46.0,restriction
2025-01-01 19:39,558.6,779.5,424.6,45.56,1977.7,46.0,restriction
2025-01-01 19:40,558.7,777.5,425.9,45.57,1981.5,46.0,restriction
2025-01-01 19:41,558.9,778.0,424.2,45.35,1966.1,46.0,restriction
2025-01-01 19:42,559.7,778.6,425.0,45.42,1961.2,46.0,restriction
2025-01-01 19:43,560.6,778.8,424.9,45.36,1983.3,46.0,restriction
2025-01-01 19:44,560.7,778.4,424.0,45.43,1973.7,46.0,restriction
2025-01-01 19:45,559.5,779.9,424.7,45.70,1947.7,46.0,restriction
2025-01-01 19:46,559.7,779.6,424.1,45.21,1932.1,46.0,restriction
2025-01-01 19:47,560.9,779.0,423.7,45.49,1951.3,46.0,restriction
2025-01-01 19:48,558.6,779.7,423.3,45.11,1946.9,46.0,restriction
2025-01-01 19:49,559.6,778.2,423.3,45.25,1979.9,46.0,restriction
2025-01-01 19:50,558.8,777.6,423.3,45.55,1974.8,46.0,restriction
2025-01-01 19:51,560.9,780.1,423.4,45.35,1932.9,46.0,restriction
2025-01-01 19:52,558.9,778.2,421.9,45.10,1931.5,46.0,restriction
2025-01-01 19:53,561.9,778.7,422.7,45.66,1968.2,46.0,restriction
2025-01-01 19:54,561.0,780.0,423.4,45.55,1940.6,46.0,restriction
2025-01-01 19:55,559.2,778.8,423.0,45.37,1962.8,46.0,restriction
2025-01-01 19:56,559.2,780.2,423.0,45.49,1922.1,46.0,restriction
2025-01-01 19:57,562.2,777.9,421.3,45.73,1959.3,46.0,restriction
2025-01-01 19:58,562.2,780.0,422.3,45.57,1917.3,46.0,restriction
2025-01-01 19:59,561.2,778.1,422.3,45.58,1922.7,46.0,restriction
2025-01-01 20:00,562.0,779.8,422.1,45.43,1947.1,46.0,restriction
2025-01-01 20:01,560.3,777.9,422.0,45.52,1912.2,46.0,restriction
2025-01-01 20:02,559.8,778.2,421.0,45.30,1925.7,46.0,restriction
2025-01-01 20:03,560.9,778.1,421.2,45.41,1955.9,46.0,restriction
2025-01-01 20:04,560.6,779.3,419.4,45.69,1956.2,46.0,restriction
2025-01-01 20:05,562.9,780.5,419.9,45.51,1944.0,46.0,restriction
2025-01-01 20:06,562.7,779.7,420.7,45.50,1936.1,46.0,restriction
2025-01-01 20:07,562.1,779.9,420.6,45.45,1910.3,46.0,restriction
2025-01-01 20:08,561.7,778.6,419.9,45.32,1903.1,46.0,restriction
2025-01-01 20:09,561.1,779.3,418.6,45.81,1948.9,46.0,restriction
2025-01-01 20:10,561.9,778.3,420.3,45.80,1929.1,46.0,restriction
2025-01-01 20:11,563.3,778.6,419.3,45.76,1912.4,46.0,restriction
2025-01-01 20:12,563.8,781.0,418.7,45.33,1942.1,46.0,restriction
2025-01-01 20:13,563.6,780.8,418.6,45.43,1933.2,46.0,restriction
2025-01-01 20:14,561.4,780.7,418.4,45.80,1928.5,46.0,restriction
2025-01-01 20:15,562.1,779.6,419.0,45.73,1920.5,46.0,restriction
2025-01-01 20:16,562.0,781.0,419.0,45.80,1913.2,46.0,restriction
2025-01-01 20:17,563.8,780.7,417.9,45.37,1913.0,46.0,restriction
2025-01-01 20:18,563.1,779.5,417.2,45.43,1926.8,46.0,restriction
2025-01-01 20:19,562.1,779.8,418.5,45.95,1928.9,46.0,restriction
2025-01-01 20:20,562.1,780.4,418.5,45.67,1915.5,46.0,restriction
2025-01-01 20:21,561.8,778.8,416.6,45.48,1927.5,46.0,restriction
2025-01-01 20:22,562.5,780.0,418.3,45.81,1901.3,46.0,restriction
2025-01-01 20:23,562.9,781.5,417.9,45.40,1913.7,46.0,restriction
2025-01-01 20:24,562.9,780.3,417.0,45.81,1926.6,46.0,restriction
2025-01-01 20:25,563.7,779.4,416.4,45.69,1923.2,46.0,restriction
2025-01-01 20:26,563.9,781.0,416.9,45.71,1883.1,46.0,restriction
2025-01-01 20:27,563.3,780.3,415.9,45.97,1911.1,46.0,restriction
2025-01-01 20:28,562.6,779.4,415.9,45.61,1884.9,46.0,restriction
2025-01-01 20:29,564.4,781.8,416.2,45.79,1889.1,46.0,restriction
2025-01-01 20:30,563.5,780.9,415.4,46.02,1906.0,46.0,restriction
2025-01-01 20:31,564.2,781.7,416.7,45.72,1887.0,46.0,restriction
2025-01-01 20:32,564.8,781.2,416.8,46.05,1908.2,46.0,restriction
2025-01-01 20:33,563.8,781.3,415.9,45.41,1872.1,46.0,restriction
2025-01-01 20:34,566.1,780.3,415.8,45.86,1906.5,46.0,restriction
2025-01-01 20:35,564.5,781.2,414.3,45.60,1892.1,46.0,restriction
2025-01-01 20:36,563.7,781.5,415.8,45.52,1897.4,46.0,restriction
2025-01-01 20:37,565.2,779.9,415.1,45.81,1883.4,46.0,restriction
2025-01-01 20:38,566.6,779.9,415.5,45.74,1868.1,46.0,restriction
2025-01-01 20:39,566.0,780.2,415.5,45.78,1897.1,46.0,restriction
2025-01-01 20:40,565.5,781.4,414.3,45.94,1903.9,46.0,restriction
2025-01-01 20:41,565.5,781.0,414.6,45.65,1875.7,46.0,restriction
2025-01-01 20:42,565.1,780.5,415.2,46.13,1902.9,46.0,restriction
2025-01-01 20:43,565.7,781.5,413.7,45.48,1866.8,46.0,restriction
2025-01-01 20:44,565.6,781.9,413.0,46.01,1890.6,46.0,restriction
2025-01-01 20:45,565.7,780.5,413.0,45.79,1898.2,46.0,restriction
2025-01-01 20:46,567.2,780.8,413.6,45.65,1866.7,46.0,restriction
2025-01-01 20:47,565.3,780.3,413.7,45.75,1864.7,46.0,restriction
2025-01-01 20:48,566.6,781.6,412.2,45.72,1897.4,46.0,restriction
2025-01-01 20:49,565.9,782.6,412.3,45.93,1897.6,46.0,restriction
2025-01-01 20:50,565.2,782.8,412.9,46.04,1851.2,46.0,restriction
2025-01-01 20:51,566.3,782.1,411.9,45.61,1882.5,46.0,restriction
2025-01-01 20:52,567.2,782.2,412.3,45.91,1877.7,46.0,restriction
2025-01-01 20:53,565.8,780.8,412.1,46.17,1879.1,46.0,restriction
2025-01-01 20:54,565.4,783.2,413.2,45.75,1879.8,46.0,restriction
2025-01-01 20:55,566.5,782.5,412.4,45.57,1869.0,46.0,restriction
2025-01-01 20:56,568.2,781.1,411.3,45.79,1861.2,46.0,restriction
2025-01-01 20:57,565.7,782.1,411.8,45.96,1870.8,46.0,restriction
2025-01-01 20:58,566.6,783.6,411.5,46.03,1877.2,46.0,restriction
2025-01-01 20:59,567.4,782.5,411.5,45.68,1859.9,46.0,restriction
2025-01-01 21:00,567.6,781.1,411.1,45.81,1871.8,46.0,restriction
2025-01-01 21:01,566.9,782.4,412.0,45.71,1850.8,46.0,restriction
2025-01-01 21:02,567.8,783.2,411.1,45.98,1852.4,46.0,restriction
2025-01-01 21:03,569.2,781.4,411.4,45.99,1848.2,46.0,restriction
2025-01-01 21:04,568.8,783.8,410.8,45.63,1865.8,46.0,restriction
2025-01-01 21:05,568.1,781.7,410.1,46.07,1864.8,46.0,restriction
2025-01-01 21:06,570.0,783.9,409.7,45.67,1844.9,46.0,restriction
2025-01-01 21:07,568.9,784.1,410.4,46.03,1847.9,46.0,restriction
2025-01-01 21:08,570.1,782.0,409.6,45.93,1870.1,46.0,restriction
2025-01-01 21:09,568.9,782.9,410.6,46.15,1843.4,46.0,restriction
2025-01-01 21:10,568.9,783.9,408.9,45.96,1818.8,46.0,restriction
2025-01-01 21:11,568.9,784.1,410.1,46.29,1847.3,46.0,restriction
2025-01-01 21:12,570.1,784.0,409.6,45.65,1824.8,46.0,restriction
2025-01-01 21:13,569.6,782.0,408.8,45.88,1848.1,46.0,restriction
2025-01-01 21:14,568.9,784.3,409.4,46.31,1826.2,46.0,restriction
2025-01-01 21:15,570.4,783.5,409.6,45.94,1829.6,46.0,restriction
2025-01-01 21:16,570.8,782.8,407.9,45.75,1852.1,46.0,restriction
2025-01-01 21:17,569.0,784.6,407.4,46.31,1818.7,46.0,restriction
2025-01-01 21:18,570.4,782.4,408.0,45.69,1818.1,46.0,restriction
2025-01-01 21:19,570.7,782.5,408.8,46.03,1819.9,46.0,restriction
2025-01-01 21:20,570.5,782.7,407.3,46.22,1813.7,46.0,restriction
2025-01-01 21:21,570.3,783.8,407.0,45.92,1819.0,46.0,restriction
2025-01-01 21:22,570.5,782.4,407.3,46.39,1822.7,46.0,restriction
2025-01-01 21:23,571.0,782.7,408.1,46.03,1848.8,46.0,restriction
2025-01-01 21:24,569.3,783.7,407.7,46.21,1818.2,46.0,restriction
2025-01-01 21:25,569.4,783.5,406.1,45.83,1827.9,46.0,restriction
2025-01-01 21:26,569.4,785.0,406.7,46.16,1825.8,46.0,restriction
2025-01-01 21:27,569.8,783.8,406.9,46.26,1843.7,46.0,restriction
2025-01-01 21:28,569.8,784.3,406.4,45.74,1824.8,46.0,restriction
2025-01-01 21:29,572.4,784.5,407.4,45.91,1838.9,46.0,restriction
2025-01-01 21:30,569.7,783.9,405.5,46.42,1816.1,46.0,restriction
2025-01-01 21:31,570.2,783.9,406.4,46.36,1810.8,46.0,restriction
2025-01-01 21:32,572.1,785.2,407.0,46.20,1823.0,46.0,restriction
2025-01-01 21:33,572.3,784.7,405.9,46.07,1834.0,46.0,restriction
2025-01-01 21:34,571.7,785.2,404.6,45.76,1790.0,46.0,restriction
2025-01-01 21:35,572.6,785.4,405.7,46.27,1812.2,46.0,restriction
2025-01-01 21:36,572.6,785.6,406.4,46.13,1826.8,46.0,restriction
2025-01-01 21:37,571.5,783.3,405.5,45.91,1809.1,46.0,restriction
2025-01-01 21:38,572.0,784.1,404.2,45.80,1810.2,46.0,restriction
2025-01-01 21:39,570.4,784.3,405.4,45.98,1781.4,46.0,restriction
2025-01-01 21:40,572.2,785.2,405.1,45.97,1823.4,46.0,restriction
2025-01-01 21:41,572.6,784.3,404.8,46.32,1792.3,46.0,restriction
2025-01-01 21:42,570.8,785.4,404.2,46.49,1819.1,46.0,restriction
2025-01-01 21:43,570.8,785.1,404.2,45.89,1819.9,46.0,restriction
2025-01-01 21:44,572.5,784.8,403.6,46.31,1794.2,46.0,restriction
2025-01-01 21:45,571.8,783.8,402.9,46.27,1792.9,46.0,restriction
2025-01-01 21:46,573.9,785.7,402.8,46.05,1815.0,46.0,restriction
2025-01-01 21:47,572.9,786.3,402.4,46.04,1773.6,46.0,restriction
2025-01-01 21:48,573.3,785.8,403.6,45.92,1804.0,46.0,restriction
2025-01-01 21:49,572.9,785.7,403.6,46.53,1776.7,46.0,restriction
2025-01-01 21:50,572.3,784.8,402.7,46.53,1766.1,46.0,restriction
2025-01-01 21:51,573.7,785.5,402.0,46.02,1767.8,46.0,restriction
2025-01-01 21:52,572.5,784.1,401.8,45.92,1805.3,46.0,restriction
2025-01-01 21:53,571.9,783.9,401.8,46.51,1776.6,46.0,restriction
2025-01-01 21:54,573.2,785.5,401.4,46.21,1799.3,46.0,restriction
2025-01-01 21:55,572.1,785.5,401.2,46.17,1768.6,46.0,restriction
2025-01-01 21:56,574.5,784.9,402.1,46.42,1778.1,46.0,restriction
2025-01-01 21:57,573.8,784.2,402.0,46.18,1776.4,46.0,restriction
2025-01-01 21:58,573.9,784.4,401.2,46.24,1790.0,46.0,restriction
2025-01-01 21:59,574.1,786.5,400.3,45.99,1771.8,46.0,restriction
2025-01-01 22:00,572.8,786.6,400.5,46.51,1774.1,46.0,restriction
2025-01-01 22:01,575.2,784.0,400.4,46.43,1790.8,46.0,restriction
2025-01-01 22:02,574.6,784.4,401.4,46.47,1792.5,46.0,restriction
2025-01-01 22:03,573.2,786.0,400.4,45.92,1787.2,46.0,restriction
2025-01-01 22:04,573.1,785.4,400.4,46.32,1761.5,46.0,restriction
2025-01-01 22:05,573.9,786.7,400.5,46.61,1766.5,46.0,restriction
2025-01-01 22:06,575.8,785.8,401.0,46.01,1785.6,46.0,restriction
2025-01-01 22:07,574.2,786.5,399.0,46.62,1773.7,46.0,restriction
2025-01-01 22:08,575.8,786.4,400.4,46.54,1749.1,46.0,restriction
2025-01-01 22:09,574.7,786.2,400.1,46.28,1779.2,46.0,restriction
2025-01-01 22:10,574.2,785.5,398.7,46.48,1777.8,46.0,restriction
2025-01-01 22:11,574.1,784.3,397.9,46.36,1764.5,46.0,restriction
2025-01-01 22:12,573.7,784.4,397.8,46.20,1734.8,46.0,restriction
2025-01-01 22:13,575.6,785.5,399.2,46.39,1740.2,46.0,restriction
2025-01-01 22:14,574.5,786.5,398.7,45.97,1765.3,46.0,restriction
2025-01-01 22:15,576.3,784.7,398.1,46.37,1762.8,46.0,restriction
2025-01-01 22:16,576.1,784.5,398.9,46.35,1750.3,46.0,restriction
2025-01-01 22:17,575.9,786.0,398.3,46.49,1753.4,46.0,restriction
2025-01-01 22:18,575.8,784.9,398.4,46.55,1772.4,46.0,restriction
2025-01-01 22:19,575.8,784.5,396.8,46.38,1743.4,46.0,restriction
2025-01-01 22:20,576.7,786.2,398.0,46.33,1748.2,46.0,restriction
2025-01-01 22:21,574.2,784.8,396.9,46.57,1731.9,46.0,restriction
2025-01-01 22:22,574.3,785.4,396.2,46.31,1726.7,46.0,restriction
2025-01-01 22:23,576.6,786.1,396.6,46.33,1746.6,46.0,restriction
2025-01-01 22:24,576.8,786.3,397.0,46.67,1741.8,46.0,restriction
2025-01-01 22:25,575.7,785.2,396.2,46.66,1754.8,46.0,restriction
2025-01-01 22:26,575.3,786.3,395.1,46.21,1731.5,46.0,restriction
2025-01-01 22:27,574.7,786.6,395.3,46.44,1747.6,46.0,restriction
2025-01-01 22:28,574.7,784.5,396.5,46.46,1755.2,46.0,restriction
2025-01-01 22:29,574.1,784.9,396.2,46.51,1746.3,46.0,restriction
2025-01-01 22:30,575.1,786.4,396.0,46.13,1725.9,46.0,restriction
2025-01-01 22:31,574.7,784.9,393.9,46.44,1748.7,46.0,restriction
2025-01-01 22:32,575.3,785.1,394.4,46.12,1707.1,46.0,restriction
2025-01-01 22:33,576.1,784.5,395.4,46.38,1728.4,46.0,restriction
2025-01-01 22:34,574.9,784.6,394.4,46.17,1730.7,46.0,restriction
2025-01-01 22:35,575.7,786.2,395.0,46.59,1703.6,46.0,restriction
2025-01-01 22:36,574.2,784.8,392.8,46.40,1739.2,46.0,restriction
2025-01-01 22:37,577.0,785.7,392.8,46.16,1706.3,46.0,restriction
2025-01-01 22:38,576.2,785.8,392.3,46.20,1702.8,46.0,restriction
2025-01-01 22:39,575.2,786.5,394.0,46.38,1714.6,46.0,restriction
2025-01-01 22:40,575.9,785.6,392.2,46.37,1701.0,46.0,restriction
2025-01-01 22:41,576.9,784.2,393.7,46.20,1694.7,46.0,restriction
2025-01-01 22:42,575.7,785.8,392.4,46.42,1695.8,46.0,restriction
2025-01-01 22:43,577.5,784.7,391.4,46.65,1718.9,46.0,restriction
2025-01-01 22:44,577.5,785.7,391.8,46.40,1723.4,46.0,restriction
2025-01-01 22:45,575.1,784.9,392.2,46.12,1714.4,46.0,restriction
2025-01-01 22:46,575.2,786.1,391.3,46.44,1700.3,46.0,restriction
2025-01-01 22:47,576.1,784.4,392.4,46.60,1721.2,46.0,restriction
2025-01-01 22:48,575.6,785.2,392.2,46.24,1709.4,46.0,restriction
2025-01-01 22:49,574.4,786.1,390.4,46.38,1692.4,46.0,restriction
2025-01-01 22:50,575.2,786.3,389.6,46.17,1724.9,46.0,restriction
2025-01-01 22:51,576.0,784.8,390.8,46.26,1692.7,46.0,restriction
2025-01-01 22:52,575.5,785.6,390.5,46.50,1722.3,46.0,restriction
2025-01-01 22:53,576.2,784.4,389.5,46.17,1687.8,46.0,restriction
2025-01-01 22:54,576.4,785.0,389.5,46.24,1721.2,46.0,restriction
2025-01-01 22:55,576.2,786.4,389.0,46.71,1714.9,46.0,restriction
2025-01-01 22:56,575.3,785.0,390.4,46.77,1701.3,46.0,restriction
2025-01-01 22:57,576.5,783.9,389.7,46.62,1698.9,46.0,restriction
2025-01-01 22:58,576.1,786.4,388.2,46.16,1682.6,46.0,restriction
2025-01-01 22:59,577.5,785.1,387.9,46.55,1695.0,46.0,restriction
2025-01-01 23:00,577.4,784.8,388.9,46.40,1670.0,46.0,restriction
2025-01-01 23:01,576.2,783.9,387.9,46.28,1683.9,46.0,restriction
2025-01-01 23:02,576.9,785.3,388.7,46.35,1669.7,46.0,restriction
2025-01-01 23:03,575.1,786.0,388.1,46.45,1693.1,46.0,restriction
2025-01-01 23:04,576.4,784.2,387.5,46.18,1703.9,46.0,restriction
2025-01-01 23:05,576.8,785.0,388.0,46.28,1680.1,46.0,restriction
2025-01-01 23:06,577.4,786.1,385.9,46.59,1659.3,46.0,restriction
2025-01-01 23:07,576.0,785.0,386.7,46.35,1668.1,46.0,restriction
2025-01-01 23:08,575.5,785.5,387.5,46.59,1681.5,46.0,restriction
2025-01-01 23:09,576.4,784.2,385.3,46.55,1690.3,46.0,restriction
2025-01-01 23:10,575.7,785.5,385.9,46.28,1668.9,46.0,restriction
2025-01-01 23:11,576.2,784.0,386.0,46.64,1663.4,46.0,restriction
2025-01-01 23:12,577.5,783.2,384.5,46.63,1690.5,46.0,restriction
2025-01-01 23:13,574.4,785.0,385.4,46.46,1661.1,46.0,restriction
2025-01-01 23:14,575.1,784.2,384.4,46.64,1683.0,46.0,restriction
2025-01-01 23:15,576.2,783.9,384.2,46.38,1669.2,46.0,restriction
2025-01-01 23:16,577.1,783.8,384.3,46.30,1665.9,46.0,restriction
2025-01-01 23:17,575.5,785.3,383.8,46.39,1663.9,46.0,restriction
2025-01-01 23:18,575.1,783.5,384.8,46.33,1671.1,46.0,restriction
2025-01-01 23:19,574.5,785.2,383.8,46.51,1660.4,46.0,restriction
2025-01-01 23:20,576.4,783.1,384.5,46.78,1654.9,46.0,restriction
2025-01-01 23:21,574.5,784.8,383.9,46.58,1652.7,46.0,restriction
2025-01-01 23:22,574.3,785.1,383.6,46.29,1661.1,46.0,restriction
2025-01-01 23:23,575.9,783.5,383.7,46.88,1648.5,46.0,restriction
2025-01-01 23:24,575.1,784.8,382.1,46.63,1652.0,46.0,restriction
2025-01-01 23:25,574.6,784.5,382.3,46.84,1669.1,46.0,restriction
2025-01-01 23:26,574.4,782.8,381.1,46.86,1674.5,46.0,restriction
2025-01-01 23:27,574.4,783.3,382.4,46.58,1629.5,46.0,restriction
2025-01-01 23:28,575.4,784.2,381.7,46.94,1643.6,46.0,restriction
2025-01-01 23:29,576.7,783.3,380.6,46.96,1655.8,46.0,restriction
2025-01-01 23:30,576.3,782.3,380.7,46.89,1656.7,46.0,restriction
2025-01-01 23:31,574.8,784.0,381.6,46.76,1624.0,46.0,restriction
2025-01-01 23:32,576.0,783.6,379.9,46.48,1653.2,46.0,restriction
2025-01-01 23:33,576.0,782.1,379.6,46.37,1640.5,46.0,restriction
2025-01-01 23:34,576.7,783.8,379.5,46.80,1635.4,46.0,restriction
2025-01-01 23:35,574.9,783.1,380.5,46.76,1624.8,46.0,restriction
2025-01-01 23:36,574.1,783.4,378.9,46.39,1617.7,46.0,restriction
2025-01-01 23:37,574.9,782.8,378.5,46.43,1649.8,46.0,restriction
2025-01-01 23:38,574.2,784.0,378.1,46.48,1642.3,46.0,restriction
2025-01-01 23:39,576.1,781.6,378.0,46.76,1626.3,46.0,restriction
2025-01-01 23:40,574.8,783.0,378.3,46.47,1615.8,46.0,restriction
2025-01-01 23:41,573.4,783.7,378.2,46.72,1629.9,46.0,restriction
2025-01-01 23:42,575.7,782.4,376.9,46.38,1651.4,46.0,restriction
2025-01-01 23:43,574.0,782.5,378.1,46.59,1635.4,46.0,restriction
2025-01-01 23:44,576.2,782.6,377.3,46.59,1627.5,46.0,restriction
2025-01-01 23:45,575.3,782.1,377.0,46.61,1645.7,46.0,restriction
2025-01-01 23:46,574.2,783.2,377.9,46.86,1611.6,46.0,restriction
2025-01-01 23:47,576.1,781.6,375.9,46.75,1610.3,46.0,restriction
2025-01-01 23:48,575.1,783.6,375.8,46.81,1631.3,46.0,restriction
2025-01-01 23:49,573.0,782.1,375.7,46.70,1599.5,46.0,restriction
2025-01-01 23:50,575.6,780.8,376.3,46.98,1628.0,46.0,restriction
2025-01-01 23:51,572.8,782.1,375.0,46.39,1628.2,46.0,restriction
2025-01-01 23:52,574.4,781.2,375.6,46.82,1597.9,46.0,restriction
2025-01-01 23:53,573.4,780.5,374.6,46.51,1614.9,46.0,restriction
2025-01-01 23:54,575.8,783.2,374.7,46.41,1612.1,46.0,restriction
2025-01-01 23:55,573.8,781.7,374.2,46.46,1592.0,46.0,restriction
2025-01-01 23:56,574.2,782.0,375.2,46.93,1599.3,46.0,restriction
2025-01-01 23:57,574.9,782.0,375.1,46.93,1608.7,46.0,restriction
2025-01-01 23:58,573.5,781.6,373.3,46.81,1609.1,46.0,restriction
2025-01-01 23:59,574.7,781.9,372.5,47.05,1593.4,46.0,restriction
2025-01-02 00:00,574.8,780.5,372.7,46.43,1625.3,46.0,restriction
2025-01-02 00:01,572.7,781.8,372.2,46.85,1582.4,46.0,restriction
2025-01-02 00:02,573.4,782.0,373.5,47.08,1581.9,46.0,restriction
2025-01-02 00:03,572.7,780.8,373.2,46.69,1613.7,46.0,restriction
2025-01-02 00:04,573.9,782.3,371.6,46.46,1581.0,46.0,restriction
2025-01-02 00:05,573.9,780.3,371.4,46.60,1579.6,46.0,restriction
2025-01-02 00:06,573.0,781.3,372.3,46.70,1590.5,46.0,restriction
2025-01-02 00:07,572.1,780.4,372.0,46.54,1584.4,46.0,restriction
2025-01-02 00:08,573.2,781.0,371.5,46.63,1603.8,46.0,restriction
2025-01-02 00:09,574.5,781.0,371.0,46.84,1579.4,46.0,restriction
2025-01-02 00:10,574.8,781.2,370.3,46.58,1585.6,46.0,restriction
2025-01-02 00:11,574.8,780.8,370.3,46.61,1595.6,46.0,restriction
2025-01-02 00:12,572.9,781.3,370.2,46.45,1588.8,46.0,restriction
2025-01-02 00:13,573.5,779.7,369.3,47.04,1577.6,46.0,restriction
2025-01-02 00:14,573.9,781.6,368.9,46.84,1584.2,46.0,restriction
2025-01-02 00:15,573.1,780.5,370.2,46.68,1569.2,46.0,restriction
2025-01-02 00:16,574.7,781.4,369.9,46.64,1573.9,46.0,restriction
2025-01-02 00:17,572.5,780.9,367.7,47.10,1581.1,46.0,restriction
2025-01-02 00:18,573.4,780.4,369.4,47.11,1562.9,46.0,restriction
2025-01-02 00:19,574.0,779.6,368.0,46.81,1557.3,46.0,restriction
2025-01-02 00:20,571.6,781.1,367.7,47.02,1568.7,46.0,restriction
2025-01-02 00:21,572.3,780.0,368.3,46.62,1562.1,46.0,restriction
2025-01-02 00:22,574.0,779.9,367.4,46.69,1575.4,46.0,restriction
2025-01-02 00:23,573.5,780.5,367.8,46.83,1584.5,46.0,restriction
2025-01-02 00:24,573.7,779.2,366.8,46.57,1585.6,46.0,restriction
2025-01-02 00:25,571.3,779.1,367.8,46.58,1573.0,46.0,restriction
2025-01-02 00:26,573.4,778.8,368.5,46.58,1588.9,46.0,restriction
2025-01-02 00:27,571.4,779.1,368.1,46.51,1563.9,46.0,restriction
2025-01-02 00:28,572.6,779.3,368.3,46.99,1559.8,46.0,restriction
2025-01-02 00:29,573.5,778.5,368.2,46.41,1561.4,46.0,restriction
2025-01-02 00:30,572.4,777.7,366.4,46.55,1554.0,46.0,restriction
2025-01-02 00:31,572.3,777.9,366.3,46.97,1560.6,46.0,restriction
2025-01-02 00:32,571.9,779.7,367.5,46.79,1575.9,46.0,restriction
2025-01-02 00:33,573.0,778.8,366.8,46.48,1576.6,46.0,restriction
2025-01-02 00:34,571.2,780.1,366.3,46.85,1571.3,46.0,restriction
2025-01-02 00:35,571.0,779.5,367.2,46.81,1557.3,46.0,restriction
2025-01-02 00:36,571.4,778.6,366.2,46.60,1591.7,46.0,restriction
2025-01-02 00:37,572.8,779.9,366.0,46.79,1562.0,46.0,restriction
2025-01-02 00:38,571.6,778.6,367.5,46.90,1595.1,46.0,restriction
2025-01-02 00:39,572.2,778.8,366.0,46.92,1584.7,46.0,restriction
2025-01-02 00:40,571.4,778.2,365.8,46.50,1569.3,46.0,restriction
2025-01-02 00:41,571.8,778.0,367.5,46.83,1592.1,46.0,restriction
2025-01-02 00:42,571.1,777.8,366.4,46.94,1575.0,46.0,restriction
2025-01-02 00:43,570.5,777.6,366.6,46.76,1578.9,46.0,restriction
2025-01-02 00:44,571.8,777.0,365.7,46.86,1575.7,46.0,restriction
2025-01-02 00:45,570.7,777.3,367.2,46.99,1589.6,46.0,restriction
2025-01-02 00:46,570.2,779.1,367.5,47.01,1594.1,46.0,restriction
2025-01-02 00:47,569.3,776.8,367.5,46.48,1578.0,46.0,restriction
2025-01-02 00:48,569.2,777.3,367.1,46.58,1572.6,46.0,restriction
2025-01-02 00:49,568.8,776.9,366.6,46.73,1582.4,46.0,restriction
2025-01-02 00:50,571.5,777.3,365.9,46.30,1594.9,46.0,restriction
2025-01-02 00:51,570.9,777.6,367.0,46.93,1565.2,46.0,restriction
2025-01-02 00:52,569.5,777.7,365.8,46.37,1552.5,46.0,restriction
2025-01-02 00:53,570.3,778.8,365.2,46.48,1566.1,46.0,restriction
2025-01-02 00:54,571.2,776.2,365.3,46.92,1558.6,46.0,restriction
2025-01-02 00:55,569.1,778.2,365.1,46.79,1583.7,46.0,restriction
2025-01-02 00:56,569.9,776.9,366.3,46.67,1588.0,46.0,restriction
2025-01-02 00:57,569.3,777.6,366.9,46.40,1564.1,46.0,restriction
2025-01-02 00:58,568.1,778.5,365.0,46.95,1563.2,46.0,restriction
2025-01-02 00:59,569.0,776.8,364.8,46.80,1563.5,46.0,restriction
2025-01-02 01:00,569.7,778.4,366.5,46.52,1585.5,46.0,restriction
2025-01-02 01:01,570.6,778.5,365.2,46.46,1587.0,46.0,restriction
2025-01-02 01:02,569.1,776.3,366.8,46.43,1591.8,46.0,restriction
2025-01-02 01:03,569.7,778.1,365.4,46.42,1585.3,46.0,restriction
2025-01-02 01:04,570.4,776.8,365.1,46.40,1587.3,46.0,restriction
2025-01-02 01:05,568.3,777.1,364.7,46.29,1592.7,46.0,restriction
2025-01-02 01:06,568.8,775.8,365.8,46.85,1555.6,46.0,restriction
2025-01-02 01:07,569.0,775.6,366.2,46.29,1558.3,46.0,restriction
2025-01-02 01:08,568.3,778.1,365.0,46.57,1554.6,46.0,restriction
2025-01-02 01:09,569.4,776.6,365.3,46.39,1582.3,46.0,restriction
2025-01-02 01:10,568.3,777.5,366.5,46.85,1593.0,46.0,restriction
2025-01-02 01:11,569.8,775.8,364.4,46.79,1549.9,46.0,restriction
2025-01-02 01:12,567.5,775.4,366.2,46.27,1567.8,46.0,restriction
2025-01-02 01:13,568.0,777.7,364.6,46.28,1558.2,46.0,restriction
2025-01-02 01:14,569.3,775.9,365.0,46.34,1587.5,46.0,restriction
2025-01-02 01:15,567.1,777.8,366.0,46.69,1592.6,46.0,restriction
2025-01-02 01:16,568.2,776.3,364.5,46.28,1589.3,46.0,restriction
2025-01-02 01:17,567.8,777.4,365.1,46.36,1561.3,46.0,restriction
2025-01-02 01:18,567.2,776.9,364.3,46.81,1553.3,46.0,restriction
2025-01-02 01:19,567.4,777.3,364.3,46.60,1549.1,46.0,restriction
2025-01-02 01:20,554.3,775.0,427.6,44.33,2055.9,48.0,normal
2025-01-02 01:21,555.2,775.8,427.0,44.01,2095.5,49.6,normal
2025-01-02 01:22,554.8,777.5,426.6,44.29,2132.9,50.9,normal
2025-01-02 01:23,553.8,776.0,426.1,43.85,2204.9,52.0,normal
2025-01-02 01:24,555.5,776.4,426.8,44.17,2221.0,52.9,normal
2025-01-02 01:25,553.7,775.3,427.3,43.88,2230.1,53.7,normal
2025-01-02 01:26,555.5,776.9,426.1,44.30,2232.0,54.3,normal
2025-01-02 01:27,555.1,777.3,427.4,44.13,2299.9,54.8,normal
2025-01-02 01:28,555.0,776.4,426.9,43.92,2269.9,55.2,normal
2025-01-02 01:29,553.4,776.8,426.9,43.63,2276.7,55.5,normal
2025-01-02 01:30,555.6,775.6,426.5,43.90,2305.4,55.8,normal
2025-01-02 01:31,554.7,777.2,428.0,43.89,2343.2,56.0,normal
2025-01-02 01:32,553.8,777.1,426.4,44.18,2308.9,56.2,normal
2025-01-02 01:33,555.2,775.1,426.4,44.24,2330.5,56.3,normal
2025-01-02 01:34,555.8,774.5,426.3,44.21,2343.5,56.4,normal
2025-01-02 01:35,555.3,774.7,426.0,44.12,2342.1,56.5,normal
2025-01-02 01:36,555.8,774.6,425.8,43.80,2313.8,56.6,normal
2025-01-02 01:37,554.1,776.1,426.6,44.10,2324.0,56.7,normal
2025-01-02 01:38,554.3,777.0,426.7,44.07,2324.6,56.7,normal
2025-01-02 01:39,554.7,775.2,426.8,43.73,2359.7,56.8,normal
2025-01-02 01:40,554.0,775.9,427.3,43.89,2366.8,56.8,normal
2025-01-02 01:41,554.1,775.1,427.2,44.19,2342.9,56.9,normal
2025-01-02 01:42,555.3,775.8,427.6,43.69,2352.6,56.9,normal
2025-01-02 01:43,554.3,775.1,427.5,43.71,2325.2,56.9,normal
2025-01-02 01:44,555.7,774.6,426.2,43.63,2344.3,56.9,normal
2025-01-02 01:45,555.2,775.9,426.0,43.72,2375.0,56.9,normal
2025-01-02 01:46,554.7,774.7,427.7,43.63,2372.7,56.9,normal
2025-01-02 01:47,554.1,776.1,426.7,43.62,2347.9,57.0,normal
2025-01-02 01:48,555.8,775.4,427.3,43.59,2342.4,57.0,normal
2025-01-02 01:49,555.6,775.5,427.7,43.84,2340.4,57.0,normal
2025-01-02 01:50,553.8,776.1,426.2,43.73,2346.9,57.0,normal
2025-01-02 01:51,554.7,774.3,426.0,44.02,2335.7,57.0,normal
2025-01-02 01:52,555.0,775.6,427.1,43.65,2366.7,57.0,normal
2025-01-02 01:53,554.0,775.4,426.6,43.59,2346.8,57.0,normal
2025-01-02 01:54,553.9,776.5,427.1,43.82,2366.7,57.0,normal
2025-01-02 01:55,555.9,775.2,427.1,43.52,2326.9,57.0,normal
2025-01-02 01:56,555.2,776.6,425.9,43.68,2341.4,57.0,normal
2025-01-02 01:57,553.4,775.0,426.9,43.90,2331.5,57.0,normal
2025-01-02 01:58,554.7,776.4,426.4,43.87,2330.1,57.0,normal
2025-01-02 01:59,555.6,775.2,426.5,43.56,2356.7,57.0,normal
2025-01-02 02:00,554.2,776.3,426.0,43.81,2334.8,57.0,normal
2025-01-02 02:01,555.2,776.7,427.4,43.75,2341.9,57.0,normal
2025-01-02 02:02,555.5,775.0,427.0,43.49,2365.4,57.0,normal
2025-01-02 02:03,553.4,774.8,427.2,43.51,2333.3,57.0,normal
2025-01-02 02:04,556.2,777.1,427.6,43.56,2364.2,57.0,normal
2025-01-02 02:05,554.9,774.5,427.4,43.78,2356.6,57.0,normal
2025-01-02 02:06,555.5,776.1,426.4,43.92,2333.0,57.0,normal
2025-01-02 02:07,553.8,775.2,427.5,43.58,2337.7,57.0,normal
2025-01-02 02:08,553.6,776.4,427.6,43.61,2327.5,57.0,normal
2025-01-02 02:09,554.5,774.6,426.8,43.58,2335.2,57.0,normal
2025-01-02 02:10,554.0,775.0,425.9,43.71,2368.4,57.0,normal
2025-01-02 02:11,554.4,775.5,426.9,43.58,2333.3,57.0,normal
2025-01-02 02:12,555.5,775.9,426.0,43.92,2348.2,57.0,normal
2025-01-02 02:13,554.6,774.6,426.1,43.81,2341.4,57.0,normal
2025-01-02 02:14,554.6,776.6,427.3,43.52,2363.4,57.0,normal
2025-01-02 02:15,554.6,775.4,426.5,43.65,2344.7,57.0,normal
2025-01-02 02:16,554.8,775.5,426.4,43.66,2348.4,57.0,normal
2025-01-02 02:17,554.3,775.7,427.0,43.48,2360.8,57.0,normal
2025-01-02 02:18,555.7,776.3,426.4,43.83,2339.3,57.0,normal
2025-01-02 02:19,554.2,774.7,426.7,43.51,2365.7,57.0,normal
2025-01-02 02:20,554.1,776.8,427.7,43.82,2323.6,57.0,normal
2025-01-02 02:21,553.6,776.5,426.0,43.78,2353.1,57.0,normal
2025-01-02 02:22,556.4,775.5,426.6,43.64,2328.9,57.0,normal
2025-01-02 02:23,553.8,775.4,426.9,43.87,2358.6,57.0,normal
2025-01-02 02:24,553.6,775.4,427.6,43.91,2335.2,57.0,normal
2025-01-02 02:25,556.5,777.5,426.9,43.73,2365.6,57.0,normal
2025-01-02 02:26,553.7,777.2,426.7,43.87,2358.0,57.0,normal
2025-01-02 02:27,556.1,776.9,427.1,43.33,2366.7,57.0,normal
2025-01-02 02:28,554.1,775.9,426.7,43.53,2359.7,57.0,normal
2025-01-02 02:29,554.9,776.5,428.2,43.70,2360.1,57.0,normal
2025-01-02 02:30,554.0,775.0,426.7,43.40,2351.8,57.0,normal
2025-01-02 02:31,556.6,777.5,428.4,43.97,2307.4,56.6,normal
2025-01-02 02:32,555.4,776.3,428.3,43.49,2322.2,56.3,normal
2025-01-02 02:33,556.6,776.6,427.5,43.67,2332.0,56.1,normal
2025-01-02 02:34,554.1,775.6,426.7,43.41,2325.4,55.9,normal
2025-01-02 02:35,554.5,777.6,427.9,43.64,2295.9,55.7,normal
2025-01-02 02:36,557.0,776.7,427.7,43.37,2273.0,55.6,normal
2025-01-02 02:37,556.6,777.3,426.9,43.80,2305.3,55.5,normal
2025-01-02 02:38,557.1,776.7,426.7,43.84,2308.2,55.4,normal
2025-01-02 02:39,554.9,777.9,428.5,43.55,2271.4,55.3,normal
2025-01-02 02:40,556.7,775.7,426.8,43.82,2259.4,55.3,normal
2025-01-02 02:41,555.3,778.0,426.5,43.62,2262.8,55.2,normal
2025-01-02 02:42,557.5,776.7,427.1,43.87,2286.8,55.2,normal
2025-01-02 02:43,554.7,776.9,428.0,43.63,2260.0,55.2,normal
2025-01-02 02:44,556.4,777.6,427.6,43.65,2263.1,55.1,normal
2025-01-02 02:45,556.1,775.6,428.1,43.66,2253.5,55.1,normal
2025-01-02 02:46,557.3,776.3,428.4,43.36,2249.5,55.1,normal
2025-01-02 02:47,556.6,778.3,428.6,43.85,2267.0,55.1,normal
2025-01-02 02:48,557.8,778.2,427.7,43.82,2288.7,55.1,normal
2025-01-02 02:49,556.3,776.1,427.7,43.26,2258.5,55.0,normal
2025-01-02 02:50,555.6,776.4,428.0,43.29,2263.1,55.0,normal
2025-01-02 02:51,556.5,776.2,428.9,43.70,2272.1,55.0,normal
2025-01-02 02:52,556.8,778.1,427.4,43.26,2260.2,55.0,normal
2025-01-02 02:53,557.6,776.5,428.6,43.56,2258.1,55.0,normal
2025-01-02 02:54,557.1,778.5,428.7,43.60,2261.3,55.0,normal
2025-01-02 02:55,555.2,778.7,427.6,43.38,2261.2,55.0,normal
2025-01-02 02:56,557.4,778.7,429.0,43.18,2283.5,55.0,normal
2025-01-02 02:57,557.3,778.3,428.2,43.49,2295.2,55.0,normal
2025-01-02 02:58,556.6,778.5,429.0,43.26,2287.0,55.0,normal
2025-01-02 02:59,557.9,777.1,429.0,43.76,2249.4,55.0,normal
2025-01-02 03:00,558.2,776.4,427.4,43.15,2266.1,55.0,normal
2025-01-02 03:01,557.8,778.8,427.6,43.40,2274.0,55.0,normal
2025-01-02 03:02,556.2,778.9,429.0,43.70,2245.2,55.0,normal
2025-01-02 03:03,558.5,778.0,428.6,43.71,2267.4,55.0,normal
2025-01-02 03:04,558.3,778.8,427.8,43.22,2245.2,55.0,normal
2025-01-02 03:05,556.1,779.0,428.5,43.43,2246.4,55.0,normal
2025-01-02 03:06,557.9,778.1,428.7,43.15,2271.9,55.0,normal
2025-01-02 03:07,558.8,777.7,428.1,43.70,2248.0,55.0,normal
2025-01-02 03:08,558.1,777.8,429.5,43.66,2296.3,55.0,normal
2025-01-02 03:09,557.5,778.4,429.5,43.71,2260.7,55.0,normal
2025-01-02 03:10,557.8,779.7,429.1,43.17,2243.9,55.0,normal
2025-01-02 03:11,557.8,777.7,428.3,43.38,2257.3,55.0,normal
2025-01-02 03:12,558.0,778.9,428.5,43.59,2250.6,55.0,normal
2025-01-02 03:13,558.2,777.2,429.3,43.25,2259.3,55.0,normal
2025-01-02 03:14,556.9,777.4,429.0,43.77,2292.0,55.0,normal
2025-01-02 03:15,556.9,779.7,427.9,43.21,2258.3,55.0,normal
2025-01-02 03:16,557.9,778.2,429.2,43.62,2263.4,55.0,normal
2025-01-02 03:17,558.9,777.5,428.7,43.49,2244.3,55.0,normal
2025-01-02 03:18,557.1,779.5,429.4,43.22,2271.8,55.0,normal
2025-01-02 03:19,556.8,778.6,429.4,43.69,2257.0,55.0,normal
2025-01-02 03:20,557.0,779.7,429.3,43.32,2244.9,55.0,normal
2025-01-02 03:21,557.5,780.1,429.5,43.61,2294.8,55.0,normal
2025-01-02 03:22,560.0,780.2,428.8,43.48,2277.9,55.0,normal
2025-01-02 03:23,559.7,778.0,428.9,43.65,2259.4,55.0,normal
2025-01-02 03:24,559.5,778.1,429.6,43.72,2277.7,55.0,normal
2025-01-02 03:25,558.3,779.4,429.8,43.10,2288.1,55.0,normal
2025-01-02 03:26,558.3,779.7,429.7,43.56,2289.4,55.0,normal
2025-01-02 03:27,560.2,778.1,430.4,43.53,2266.1,55.0,normal
2025-01-02 03:28,558.4,780.5,428.4,43.37,2255.6,55.0,normal
2025-01-02 03:29,558.0,779.5,429.9,43.53,2274.8,55.0,normal
2025-01-02 03:30,558.6,778.5,430.2,43.34,2287.6,55.0,normal
2025-01-02 03:31,558.3,780.0,429.5,43.00,2278.4,55.0,normal
2025-01-02 03:32,558.7,780.1,429.3,43.26,2242.9,55.0,normal
2025-01-02 03:33,560.1,780.8,430.3,43.59,2289.6,55.0,normal
2025-01-02 03:34,558.6,780.6,430.1,43.45,2271.5,55.0,normal
2025-01-02 03:35,560.0,779.5,430.4,42.99,2282.1,55.0,normal
2025-01-02 03:36,560.1,779.1,430.1,43.10,2239.3,55.0,normal
2025-01-02 03:37,560.9,781.1,428.7,43.33,2260.0,55.0,normal
2025-01-02 03:38,560.6,781.2,430.7,43.11,2249.0,55.0,normal
2025-01-02 03:39,559.8,780.9,429.2,43.03,2272.2,55.0,normal
2025-01-02 03:40,559.2,779.2,430.7,43.04,2279.4,55.0,normal
2025-01-02 03:41,561.3,780.4,430.5,43.18,2279.8,55.0,normal
2025-01-02 03:42,561.3,781.4,430.7,43.17,2284.8,55.0,normal
2025-01-02 03:43,559.6,779.2,430.2,43.48,2239.7,55.0,normal
2025-01-02 03:44,558.7,781.1,430.1,43.26,2276.5,55.4,normal
2025-01-02 03:45,559.8,779.5,430.6,43.09,2295.9,55.7,normal
2025-01-02 03:46,559.7,781.3,430.1,43.49,2278.6,55.9,normal
2025-01-02 03:47,560.3,779.5,431.1,43.56,2281.3,56.1,normal
2025-01-02 03:48,559.2,781.1,430.3,43.34,2291.9,56.3,normal
2025-01-02 03:49,560.7,781.1,431.2,43.19,2310.5,56.4,normal
2025-01-02 03:50,560.7,781.7,429.9,43.51,2341.2,56.5,normal
2025-01-02 03:51,561.4,780.8,429.5,43.10,2307.4,56.6,normal
2025-01-02 03:52,559.3,781.1,430.4,43.02,2339.4,56.7,normal
2025-01-02 03:53,561.7,780.9,429.4,43.30,2348.5,56.7,normal
2025-01-02 03:54,561.2,782.0,430.7,43.02,2340.3,56.8,normal
2025-01-02 03:55,561.9,781.2,430.3,43.41,2351.4,56.8,normal
2025-01-02 03:56,559.2,781.1,429.5,43.42,2339.4,56.8,normal
2025-01-02 03:57,561.5,780.6,429.6,43.50,2325.8,56.9,normal
2025-01-02 03:58,561.3,782.1,429.6,43.53,2345.4,56.9,normal
2025-01-02 03:59,559.9,780.4,429.5,43.45,2328.7,56.9,normal
2025-01-02 04:00,560.9,782.3,430.7,42.88,2310.2,56.9,normal
2025-01-02 04:01,562.2,780.8,430.2,43.05,2351.3,56.9,normal
2025-01-02 04:02,560.4,780.7,429.9,43.02,2313.7,57.0,normal
2025-01-02 04:03,562.0,782.3,430.3,43.14,2333.0,57.0,normal
2025-01-02 04:04,559.9,779.8,430.9,43.36,2345.3,57.0,normal
2025-01-02 04:05,562.5,782.1,430.3,42.91,2324.8,57.0,normal
2025-01-02 04:06,562.7,779.9,431.7,43.38,2316.4,57.0,normal
2025-01-02 04:07,561.3,780.4,430.3,43.05,2335.8,57.0,normal
2025-01-02 04:08,562.3,780.8,431.1,43.53,2335.8,57.0,normal
2025-01-02 04:09,562.7,781.8,429.9,42.94,2340.5,57.0,normal
2025-01-02 04:10,560.6,781.1,431.9,43.39,2340.5,57.0,normal
2025-01-02 04:11,560.6,782.7,430.7,43.21,2331.8,57.0,normal
2025-01-02 04:12,562.8,780.2,430.4,43.50,2335.3,57.0,normal
2025-01-02 04:13,560.4,782.6,430.8,42.87,2319.5,57.0,normal
2025-01-02 04:14,562.1,780.3,432.0,42.85,2311.0,57.0,normal
2025-01-02 04:15,562.0,781.8,430.8,43.21,2331.7,57.0,normal
2025-01-02 04:16,562.3,780.4,431.3,42.93,2342.1,57.0,normal
2025-01-02 04:17,562.0,780.8,431.7,43.11,2335.7,57.0,normal
2025-01-02 04:18,562.9,781.6,430.1,42.98,2324.5,57.0,normal
2025-01-02 04:19,560.8,780.6,430.4,43.39,2316.7,57.0,normal
2025-01-02 04:20,561.7,782.0,430.3,43.29,2339.9,57.0,normal
2025-01-02 04:21,563.4,781.3,430.5,42.87,2312.8,57.0,normal
2025-01-02 04:22,561.0,780.5,430.4,43.46,2320.4,57.0,normal
2025-01-02 04:23,562.7,782.0,431.7,43.45,2337.9,57.0,normal
2025-01-02 04:24,562.0,782.7,431.6,43.17,2350.6,57.0,normal
2025-01-02 04:25,561.1,781.0,431.3,43.04,2325.6,57.0,normal
2025-01-02 04:26,561.1,781.7,431.2,42.85,2346.4,57.0,normal
2025-01-02 04:27,563.3,781.7,432.3,42.78,2352.6,57.0,normal
2025-01-02 04:28,560.9,782.1,431.8,43.19,2316.4,57.0,normal
2025-01-02 04:29,561.0,782.5,431.5,43.08,2327.5,57.0,normal
2025-01-02 04:30,561.5,780.7,431.3,43.38,2336.1,57.0,normal
2025-01-02 04:31,561.7,781.4,431.3,42.82,2336.3,57.0,normal
2025-01-02 04:32,563.3,781.0,430.4,42.87,2338.6,57.0,normal
2025-01-02 04:33,560.8,781.1,431.3,43.32,2338.7,57.0,normal
2025-01-02 04:34,562.0,780.8,432.4,42.96,2334.5,57.0,normal
2025-01-02 04:35,561.7,782.8,431.8,43.02,2337.2,57.0,normal
2025-01-02 04:36,561.1,782.7,430.3,42.90,2334.4,57.0,normal
2025-01-02 04:37,562.4,783.2,431.6,42.88,2345.6,57.0,normal
2025-01-02 04:38,562.5,781.2,431.9,43.07,2304.3,57.0,normal
2025-01-02 04:39,561.1,783.0,431.9,43.06,2346.2,57.0,normal
2025-01-02 04:40,561.7,781.3,430.7,42.92,2302.4,57.0,normal
2025-01-02 04:41,561.5,781.4,430.9,43.41,2335.6,57.0,normal
2025-01-02 04:42,562.8,782.2,432.1,42.98,2320.5,57.0,normal
2025-01-02 04:43,560.8,780.8,432.3,43.11,2337.7,57.0,normal
2025-01-02 04:44,563.8,782.4,431.5,43.21,2344.1,57.0,normal
2025-01-02 04:45,561.7,780.9,430.7,43.13,2318.3,57.0,normal
2025-01-02 04:46,561.3,781.4,430.5,43.20,2327.1,57.0,normal
2025-01-02 04:47,562.0,783.1,431.9,43.28,2303.4,57.0,normal
2025-01-02 04:48,562.3,781.9,431.1,43.04,2332.1,57.0,normal
2025-01-02 04:49,561.2,781.5,432.2,43.39,2306.3,57.0,normal
2025-01-02 04:50,561.7,781.9,431.1,43.21,2352.4,57.0,normal
2025-01-02 04:51,562.0,780.6,431.1,43.32,2343.2,57.0,normal
2025-01-02 04:52,561.5,782.5,432.2,42.87,2333.8,57.0,normal
2025-01-02 04:53,561.1,783.0,430.8,42.80,2315.2,57.0,normal
2025-01-02 04:54,563.0,782.0,431.1,43.30,2329.0,57.0,normal
2025-01-02 04:55,563.4,781.4,431.5,42.92,2306.7,57.0,normal
2025-01-02 04:56,563.0,782.2,430.5,43.20,2303.0,56.5,normal
2025-01-02 04:57,560.6,782.7,430.4,42.86,2273.5,56.0,normal
2025-01-02 04:58,561.1,781.9,431.5,43.26,2268.3,55.7,normal
2025-01-02 04:59,562.4,782.6,431.3,42.87,2281.8,55.4,normal
2025-01-02 05:00,563.6,783.2,431.5,43.10,2285.5,55.1,normal
2025-01-02 05:01,561.4,781.4,431.0,43.20,2235.3,54.9,normal
2025-01-02 05:02,562.1,780.7,431.4,43.26,2227.5,54.7,normal
2025-01-02 05:03,561.7,782.8,430.2,42.99,2239.3,54.6,normal
2025-01-02 05:04,560.7,781.9,431.4,42.96,2225.5,54.5,normal
2025-01-02 05:05,563.3,782.1,431.6,43.28,2225.1,54.4,normal
2025-01-02 05:06,563.5,782.8,431.5,42.89,2233.1,54.3,normal
2025-01-02 05:07,563.4,782.9,430.4,42.70,2212.9,54.3,normal
2025-01-02 05:08,561.9,780.5,430.9,43.30,2233.8,54.2,normal
2025-01-02 05:09,560.8,782.7,431.1,42.78,2207.8,54.2,normal
2025-01-02 05:10,562.2,780.8,430.7,42.73,2235.1,54.2,normal
2025-01-02 05:11,562.2,780.7,431.9,43.16,2216.7,54.1,normal
2025-01-02 05:12,560.8,780.8,431.6,42.99,2213.3,54.1,normal
2025-01-02 05:13,561.2,782.3,430.9,42.88,2238.3,54.1,normal
2025-01-02 05:14,563.1,781.6,430.5,42.86,2217.0,54.1,normal
2025-01-02 05:15,561.2,781.6,430.1,42.71,2249.5,54.1,normal
2025-01-02 05:16,560.1,781.4,430.3,43.15,2227.9,54.0,normal
2025-01-02 05:17,560.0,780.3,431.4,43.17,2229.7,54.0,normal
2025-01-02 05:18,561.5,781.6,431.0,42.86,2230.1,54.0,normal
2025-01-02 05:19,561.4,780.5,431.0,43.09,2235.7,54.0,normal
2025-01-02 05:20,560.9,781.9,430.0,43.02,2200.3,54.0,normal
2025-01-02 05:21,560.4,781.2,431.9,43.08,2231.7,54.0,normal
2025-01-02 05:22,562.7,781.7,431.3,43.05,2243.3,54.0,normal
2025-01-02 05:23,559.8,781.9,430.4,43.10,2194.7,54.0,normal
2025-01-02 05:24,560.8,782.6,431.2,42.65,2238.6,54.0,normal
2025-01-02 05:25,559.8,781.4,431.3,43.15,2219.3,54.0,normal
2025-01-02 05:26,561.6,781.8,430.9,42.63,2232.7,54.0,normal
2025-01-02 05:27,561.7,779.9,431.4,43.06,2225.6,54.0,normal
2025-01-02 05:28,562.1,781.3,430.3,42.69,2208.5,54.0,normal
2025-01-02 05:29,561.6,780.4,430.1,43.19,2212.8,54.0,normal
2025-01-02 05:30,562.6,781.4,429.7,42.94,2200.2,54.0,normal
2025-01-02 05:31,561.5,782.1,429.6,42.95,2210.4,54.0,normal
2025-01-02 05:32,561.4,782.0,430.0,42.70,2242.4,54.0,normal
2025-01-02 05:33,559.4,779.9,429.9,43.13,2209.8,54.0,normal
2025-01-02 05:34,559.7,779.6,430.3,42.78,2212.2,54.0,normal
2025-01-02 05:35,561.2,780.3,430.0,43.17,2240.1,54.0,normal
2025-01-02 05:36,560.3,780.2,430.0,43.22,2243.1,54.0,normal
2025-01-02 05:37,561.8,780.4,430.1,43.20,2197.1,54.0,normal
2025-01-02 05:38,561.8,781.9,429.7,43.10,2234.6,54.0,normal
2025-01-02 05:39,561.3,780.7,429.8,43.13,2231.0,54.0,normal
2025-01-02 05:40,561.1,780.4,431.0,42.63,2243.1,54.0,normal
2025-01-02 05:41,558.9,780.6,430.2,42.76,2224.3,54.0,normal
2025-01-02 05:42,559.6,781.3,429.5,42.75,2230.1,54.0,normal
2025-01-02 05:43,560.5,779.8,429.4,43.17,2240.5,54.0,normal
2025-01-02 05:44,561.3,779.5,429.3,43.00,2244.1,54.0,normal
2025-01-02 05:45,560.6,781.1,430.6,42.70,2241.1,54.0,normal
2025-01-02 05:46,559.2,779.0,431.1,43.07,2222.7,54.0,normal
2025-01-02 05:47,560.1,780.2,429.9,43.13,2215.5,54.0,normal
2025-01-02 05:48,560.1,781.5,429.6,42.97,2212.2,54.0,normal
2025-01-02 05:49,560.1,780.5,430.9,42.67,2226.7,54.0,normal
2025-01-02 05:50,559.3,778.7,430.5,43.04,2202.2,54.0,normal
2025-01-02 05:51,561.1,780.9,430.3,42.72,2207.4,54.0,normal
2025-01-02 05:52,560.2,779.8,429.2,42.90,2231.0,54.0,normal
2025-01-02 05:53,560.9,780.9,430.1,42.77,2225.3,54.0,normal
2025-01-02 05:54,559.6,779.5,429.2,42.71,2233.9,54.0,normal
2025-01-02 05:55,560.3,779.8,430.6,42.65,2240.4,54.0,normal
2025-01-02 05:56,559.4,779.5,429.9,42.75,2212.6,54.0,normal
2025-01-02 05:57,558.8,780.1,428.7,42.57,2234.6,54.0,normal
2025-01-02 05:58,558.2,780.9,428.9,42.88,2238.9,54.0,normal
2025-01-02 05:59,560.2,779.5,428.9,43.02,2216.5,54.0,normal
2025-01-02 06:00,557.8,779.0,428.8,42.92,2225.9,54.0,normal
2025-01-02 06:01,559.9,778.6,430.5,42.85,2206.2,54.0,normal
2025-01-02 06:02,558.3,779.3,428.5,43.01,2238.3,54.0,normal
2025-01-02 06:03,559.0,778.5,428.3,42.82,2198.5,53.3,normal
2025-01-02 06:04,559.3,779.3,429.4,42.53,2158.3,52.7,normal
2025-01-02 06:05,559.8,779.9,429.1,42.68,2135.5,52.2,normal
2025-01-02 06:06,558.3,779.4,429.5,42.89,2130.7,51.8,normal
2025-01-02 06:07,557.7,778.0,428.7,42.74,2122.4,51.5,normal
2025-01-02 06:08,558.7,777.8,429.1,42.85,2124.9,51.2,normal
2025-01-02 06:09,557.5,779.1,429.1,42.91,2094.2,51.0,normal
2025-01-02 06:10,557.9,778.5,428.6,43.14,2106.0,50.8,normal
2025-01-02 06:11,557.2,778.1,429.4,42.80,2119.1,50.7,normal
2025-01-02 06:12,556.6,778.2,428.1,43.19,2101.1,50.5,normal
2025-01-02 06:13,558.9,778.8,429.5,42.52,2113.6,50.5,normal
2025-01-02 06:14,558.7,778.8,427.8,42.81,2114.4,50.4,normal
2025-01-02 06:15,557.9,778.5,428.5,43.03,2064.8,50.3,normal
2025-01-02 06:16,556.1,779.3,428.8,43.08,2086.4,50.2,normal
2025-01-02 06:17,558.7,778.3,428.5,42.97,2094.6,50.2,normal
2025-01-02 06:18,557.0,778.9,427.5,42.50,2093.5,50.2,normal
2025-01-02 06:19,557.2,778.1,429.5,42.60,2071.9,50.1,normal
2025-01-02 06:20,557.7,777.5,427.7,43.02,2059.4,50.1,normal
2025-01-02 06:21,558.1,778.4,427.6,42.91,2087.6,50.1,normal
2025-01-02 06:22,556.7,778.2,428.2,43.04,2068.8,50.1,normal
2025-01-02 06:23,556.1,777.7,429.0,42.65,2095.7,50.1,normal
2025-01-02 06:24,555.6,779.1,427.3,43.06,2099.9,50.1,normal
2025-01-02 06:25,556.6,777.7,428.0,42.95,2099.6,50.0,normal
2025-01-02 06:26,556.5,776.9,429.2,42.73,2098.3,50.0,normal
2025-01-02 06:27,556.0,777.7,428.6,42.61,2090.4,50.0,normal
2025-01-02 06:28,558.0,778.1,428.0,43.04,2052.9,50.0,normal
2025-01-02 06:29,555.5,777.9,428.4,43.10,2095.2,50.0,normal
2025-01-02 06:30,557.0,777.6,428.9,42.51,2090.1,50.0,normal
2025-01-02 06:31,555.2,776.0,428.6,42.70,2071.7,50.0,normal
2025-01-02 06:32,556.2,777.3,427.9,42.93,2057.1,50.0,normal
2025-01-02 06:33,557.3,777.6,427.9,42.97,2075.1,50.0,normal
2025-01-02 06:34,554.9,775.8,427.3,42.65,2065.9,50.0,normal
2025-01-02 06:35,557.2,776.3,427.6,42.70,2075.1,50.0,normal
2025-01-02 06:36,556.0,776.9,427.0,42.86,2078.3,50.0,normal
2025-01-02 06:37,555.6,776.2,427.6,42.88,2088.9,50.0,normal
2025-01-02 06:38,554.2,776.5,428.5,42.68,2088.4,50.0,normal
2025-01-02 06:39,556.6,775.9,426.7,43.12,2086.5,50.0,normal
2025-01-02 06:40,556.0,777.1,428.1,42.92,2060.2,50.0,normal
2025-01-02 06:41,556.6,777.7,426.4,42.56,2100.1,50.0,normal
2025-01-02 06:42,554.0,775.6,428.0,42.49,2067.0,50.0,normal
2025-01-02 06:43,556.1,775.5,428.1,42.56,2064.9,50.0,normal
2025-01-02 06:44,555.4,776.9,427.1,42.89,2087.1,50.0,normal
2025-01-02 06:45,555.2,777.4,428.2,42.94,2066.3,50.0,normal
2025-01-02 06:46,555.1,777.7,427.5,42.57,2077.8,50.0,normal
2025-01-02 06:47,556.4,776.3,426.9,42.96,2074.0,50.0,normal
2025-01-02 06:48,556.5,776.2,427.7,42.53,2062.2,50.0,normal
2025-01-02 06:49,556.0,776.7,426.4,42.57,2052.3,50.0,normal
2025-01-02 06:50,553.8,775.7,427.4,42.50,2080.8,50.0,normal
2025-01-02 06:51,554.9,777.0,426.8,42.78,2101.6,50.0,normal
2025-01-02 06:52,554.1,774.8,427.4,42.76,2076.4,50.0,normal
2025-01-02 06:53,554.7,776.9,427.9,42.91,2052.4,50.0,normal
2025-01-02 06:54,553.1,775.3,427.6,43.06,2103.1,50.0,normal
2025-01-02 06:55,553.2,776.6,426.8,42.51,2055.5,50.0,normal
2025-01-02 06:56,552.9,776.5,427.1,42.95,2058.0,50.0,normal
2025-01-02 06:57,553.3,776.9,426.4,42.82,2069.6,50.0,normal
2025-01-02 06:58,554.5,776.4,425.6,43.01,2062.3,50.0,normal
2025-01-02 06:59,555.3,774.2,427.1,42.68,2079.9,50.0,normal
2025-01-02 07:00,553.2,774.8,425.8,43.15,2062.1,50.0,normal
2025-01-02 07:01,554.3,774.8,427.4,42.84,2059.0,50.0,normal
2025-01-02 07:02,555.4,776.4,425.7,43.07,2083.0,50.0,normal
2025-01-02 07:03,554.0,776.1,425.5,43.03,2066.7,50.0,normal
2025-01-02 07:04,552.2,775.7,425.4,43.12,2081.5,50.0,normal
2025-01-02 07:05,553.6,776.5,425.5,42.95,2055.5,50.0,normal
2025-01-02 07:06,553.0,773.8,427.2,43.04,2090.8,50.0,normal
2025-01-02 07:07,552.8,774.7,426.6,42.48,2082.7,50.0,normal
2025-01-02 07:08,553.0,774.1,426.1,42.88,2058.2,50.0,normal
2025-01-02 07:09,553.5,773.8,425.9,42.69,2096.1,50.0,normal
2025-01-02 07:10,552.5,774.3,425.5,43.10,2076.7,50.0,normal
2025-01-02 07:11,552.7,775.5,426.6,42.88,2097.2,50.7,normal
2025-01-02 07:12,551.8,774.4,425.6,42.60,2130.6,51.3,normal
2025-01-02 07:13,553.5,776.0,425.2,42.72,2114.5,51.8,normal
2025-01-02 07:14,552.6,775.9,425.5,42.67,2149.8,52.2,normal
2025-01-02 07:15,554.5,773.7,426.2,43.12,2146.8,52.5,normal
2025-01-02 07:16,552.5,775.8,425.5,42.62,2169.9,52.8,normal
2025-01-02 07:17,551.7,775.3,425.5,42.81,2197.9,53.0,normal
2025-01-02 07:18,552.2,774.7,426.1,42.82,2205.1,53.2,normal
2025-01-02 07:19,551.6,775.5,426.3,42.70,2209.0,53.3,normal
2025-01-02 07:20,551.6,773.5,426.5,42.85,2170.5,53.5,sensorFault
2025-01-02 07:21,551.6,775.5,425.7,42.59,2178.6,53.5,sensorFault
2025-01-02 07:22,551.6,773.3,426.2,42.75,2220.3,53.6,sensorFault
2025-01-02 07:23,551.6,773.8,426.2,42.65,2200.3,53.7,sensorFault
2025-01-02 07:24,551.6,774.9,424.9,42.91,2204.1,53.8,sensorFault
2025-01-02 07:25,551.6,775.0,426.6,42.56,2234.6,53.8,sensorFault
2025-01-02 07:26,551.6,773.4,425.8,42.98,2212.7,53.8,sensorFault
2025-01-02 07:27,551.6,775.5,425.3,42.89,2184.8,53.9,sensorFault
2025-01-02 07:28,551.6,774.1,425.1,42.89,2227.9,53.9,sensorFault
2025-01-02 07:29,551.6,774.3,425.6,42.53,2194.0,53.9,sensorFault
2025-01-02 07:30,551.6,774.5,424.5,42.55,2209.5,53.9,sensorFault
2025-01-02 07:31,551.6,774.7,424.6,42.84,2211.2,53.9,sensorFault
2025-01-02 07:32,551.6,773.3,425.7,42.97,2229.0,53.9,sensorFault
2025-01-02 07:33,551.6,772.6,426.4,42.77,2236.9,54.0,sensorFault
2025-01-02 07:34,551.6,773.0,426.3,42.96,2230.0,54.0,sensorFault
2025-01-02 07:35,551.6,772.7,424.2,42.96,2204.5,54.0,sensorFault
2025-01-02 07:36,551.6,774.7,426.0,42.95,2230.9,54.0,sensorFault
2025-01-02 07:37,551.6,774.3,425.8,42.49,2209.2,54.0,sensorFault
2025-01-02 07:38,551.6,772.6,424.4,42.86,2224.3,54.0,sensorFault
2025-01-02 07:39,551.6,774.7,425.1,42.49,2240.4,54.0,sensorFault
2025-01-02 07:40,551.6,772.5,426.2,42.49,2235.6,54.0,sensorFault
2025-01-02 07:41,551.6,773.1,426.1,42.49,2194.9,54.0,sensorFault
2025-01-02 07:42,551.6,773.5,425.5,43.12,2221.9,54.0,sensorFault
2025-01-02 07:43,331.6,772.9,426.2,42.48,2221.2,54.0,sensorFault
2025-01-02 07:44,551.6,775.1,424.4,43.11,2191.3,54.0,sensorFault
2025-01-02 07:45,551.6,773.5,425.3,42.64,2233.8,54.0,sensorFault
2025-01-02 07:46,551.6,773.7,425.8,43.03,2219.4,54.0,sensorFault
2025-01-02 07:47,551.6,774.9,425.1,42.59,2205.0,54.0,sensorFault
2025-01-02 07:48,551.6,772.9,425.3,42.90,2191.5,54.0,sensorFault
2025-01-02 07:49,551.6,773.1,425.1,42.83,2235.5,54.0,sensorFault
2025-01-02 07:50,551.6,772.9,425.3,42.91,2236.0,54.0,sensorFault
2025-01-02 07:51,551.6,773.4,425.8,43.14,2207.5,54.0,sensorFault
2025-01-02 07:52,551.6,774.2,424.4,43.00,2200.7,54.0,sensorFault
2025-01-02 07:53,551.6,772.6,426.1,42.66,2194.6,54.0,sensorFault
2025-01-02 07:54,551.6,774.2,425.7,42.96,2217.3,54.0,sensorFault
2025-01-02 07:55,551.6,774.0,425.5,43.08,2208.4,54.0,sensorFault
2025-01-02 07:56,551.6,773.5,426.0,43.15,2200.5,54.0,sensorFault
2025-01-02 07:57,551.6,773.2,425.5,42.78,2203.1,54.0,sensorFault
2025-01-02 07:58,551.6,774.5,426.1,42.99,2211.8,54.0,sensorFault
2025-01-02 07:59,551.6,773.7,425.1,42.86,2190.6,54.0,sensorFault
2025-01-02 08:00,551.6,772.9,425.4,42.92,2221.8,54.0,sensorFault
2025-01-02 08:01,551.6,773.5,425.0,43.09,2210.1,54.0,sensorFault
2025-01-02 08:02,551.6,772.9,426.1,42.74,2209.1,54.0,sensorFault
2025-01-02 08:03,551.6,773.1,425.1,43.01,2242.4,54.0,sensorFault
2025-01-02 08:04,551.6,773.8,424.3,42.79,2235.5,54.0,sensorFault
2025-01-02 08:05,551.6,772.7,425.0,42.59,2222.4,54.0,sensorFault
2025-01-02 08:06,551.6,772.2,424.9,42.72,2218.1,54.0,sensorFault
2025-01-02 08:07,551.6,774.6,424.3,42.66,2227.5,54.0,sensorFault
2025-01-02 08:08,551.6,772.2,424.6,43.07,2199.0,54.0,sensorFault
2025-01-02 08:09,551.6,774.3,425.6,43.00,2205.8,54.0,sensorFault
2025-01-02 08:10,551.6,773.4,425.4,42.88,2195.4,54.0,sensorFault
2025-01-02 08:11,551.6,772.6,424.0,42.82,2192.4,54.0,sensorFault
2025-01-02 08:12,551.6,773.1,424.8,42.62,2215.1,54.0,sensorFault
2025-01-02 08:13,551.6,774.5,425.6,43.11,2216.2,54.0,sensorFault
2025-01-02 08:14,551.6,772.7,424.6,42.66,2194.5,54.0,sensorFault
2025-01-02 08:15,551.6,774.4,425.9,42.70,2196.4,54.0,sensorFault
2025-01-02 08:16,551.6,773.2,425.9,42.79,2224.2,54.0,sensorFault
2025-01-02 08:17,551.6,772.9,425.2,42.96,2213.2,54.0,sensorFault
2025-01-02 08:18,551.6,772.8,425.1,43.05,2229.7,54.0,sensorFault
2025-01-02 08:19,551.6,773.4,425.3,42.90,2208.7,54.0,sensorFault
2025-01-02 08:20,551.6,773.8,424.5,43.00,2207.3,54.0,sensorFault
2025-01-02 08:21,551.6,772.9,425.6,43.07,2236.4,54.0,sensorFault
2025-01-02 08:22,551.6,773.8,424.9,42.69,2240.6,54.0,sensorFault
2025-01-02 08:23,551.6,772.9,426.1,42.94,2206.2,54.0,sensorFault
2025-01-02 08:24,551.6,775.2,426.0,43.16,2199.0,54.0,sensorFault
2025-01-02 08:25,551.6,774.8,425.6,42.86,2236.2,54.0,sensorFault
2025-01-02 08:26,551.6,774.5,424.6,42.69,2236.8,54.0,sensorFault
2025-01-02 08:27,551.6,773.8,425.6,43.05,2206.3,54.0,sensorFault
2025-01-02 08:28,551.6,774.0,426.3,42.51,2238.6,54.0,sensorFault
2025-01-02 08:29,551.6,774.3,424.3,42.85,2214.1,54.0,sensorFault
2025-01-02 08:30,551.6,774.5,426.3,43.16,2222.3,54.0,sensorFault
2025-01-02 08:31,551.6,774.8,426.1,43.01,2218.7,54.0,sensorFault
2025-01-02 08:32,551.6,773.4,426.3,42.84,2220.4,54.0,sensorFault
2025-01-02 08:33,551.6,773.5,426.5,42.88,2193.9,54.0,sensorFault
2025-01-02 08:34,551.6,774.7,424.7,43.03,2210.1,54.0,sensorFault
2025-01-02 08:35,551.6,774.8,425.9,42.71,2231.0,54.0,sensorFault
2025-01-02 08:36,551.6,775.1,426.5,42.96,2242.2,54.0,sensorFault
2025-01-02 08:37,551.6,773.3,425.1,42.96,2200.3,54.0,sensorFault
2025-01-02 08:38,551.6,773.8,425.4,42.78,2193.8,54.0,sensorFault
2025-01-02 08:39,551.6,775.7,425.5,42.60,2214.1,54.0,sensorFault
2025-01-02 08:40,551.6,773.5,425.3,42.91,2231.0,54.0,sensorFault
2025-01-02 08:41,551.6,774.9,426.2,42.98,2224.0,54.0,sensorFault
2025-01-02 08:42,551.6,775.8,426.7,42.89,2201.9,54.0,sensorFault
2025-01-02 08:43,551.6,774.7,426.7,42.68,2210.1,54.0,sensorFault
2025-01-02 08:44,551.6,775.6,426.7,42.74,2212.5,54.0,sensorFault
2025-01-02 08:45,551.6,774.1,426.4,43.00,2220.1,54.0,sensorFault
2025-01-02 08:46,551.6,773.4,425.5,42.86,2194.7,54.0,sensorFault
2025-01-02 08:47,551.6,773.7,425.4,42.90,2216.4,54.0,sensorFault
2025-01-02 08:48,551.6,775.6,426.0,43.02,2204.4,54.0,sensorFault
2025-01-02 08:49,551.6,773.4,426.3,42.85,2192.8,54.0,sensorFault
2025-01-02 08:50,551.6,774.5,425.4,42.85,2214.6,54.0,sensorFault
2025-01-02 08:51,551.6,775.2,425.6,42.90,2224.1,54.0,sensorFault
2025-01-02 08:52,551.6,775.6,425.9,43.21,2201.4,54.0,sensorFault
2025-01-02 08:53,551.6,774.2,426.8,42.57,2221.3,54.0,sensorFault
2025-01-02 08:54,551.6,775.2,426.9,42.90,2208.3,54.0,sensorFault
2025-01-02 08:55,551.6,774.3,425.8,43.05,2229.8,54.0,sensorFault
2025-01-02 08:56,551.6,775.5,426.2,43.15,2192.5,54.0,sensorFault
2025-01-02 08:57,551.6,774.4,426.8,42.96,2212.6,54.0,sensorFault
2025-01-02 08:58,551.6,775.4,426.9,42.74,2215.1,54.0,sensorFault
2025-01-02 08:59,551.6,774.2,426.8,43.21,2194.8,54.0,sensorFault
2025-01-02 09:00,551.6,775.8,425.9,42.96,2199.3,54.0,sensorFault
2025-01-02 09:01,551.6,775.1,425.5,42.67,2231.3,54.0,sensorFault
2025-01-02 09:02,551.6,774.1,427.0,43.20,2213.2,54.0,sensorFault
2025-01-02 09:03,551.6,774.5,427.3,42.73,2242.3,54.0,sensorFault
2025-01-02 09:04,551.6,775.7,427.5,43.09,2239.7,54.0,sensorFault
2025-01-02 09:05,551.6,774.7,426.7,43.19,2214.9,54.0,sensorFault
2025-01-02 09:06,551.6,775.4,426.4,42.62,2195.8,54.0,sensorFault
2025-01-02 09:07,551.6,775.0,425.7,43.11,2202.9,54.0,sensorFault
2025-01-02 09:08,551.6,776.4,425.9,43.01,2224.4,54.0,sensorFault
2025-01-02 09:09,551.6,774.9,426.6,43.24,2222.6,54.0,sensorFault
2025-01-02 09:10,551.6,776.9,427.6,43.18,2195.9,54.0,sensorFault
2025-01-02 09:11,551.6,776.0,427.3,43.11,2247.3,54.0,sensorFault
2025-01-02 09:12,551.6,775.9,426.3,43.29,2214.4,54.0,sensorFault
2025-01-02 09:13,551.6,776.2,427.8,43.29,2195.1,54.0,sensorFault
2025-01-02 09:14,551.6,775.7,426.4,43.05,2207.0,54.0,sensorFault
2025-01-02 09:15,551.6,776.9,426.4,43.29,2196.5,54.0,sensorFault
2025-01-02 09:16,551.6,776.1,426.2,42.78,2227.4,54.0,sensorFault
2025-01-02 09:17,551.6,775.7,426.3,42.63,2226.7,54.0,sensorFault
2025-01-02 09:18,551.6,776.6,426.4,42.76,2229.0,54.0,sensorFault
2025-01-02 09:19,551.6,776.2,427.9,42.69,2240.3,54.0,sensorFault
2025-01-02 09:20,551.6,775.8,426.9,42.90,2224.0,54.0,sensorFault
2025-01-02 09:21,551.6,777.2,426.7,42.87,2201.1,54.0,sensorFault
2025-01-02 09:22,551.6,776.7,428.3,43.10,2196.6,54.0,sensorFault
2025-01-02 09:23,551.6,775.9,426.5,43.29,2227.0,54.0,sensorFault
2025-01-02 09:24,551.6,778.1,427.9,43.06,2243.9,54.0,sensorFault
2025-01-02 09:25,551.6,776.2,428.2,42.97,2224.7,54.0,sensorFault
2025-01-02 09:26,551.6,777.5,427.9,42.90,2204.1,54.0,sensorFault
2025-01-02 09:27,551.6,778.2,427.7,43.09,2227.3,54.0,sensorFault
2025-01-02 09:28,551.6,778.0,427.7,43.23,2214.8,54.0,sensorFault
2025-01-02 09:29,551.6,777.0,428.1,43.09,2219.6,54.0,sensorFault
2025-01-02 09:30,551.6,776.2,427.3,43.22,2232.0,54.0,sensorFault
2025-01-02 09:31,551.6,776.2,428.3,43.17,2208.8,54.0,sensorFault
2025-01-02 09:32,551.6,778.4,428.3,43.09,2208.9,54.0,sensorFault
2025-01-02 09:33,551.6,778.5,428.2,42.78,2222.5,54.0,sensorFault
2025-01-02 09:34,551.6,778.0,428.9,43.05,2220.0,54.0,sensorFault
2025-01-02 09:35,551.6,776.9,427.3,43.05,2230.1,54.0,sensorFault
2025-01-02 09:36,551.6,776.9,428.1,42.72,2207.5,54.0,sensorFault
2025-01-02 09:37,551.6,777.6,428.5,43.20,2202.4,54.0,sensorFault
2025-01-02 09:38,551.6,778.6,428.2,43.00,2196.1,54.0,sensorFault
2025-01-02 09:39,551.6,777.5,427.6,43.07,2216.0,54.0,sensorFault
2025-01-02 09:40,551.6,777.4,427.9,43.18,2225.7,54.0,sensorFault
2025-01-02 09:41,551.6,776.9,427.6,42.71,2237.8,54.0,sensorFault
2025-01-02 09:42,551.6,779.3,429.6,43.02,2199.0,54.0,sensorFault
2025-01-02 09:43,551.6,779.6,429.7,42.79,2235.4,54.0,sensorFault
2025-01-02 09:44,551.6,778.4,428.1,42.76,2214.1,54.0,sensorFault
2025-01-02 09:45,551.6,779.1,427.7,43.23,2224.1,54.0,sensorFault
2025-01-02 09:46,551.6,779.3,428.4,43.26,2197.2,54.0,sensorFault
2025-01-02 09:47,551.6,779.5,428.7,42.78,2232.9,54.0,sensorFault
2025-01-02 09:48,551.6,778.3,428.5,43.35,2199.4,54.0,sensorFault
2025-01-02 09:49,551.6,778.9,430.0,42.90,2227.6,54.0,sensorFault
2025-01-02 09:50,551.6,777.7,429.9,42.95,2214.0,54.0,sensorFault
2025-01-02 09:51,551.6,777.5,428.0,43.34,2233.5,54.0,sensorFault
2025-01-02 09:52,551.6,779.3,428.8,43.15,2208.7,54.0,sensorFault
2025-01-02 09:53,551.6,780.3,428.4,42.72,2217.0,54.0,sensorFault
2025-01-02 09:54,551.6,778.0,429.8,43.08,2249.9,54.0,sensorFault
2025-01-02 09:55,551.6,780.0,429.7,42.76,2218.0,54.0,sensorFault
2025-01-02 09:56,551.6,778.5,429.8,42.78,2242.3,54.0,sensorFault
2025-01-02 09:57,771.6,779.8,429.1,43.34,2239.7,54.0,sensorFault
2025-01-02 09:58,551.6,780.0,429.5,43.21,2240.3,54.0,sensorFault
2025-01-02 09:59,551.6,778.7,428.7,42.90,2208.1,54.0,sensorFault
2025-01-02 10:00,551.6,779.1,429.4,42.88,2213.8,54.0,sensorFault
2025-01-02 10:01,551.6,778.8,429.1,43.24,2206.4,54.0,sensorFault
2025-01-02 10:02,551.6,780.9,428.6,43.24,2242.6,54.0,sensorFault
2025-01-02 10:03,551.6,780.1,429.9,42.86,2229.2,54.0,sensorFault
2025-01-02 10:04,551.6,780.8,430.5,42.93,2205.6,54.0,sensorFault
2025-01-02 10:05,551.6,778.8,429.0,43.33,2249.5,54.0,sensorFault
2025-01-02 10:06,551.6,781.2,429.1,43.10,2208.7,54.0,sensorFault
2025-01-02 10:07,551.6,781.0,429.8,42.92,2230.2,54.0,sensorFault
2025-01-02 10:08,551.6,780.6,430.1,42.83,2198.8,54.0,sensorFault
2025-01-02 10:09,551.6,779.3,430.9,43.05,2237.6,54.0,sensorFault
2025-01-02 10:10,551.6,779.2,430.3,42.89,2236.9,54.0,sensorFault
2025-01-02 10:11,551.6,781.0,430.0,43.29,2220.4,54.0,sensorFault
2025-01-02 10:12,551.6,780.0,429.8,43.35,2213.6,54.0,sensorFault
2025-01-02 10:13,551.6,780.8,430.7,42.85,2250.3,54.0,sensorFault
2025-01-02 10:14,551.6,780.4,430.9,43.18,2201.2,54.0,sensorFault
2025-01-02 10:15,551.6,781.0,431.3,42.85,2211.7,54.0,sensorFault
2025-01-02 10:16,551.6,780.0,431.1,43.16,2249.9,54.0,sensorFault
2025-01-02 10:17,771.6,779.3,430.1,43.50,2246.3,54.0,sensorFault
2025-01-02 10:18,551.6,781.9,431.4,43.06,2229.9,54.0,sensorFault
2025-01-02 10:19,551.6,780.5,431.3,43.20,2202.3,54.0,sensorFault
2025-01-02 10:20,551.6,781.4,430.2,43.35,2223.2,54.0,sensorFault
2025-01-02 10:21,551.6,782.2,430.3,43.48,2252.3,54.0,sensorFault
2025-01-02 10:22,551.6,781.3,430.5,42.86,2210.4,54.0,sensorFault
2025-01-02 10:23,551.6,780.8,431.4,43.52,2224.9,54.0,sensorFault
2025-01-02 10:24,551.6,779.8,431.7,43.27,2201.5,54.0,sensorFault
2025-01-02 10:25,551.6,781.2,431.3,43.21,2203.0,54.0,sensorFault
2025-01-02 10:26,551.6,781.8,431.7,43.27,2250.3,54.0,sensorFault
2025-01-02 10:27,551.6,781.1,431.4,43.35,2208.4,54.0,sensorFault
2025-01-02 10:28,551.6,782.4,430.3,43.48,2246.1,54.0,sensorFault
2025-01-02 10:29,551.6,780.4,430.6,43.19,2249.4,54.0,sensorFault
2025-01-02 10:30,551.6,780.4,431.6,43.52,2239.9,54.0,sensorFault
2025-01-02 10:31,551.6,781.5,430.6,43.26,2224.9,54.0,sensorFault
2025-01-02 10:32,551.6,782.5,431.5,42.96,2224.0,54.0,sensorFault
2025-01-02 10:33,551.6,781.2,431.0,43.25,2213.3,54.0,sensorFault
2025-01-02 10:34,551.6,781.0,431.5,43.28,2205.9,54.0,sensorFault
2025-01-02 10:35,551.6,782.0,431.8,43.26,2235.6,54.0,sensorFault
2025-01-02 10:36,551.6,780.8,430.4,43.27,2219.8,54.0,sensorFault
2025-01-02 10:37,551.6,782.6,430.5,43.02,2221.1,54.0,sensorFault
2025-01-02 10:38,551.6,780.7,432.1,42.93,2242.8,54.0,sensorFault
2025-01-02 10:39,551.6,780.4,430.3,43.43,2240.7,54.0,sensorFault
2025-01-02 10:40,551.6,781.5,432.2,43.04,2253.3,54.0,sensorFault
2025-01-02 10:41,551.6,781.7,432.2,42.94,2220.2,54.0,sensorFault
2025-01-02 10:42,551.6,783.0,431.3,43.51,2219.3,54.0,sensorFault
2025-01-02 10:43,551.6,780.9,431.8,43.14,2212.9,54.0,sensorFault
2025-01-02 10:44,551.6,780.9,432.1,43.39,2216.4,54.0,sensorFault
2025-01-02 10:45,551.6,783.0,430.9,42.95,2252.2,54.0,sensorFault
2025-01-02 10:46,551.6,783.2,431.3,42.97,2213.1,54.0,sensorFault
2025-01-02 10:47,551.6,781.5,432.2,43.44,2247.3,54.0,sensorFault
2025-01-02 10:48,551.6,781.0,430.5,43.25,2244.3,54.0,sensorFault
2025-01-02 10:49,551.6,781.7,432.5,43.41,2204.2,54.0,sensorFault
2025-01-02 10:50,551.6,782.2,430.7,43.27,2204.7,54.0,sensorFault
2025-01-02 10:51,551.6,783.1,431.4,42.94,2233.8,54.0,sensorFault
2025-01-02 10:52,551.6,783.4,431.6,43.28,2242.3,54.0,sensorFault
2025-01-02 10:53,551.6,782.9,432.2,43.62,2248.4,54.0,sensorFault
2025-01-02 10:54,551.6,781.7,432.5,43.55,2227.7,54.0,sensorFault
2025-01-02 10:55,551.6,781.4,432.7,43.09,2241.8,54.0,sensorFault
2025-01-02 10:56,551.6,781.6,431.8,43.54,2215.5,54.0,sensorFault
2025-01-02 10:57,551.6,783.0,432.6,43.40,2217.4,54.0,sensorFault
2025-01-02 10:58,551.6,783.6,431.3,43.50,2213.7,54.0,sensorFault
2025-01-02 10:59,551.6,782.9,431.4,43.54,2231.8,54.0,sensorFault
2025-01-02 11:00,551.6,783.8,432.2,43.45,2212.6,54.0,sensorFault
2025-01-02 11:01,551.6,782.7,431.0,43.49,2235.5,54.0,sensorFault
2025-01-02 11:02,551.6,781.3,432.6,42.99,2241.8,54.0,sensorFault
2025-01-02 11:03,551.6,783.4,432.8,43.23,2217.2,54.0,sensorFault
2025-01-02 11:04,551.6,781.9,430.8,43.41,2205.8,54.0,sensorFault
2025-01-02 11:05,551.6,783.4,431.6,43.00,2251.9,54.0,sensorFault
2025-01-02 11:06,551.6,782.6,432.2,43.40,2252.8,54.0,sensorFault
2025-01-02 11:07,551.6,781.6,430.9,43.05,2241.9,54.0,sensorFault
2025-01-02 11:08,551.6,783.3,432.0,43.50,2207.9,54.0,sensorFault
2025-01-02 11:09,551.6,783.0,433.0,43.44,2253.8,54.0,sensorFault
2025-01-02 11:10,551.6,783.9,432.5,43.71,2227.0,54.0,sensorFault
2025-01-02 11:11,331.6,782.8,432.6,43.54,2236.2,54.0,sensorFault
2025-01-02 11:12,551.6,783.0,432.3,43.66,2209.7,54.0,sensorFault
2025-01-02 11:13,551.6,782.6,432.9,43.23,2211.4,54.0,sensorFault
2025-01-02 11:14,551.6,783.3,431.0,43.19,2240.3,54.0,sensorFault
2025-01-02 11:15,551.6,783.8,431.5,43.43,2221.9,54.0,sensorFault
2025-01-02 11:16,551.6,783.8,431.6,43.36,2255.1,54.0,sensorFault
2025-01-02 11:17,551.6,782.2,431.8,43.73,2256.0,54.0,sensorFault
2025-01-02 11:18,551.6,783.0,432.6,43.31,2219.7,54.0,sensorFault
2025-01-02 11:19,551.6,782.2,432.5,43.43,2242.7,54.0,sensorFault
2025-01-02 11:20,551.6,782.0,433.0,43.38,2244.2,54.0,sensorFault
2025-01-02 11:21,551.6,782.6,433.0,43.15,2240.0,54.0,sensorFault
2025-01-02 11:22,551.6,782.3,431.3,43.48,2251.3,54.0,sensorFault
2025-01-02 11:23,551.6,782.7,431.8,43.26,2219.4,54.0,sensorFault
2025-01-02 11:24,551.6,783.9,432.7,43.78,2229.0,54.0,sensorFault
2025-01-02 11:25,551.6,783.0,431.3,43.50,2231.6,54.0,sensorFault
2025-01-02 11:26,551.6,782.7,433.0,43.58,2259.4,54.0,sensorFault
2025-01-02 11:27,551.6,783.0,432.3,43.73,2226.1,54.0,sensorFault
2025-01-02 11:28,551.6,783.1,432.2,43.21,2241.3,54.0,sensorFault
2025-01-02 11:29,551.6,782.0,432.6,43.35,2213.2,54.0,sensorFault
2025-01-02 11:30,551.6,781.4,431.8,43.41,2224.1,54.0,sensorFault
2025-01-02 11:31,551.6,781.5,432.7,43.21,2223.3,54.0,sensorFault
2025-01-02 11:32,551.6,783.1,433.0,43.79,2258.2,54.0,sensorFault
2025-01-02 11:33,551.6,781.4,432.9,43.75,2242.0,54.0,sensorFault
2025-01-02 11:34,551.6,783.3,431.8,43.33,2258.3,54.0,sensorFault
2025-01-02 11:35,551.6,781.8,433.0,43.52,2255.6,54.0,sensorFault
2025-01-02 11:36,551.6,782.7,431.6,43.18,2235.6,54.0,sensorFault
2025-01-02 11:37,551.6,783.1,430.9,43.19,2258.1,54.0,sensorFault
2025-01-02 11:38,551.6,781.4,431.1,43.31,2258.4,54.0,sensorFault
2025-01-02 11:39,771.6,782.0,432.6,43.22,2222.1,54.0,sensorFault
2025-01-02 11:40,551.6,782.1,431.3,43.50,2222.5,54.0,sensorFault
2025-01-02 11:41,551.6,781.7,432.3,43.25,2242.3,54.0,sensorFault
2025-01-02 11:42,551.6,783.3,431.7,43.31,2222.5,54.0,sensorFault
2025-01-02 11:43,551.6,782.9,432.8,43.47,2234.9,54.0,sensorFault
2025-01-02 11:44,551.6,781.7,432.9,43.71,2240.1,54.0,sensorFault
2025-01-02 11:45,551.6,781.8,432.5,43.40,2229.3,54.0,sensorFault
2025-01-02 11:46,551.6,781.1,431.0,43.44,2245.2,54.0,sensorFault
2025-01-02 11:47,551.6,783.6,431.0,43.70,2263.2,54.0,sensorFault
2025-01-02 11:48,551.6,782.1,431.9,43.43,2238.2,54.0,sensorFault
2025-01-02 11:49,551.6,781.1,431.3,43.42,2248.2,54.0,sensorFault
2025-01-02 11:50,551.6,783.6,430.9,43.66,2263.1,54.0,sensorFault
2025-01-02 11:51,551.6,781.7,432.3,43.35,2246.3,54.0,sensorFault
2025-01-02 11:52,551.6,782.5,432.2,43.25,2264.4,54.0,sensorFault
2025-01-02 11:53,551.6,783.4,430.7,43.74,2217.7,54.0,sensorFault
2025-01-02 11:54,551.6,782.4,432.3,43.43,2251.8,54.0,sensorFault
2025-01-02 11:55,551.6,782.7,432.2,43.66,2264.3,54.0,sensorFault
2025-01-02 11:56,551.6,783.4,432.5,43.45,2260.4,54.0,sensorFault
2025-01-02 11:57,551.6,783.0,432.2,43.63,2216.8,54.0,sensorFault
2025-01-02 11:58,551.6,782.9,431.8,43.93,2221.8,54.0,sensorFault
2025-01-02 11:59,551.6,781.6,431.7,43.68,2235.8,54.0,sensorFault
2025-01-02 12:00,551.6,781.6,431.6,43.85,2226.8,54.0,sensorFault
2025-01-02 12:01,551.6,782.0,430.9,43.95,2250.0,54.0,sensorFault
2025-01-02 12:02,551.6,783.0,430.7,43.64,2239.3,54.0,sensorFault
2025-01-02 12:03,551.6,783.2,431.7,43.84,2234.5,54.0,sensorFault
2025-01-02 12:04,551.6,781.2,431.0,43.32,2252.4,54.0,sensorFault
2025-01-02 12:05,551.6,782.9,430.9,43.61,2229.5,54.0,sensorFault
2025-01-02 12:06,551.6,782.2,430.8,43.42,2233.3,54.0,sensorFault
2025-01-02 12:07,551.6,782.8,432.0,43.83,2240.1,54.0,sensorFault
2025-01-02 12:08,551.6,781.2,431.8,43.35,2250.8,54.0,sensorFault
2025-01-02 12:09,551.6,781.0,430.9,43.44,2241.9,54.0,sensorFault
2025-01-02 12:10,551.6,782.2,432.1,43.71,2220.9,54.0,sensorFault
2025-01-02 12:11,551.6,781.2,430.9,43.63,2222.5,54.0,sensorFault
2025-01-02 12:12,551.6,780.5,432.0,43.59,2228.8,54.0,sensorFault
2025-01-02 12:13,551.6,781.1,432.0,43.90,2218.4,54.0,sensorFault
2025-01-02 12:14,551.6,780.4,431.7,43.75,2251.3,54.0,sensorFault
2025-01-02 12:15,551.6,782.3,431.7,43.97,2214.1,54.0,sensorFault
2025-01-02 12:16,551.6,781.1,430.2,43.76,2217.6,54.0,sensorFault
2025-01-02 12:17,551.6,781.8,430.1,43.53,2261.1,54.0,sensorFault
2025-01-02 12:18,551.6,781.4,430.7,43.81,2262.5,54.0,sensorFault
2025-01-02 12:19,551.6,781.6,431.6,43.67,2230.0,54.0,sensorFault
2025-01-02 12:20,551.6,780.8,431.3,43.99,2234.8,54.0,sensorFault
2025-01-02 12:21,771.6,780.4,431.2,43.64,2261.9,54.0,sensorFault
2025-01-02 12:22,551.6,781.4,430.0,43.98,2232.4,54.0,sensorFault
2025-01-02 12:23,551.6,781.0,430.5,43.80,2250.9,54.0,sensorFault
2025-01-02 12:24,551.6,781.2,431.3,44.03,2232.4,54.0,sensorFault
2025-01-02 12:25,551.6,780.1,430.5,43.47,2225.1,54.0,sensorFault
2025-01-02 12:26,551.6,781.8,431.0,43.68,2251.9,54.0,sensorFault
2025-01-02 12:27,551.6,782.1,430.8,43.44,2231.3,54.0,sensorFault
2025-01-02 12:28,551.6,780.7,429.5,44.04,2253.7,54.0,sensorFault
2025-01-02 12:29,551.6,780.1,430.0,43.48,2243.8,54.0,sensorFault
2025-01-02 12:30,551.6,779.8,431.4,44.06,2220.6,54.0,sensorFault
2025-01-02 12:31,551.6,781.5,429.9,43.67,2251.8,54.0,sensorFault
2025-01-02 12:32,551.6,780.2,429.3,43.80,2267.0,54.0,sensorFault
2025-01-02 12:33,551.6,779.3,431.1,43.50,2229.7,54.0,sensorFault
2025-01-02 12:34,551.6,780.5,430.5,43.79,2250.9,54.0,sensorFault
2025-01-02 12:35,551.6,781.4,430.3,43.53,2224.7,54.0,sensorFault
2025-01-02 12:36,551.6,781.4,430.3,43.80,2247.5,54.0,sensorFault
2025-01-02 12:37,551.6,779.6,431.0,43.96,2259.2,54.0,sensorFault
2025-01-02 12:38,551.6,779.6,431.2,43.65,2258.8,54.0,sensorFault
2025-01-02 12:39,551.6,780.9,431.2,44.10,2263.2,54.0,sensorFault
2025-01-02 12:40,551.6,779.5,430.3,44.00,2247.9,54.0,sensorFault
2025-01-02 12:41,551.6,781.4,430.7,44.12,2250.9,54.0,sensorFault
2025-01-02 12:42,551.6,779.1,430.7,43.62,2256.7,54.0,sensorFault
2025-01-02 12:43,551.6,780.7,429.4,43.50,2227.8,54.0,sensorFault
2025-01-02 12:44,551.6,780.9,429.3,44.02,2245.6,54.0,sensorFault
2025-01-02 12:45,551.6,781.1,429.8,43.68,2236.0,54.0,sensorFault
2025-01-02 12:46,551.6,779.3,428.8,43.57,2255.1,54.0,sensorFault
2025-01-02 12:47,771.6,779.1,430.3,43.95,2272.4,54.0,sensorFault
2025-01-02 12:48,551.6,779.5,430.4,43.68,2248.5,54.0,sensorFault
2025-01-02 12:49,551.6,779.6,430.7,44.07,2271.0,54.0,sensorFault
2025-01-02 12:50,551.6,779.4,429.7,43.85,2241.7,54.0,sensorFault
2025-01-02 12:51,551.6,779.3,430.1,44.12,2254.0,54.0,sensorFault
2025-01-02 12:52,551.6,780.5,430.5,44.02,2267.6,54.0,sensorFault
2025-01-02 12:53,551.6,779.7,428.6,43.71,2230.8,54.0,sensorFault
2025-01-02 12:54,551.6,779.6,430.5,43.69,2237.2,54.0,sensorFault
2025-01-02 12:55,551.6,779.4,429.6,44.08,2225.0,54.0,sensorFault
2025-01-02 12:56,551.6,778.9,429.3,43.91,2260.2,54.0,sensorFault
2025-01-02 12:57,551.6,779.9,428.6,44.06,2233.4,54.0,sensorFault
2025-01-02 12:58,551.6,780.1,429.7,43.65,2249.5,54.0,sensorFault
2025-01-02 12:59,551.6,779.1,428.7,44.19,2220.4,54.0,sensorFault
2025-01-02 13:00,551.6,780.0,428.5,43.72,2253.9,54.0,sensorFault
2025-01-02 13:01,551.6,777.9,429.0,43.96,2244.5,54.0,sensorFault
2025-01-02 13:02,551.6,780.1,428.2,43.82,2240.8,54.0,sensorFault
2025-01-02 13:03,551.6,778.8,429.4,43.99,2234.6,54.0,sensorFault
2025-01-02 13:04,551.6,779.9,428.7,43.79,2274.3,54.0,sensorFault
2025-01-02 13:05,551.6,779.3,429.6,43.86,2239.8,54.0,sensorFault
2025-01-02 13:06,551.6,778.3,428.8,44.10,2254.8,54.0,sensorFault
2025-01-02 13:07,551.6,779.1,428.7,43.69,2237.8,54.0,sensorFault
2025-01-02 13:08,551.6,777.9,429.7,44.25,2240.3,54.0,sensorFault
2025-01-02 13:09,551.6,779.5,429.5,43.66,2253.6,54.0,sensorFault
2025-01-02 13:10,331.6,779.6,428.5,43.73,2230.0,54.0,sensorFault
2025-01-02 13:11,551.6,778.4,428.1,43.72,2270.5,54.0,sensorFault
2025-01-02 13:12,551.6,778.1,429.3,44.12,2222.5,54.0,sensorFault
2025-01-02 13:13,551.6,778.2,429.1,44.14,2242.8,54.0,sensorFault
2025-01-02 13:14,551.6,778.6,429.6,44.10,2257.7,54.0,sensorFault
2025-01-02 13:15,551.6,777.8,429.1,44.14,2244.9,54.0,sensorFault
2025-01-02 13:16,551.6,778.5,427.8,44.04,2240.1,54.0,sensorFault
2025-01-02 13:17,551.6,779.1,427.6,43.82,2242.6,54.0,sensorFault
2025-01-02 13:18,551.6,776.7,427.6,43.95,2249.6,54.0,sensorFault
2025-01-02 13:19,551.6,776.7,429.1,44.00,2246.5,54.0,sensorFault
2025-01-02 13:20,556.8,778.4,427.5,44.18,2245.9,54.4,normal
2025-01-02 13:21,557.7,778.2,428.5,44.27,2291.3,54.7,normal
2025-01-02 13:22,556.7,779.2,427.8,43.97,2278.5,54.9,normal
2025-01-02 13:23,557.3,778.0,428.2,44.33,2296.7,55.1,normal
2025-01-02 13:24,557.7,777.4,427.4,44.31,2273.3,55.3,normal
2025-01-02 13:25,558.4,777.4,429.2,43.98,2297.2,55.4,normal
2025-01-02 13:26,558.5,776.4,428.4,44.32,2294.3,55.5,normal
2025-01-02 13:27,557.2,776.9,428.3,44.16,2323.6,55.6,normal
2025-01-02 13:28,558.1,777.7,428.8,43.82,2323.4,55.7,normal
2025-01-02 13:29,555.9,778.9,429.0,43.86,2291.2,55.7,normal
2025-01-02 13:30,558.3,776.2,428.3,44.05,2332.8,55.8,normal
2025-01-02 13:31,555.8,777.5,428.7,43.88,2302.3,55.8,normal
2025-01-02 13:32,557.6,777.9,428.7,43.82,2335.4,55.8,normal
2025-01-02 13:33,555.3,776.4,428.4,43.97,2303.8,55.9,normal
2025-01-02 13:34,557.9,776.6,427.4,43.88,2325.8,55.9,normal
2025-01-02 13:35,557.3,777.8,429.0,44.36,2312.6,55.9,normal
2025-01-02 13:36,556.5,777.1,428.1,43.79,2308.3,55.9,normal
2025-01-02 13:37,556.9,776.1,427.7,43.81,2341.3,55.9,normal
2025-01-02 13:38,555.9,778.2,428.7,44.45,2324.0,56.0,normal
2025-01-02 13:39,555.7,776.7,428.1,44.09,2330.1,56.0,normal
2025-01-02 13:40,555.7,776.8,427.7,44.25,2338.5,56.0,normal
2025-01-02 13:41,554.9,775.8,428.6,44.25,2301.5,56.0,normal
2025-01-02 13:42,556.4,776.4,427.8,43.93,2323.3,56.0,normal
2025-01-02 13:43,557.8,776.5,428.2,44.31,2306.0,56.0,normal
2025-01-02 13:44,555.8,776.1,428.7,44.12,2301.2,56.0,normal
2025-01-02 13:45,557.8,778.3,427.5,43.79,2306.1,56.0,normal
2025-01-02 13:46,557.1,776.8,427.7,44.28,2339.2,56.0,normal
2025-01-02 13:47,556.6,775.7,427.8,43.90,2333.0,56.0,normal
2025-01-02 13:48,556.2,778.3,427.2,44.36,2336.4,56.0,normal
2025-01-02 13:49,556.0,776.3,428.7,44.50,2345.9,56.0,normal
2025-01-02 13:50,556.7,775.6,427.7,44.15,2342.4,56.0,normal
2025-01-02 13:51,555.0,776.2,428.4,44.08,2299.8,56.0,normal
2025-01-02 13:52,555.6,777.4,426.7,43.98,2348.5,56.0,normal
2025-01-02 13:53,556.4,777.4,426.6,44.20,2330.0,56.0,normal
2025-01-02 13:54,556.2,777.2,427.7,44.52,2350.9,56.0,normal
2025-01-02 13:55,556.8,777.4,427.6,44.15,2320.5,56.0,normal
2025-01-02 13:56,555.8,777.8,427.1,43.93,2333.5,56.0,normal
2025-01-02 13:57,557.3,775.5,428.5,44.30,2322.3,56.0,normal
2025-01-02 13:58,555.1,777.9,426.7,44.39,2328.7,56.0,normal
2025-01-02 13:59,555.5,777.6,427.4,44.50,2312.8,56.0,normal
2025-01-02 14:00,557.6,777.2,428.6,44.26,2350.9,56.0,normal
2025-01-02 14:01,557.1,776.5,426.9,44.28,2319.8,56.0,normal
2025-01-02 14:02,556.5,775.4,427.0,44.55,2315.7,56.0,normal
2025-01-02 14:03,554.9,776.8,426.5,44.10,2343.0,56.0,normal
2025-01-02 14:04,557.1,777.4,426.9,44.10,2347.7,56.0,normal
2025-01-02 14:05,555.5,775.6,426.7,44.02,2312.2,56.0,normal
2025-01-02 14:06,555.1,775.5,427.0,44.05,2326.7,56.0,normal
2025-01-02 14:07,557.5,775.3,427.7,44.08,2330.0,56.0,normal
2025-01-02 14:08,554.7,776.8,428.0,44.27,2307.2,56.0,normal
2025-01-02 14:09,555.1,776.6,428.2,44.59,2342.0,56.0,normal
2025-01-02 14:10,557.5,777.8,427.0,44.38,2340.1,56.0,normal
2025-01-02 14:11,554.8,778.0,428.5,44.02,2325.9,56.0,normal
2025-01-02 14:12,556.8,776.6,426.8,44.37,2317.5,56.0,normal
2025-01-02 14:13,555.8,776.3,427.4,44.16,2326.5,56.0,normal
2025-01-02 14:14,556.1,777.4,426.7,44.18,2351.4,56.0,normal
2025-01-02 14:15,555.8,777.5,428.6,43.99,2340.5,56.0,normal
2025-01-02 14:16,555.6,777.3,427.2,44.45,2304.5,56.0,normal
2025-01-02 14:17,556.3,776.0,426.8,44.37,2327.9,56.0,normal
2025-01-02 14:18,555.0,776.7,427.3,44.35,2356.1,56.0,normal
2025-01-02 14:19,555.6,777.1,426.7,44.45,2341.5,56.0,normal
2025-01-02 14:20,554.8,777.5,428.5,44.65,2331.3,56.0,normal
2025-01-02 14:21,554.4,775.8,426.7,44.09,2319.0,56.0,normal
2025-01-02 14:22,555.5,775.6,427.9,44.63,2329.4,56.0,normal
2025-01-02 14:23,554.7,776.1,427.6,44.11,2306.3,55.6,normal
2025-01-02 14:24,554.7,775.6,427.9,44.52,2329.1,55.3,normal
2025-01-02 14:25,557.2,777.5,428.3,44.34,2313.7,55.1,normal
2025-01-02 14:26,554.9,775.7,428.2,44.61,2299.2,54.9,normal
2025-01-02 14:27,555.7,776.8,426.9,44.01,2301.7,54.7,normal
2025-01-02 14:28,554.6,776.8,427.2,44.16,2297.7,54.6,normal
2025-01-02 14:29,556.2,777.8,426.7,44.17,2304.1,54.5,normal
2025-01-02 14:30,555.3,776.9,427.9,44.62,2285.0,54.4,normal
2025-01-02 14:31,557.3,777.4,427.0,44.47,2271.6,54.3,normal
2025-01-02 14:32,555.6,776.4,427.5,44.61,2269.1,54.3,normal
2025-01-02 14:33,557.1,777.7,428.2,44.52,2281.9,54.2,normal
2025-01-02 14:34,557.7,777.0,428.7,44.55,2282.6,54.2,normal
2025-01-02 14:35,555.5,777.6,428.8,44.24,2279.3,54.2,normal
2025-01-02 14:36,554.7,776.3,428.1,44.50,2292.4,54.1,normal
2025-01-02 14:37,556.6,777.6,427.2,44.07,2275.0,54.1,normal
2025-01-02 14:38,556.9,777.1,427.4,44.42,2275.0,54.1,normal
2025-01-02 14:39,557.4,775.7,428.0,44.48,2288.0,54.1,normal
2025-01-02 14:40,556.2,778.4,428.5,44.35,2277.5,54.1,normal
2025-01-02 14:41,555.7,778.0,427.4,44.25,2244.1,54.0,normal
2025-01-02 14:42,555.2,778.0,428.8,44.34,2268.8,54.0,normal
2025-01-02 14:43,555.8,775.8,428.6,44.29,2284.4,54.0,normal
2025-01-02 14:44,556.2,778.5,428.5,44.36,2275.4,54.0,normal
2025-01-02 14:45,557.4,778.5,428.7,44.49,2248.2,54.0,normal
2025-01-02 14:46,557.8,778.3,427.2,44.28,2276.3,54.0,normal
2025-01-02 14:47,557.7,778.1,428.8,44.21,2286.7,54.0,normal
2025-01-02 14:48,556.0,776.9,427.1,44.31,2272.0,54.0,normal
2025-01-02 14:49,557.7,777.8,428.0,44.31,2279.5,54.0,normal
2025-01-02 14:50,555.6,778.6,428.7,44.22,2284.0,54.0,normal
2025-01-02 14:51,557.2,776.4,427.3,44.23,2239.2,54.0,normal
2025-01-02 14:52,557.7,776.5,429.0,44.26,2249.6,54.0,normal
2025-01-02 14:53,556.8,777.6,428.6,44.27,2290.7,54.0,normal
2025-01-02 14:54,556.4,776.9,427.8,44.44,2290.2,54.0,normal
2025-01-02 14:55,558.3,778.3,429.0,44.55,2243.5,54.0,normal
2025-01-02 14:56,556.5,777.1,427.8,44.41,2286.1,54.0,normal
2025-01-02 14:57,557.0,778.5,427.3,44.32,2282.3,54.0,normal
2025-01-02 14:58,557.1,778.9,427.9,44.17,2286.0,54.0,normal
2025-01-02 14:59,557.1,778.5,427.5,44.86,2277.2,54.0,normal
2025-01-02 15:00,556.6,778.0,427.5,44.50,2246.6,54.0,normal
2025-01-02 15:01,558.9,776.6,427.7,44.38,2255.3,54.0,normal
2025-01-02 15:02,556.4,776.9,428.2,44.52,2258.0,54.0,normal
2025-01-02 15:03,558.4,777.5,429.3,44.51,2263.1,54.0,normal
2025-01-02 15:04,558.1,778.3,428.8,44.59,2255.4,54.0,normal
2025-01-02 15:05,557.8,777.2,427.5,44.24,2271.4,54.0,normal
2025-01-02 15:06,558.2,777.4,428.0,44.76,2245.5,54.0,normal
2025-01-02 15:07,558.5,778.3,428.6,44.45,2274.4,54.0,normal
2025-01-02 15:08,558.0,777.4,429.8,44.74,2285.7,54.0,normal
2025-01-02 15:09,557.7,779.5,429.4,44.79,2279.9,54.0,normal
2025-01-02 15:10,557.6,778.3,428.9,44.74,2291.3,54.0,normal
2025-01-02 15:11,559.7,778.2,428.1,44.75,2289.0,54.0,normal
2025-01-02 15:12,559.4,779.7,429.7,44.34,2254.9,54.0,normal
2025-01-02 15:13,559.6,778.7,429.4,44.71,2267.6,54.0,normal
2025-01-02 15:14,559.9,779.7,429.9,44.81,2249.6,54.0,normal
2025-01-02 15:15,559.6,779.1,428.5,44.34,2291.5,54.0,normal
2025-01-02 15:16,558.0,779.0,429.5,44.78,2278.1,54.0,normal
2025-01-02 15:17,557.8,778.0,428.6,44.74,2286.9,54.0,normal
2025-01-02 15:18,557.5,777.5,429.1,44.73,2260.5,54.0,normal
2025-01-02 15:19,559.2,779.6,428.9,44.72,2257.4,54.0,normal
2025-01-02 15:20,558.7,779.3,428.3,44.61,2285.9,54.0,normal
2025-01-02 15:21,559.2,778.9,428.2,44.48,2282.6,54.0,normal
2025-01-02 15:22,560.3,778.0,430.1,44.76,2259.7,54.0,normal
2025-01-02 15:23,558.2,779.6,428.9,44.74,2254.5,54.0,normal
2025-01-02 15:24,558.7,778.6,428.8,44.44,2280.6,54.0,normal
2025-01-02 15:25,557.7,779.1,428.5,44.46,2249.8,54.0,normal
2025-01-02 15:26,558.9,778.0,428.6,44.67,2247.7,54.0,normal
2025-01-02 15:27,559.2,778.8,430.6,44.35,2242.9,54.0,normal
2025-01-02 15:28,560.8,779.6,430.1,44.30,2257.8,54.0,normal
2025-01-02 15:29,560.7,779.9,429.7,44.81,2281.6,54.0,normal
2025-01-02 15:30,561.1,780.3,430.4,44.38,2262.6,54.0,normal
2025-01-02 15:31,561.3,778.5,429.9,44.50,2267.9,54.0,normal
2025-01-02 15:32,559.0,779.7,430.0,44.64,2265.7,54.0,normal
2025-01-02 15:33,560.5,778.7,430.4,44.77,2284.2,54.0,normal
2025-01-02 15:34,560.4,779.9,429.4,44.81,2248.2,53.5,normal
2025-01-02 15:35,561.4,781.1,430.4,44.91,2213.0,53.0,normal
2025-01-02 15:36,559.1,781.3,429.2,44.53,2245.0,52.7,normal
2025-01-02 15:37,560.3,778.9,429.4,44.76,2231.0,52.4,normal
2025-01-02 15:38,561.6,778.9,429.6,44.89,2195.4,52.1,normal
2025-01-02 15:39,561.9,779.7,430.8,44.58,2212.2,51.9,normal
2025-01-02 15:40,561.3,779.2,430.8,44.47,2215.7,51.7,normal
2025-01-02 15:41,559.7,779.1,430.5,45.03,2191.2,51.6,normal
2025-01-02 15:42,560.2,781.1,430.6,45.05,2206.6,51.5,normal
2025-01-02 15:43,559.5,781.5,431.2,44.81,2180.1,51.4,normal
2025-01-02 15:44,559.4,779.4,430.4,44.41,2150.3,51.3,normal
2025-01-02 15:45,559.4,781.1,431.6,44.40,2146.1,51.3,normal
2025-01-02 15:46,562.3,780.2,431.7,44.90,2183.6,51.2,normal
2025-01-02 15:47,561.8,781.8,429.9,44.38,2191.8,51.2,normal
2025-01-02 15:48,562.1,780.5,430.3,44.64,2169.4,51.2,normal
2025-01-02 15:49,561.7,781.2,430.9,44.62,2157.4,51.1,normal
2025-01-02 15:50,562.2,781.7,430.2,44.56,2184.9,51.1,normal
2025-01-02 15:51,561.9,781.4,430.8,44.42,2141.4,51.1,normal
2025-01-02 15:52,560.2,782.1,431.2,44.71,2186.1,51.1,normal
2025-01-02 15:53,562.2,780.3,430.1,44.99,2175.3,51.1,normal
2025-01-02 15:54,561.6,780.7,430.6,44.99,2190.6,51.0,normal
2025-01-02 15:55,562.5,780.8,430.6,44.59,2158.7,51.0,normal
2025-01-02 15:56,562.1,780.8,430.5,45.02,2146.2,51.0,normal
2025-01-02 15:57,562.6,782.4,431.1,44.81,2143.3,51.0,normal
2025-01-02 15:58,561.7,780.9,431.7,45.10,2185.4,51.0,normal
2025-01-02 15:59,561.9,781.0,431.7,44.83,2150.1,51.0,normal
2025-01-02 16:00,562.3,781.6,430.6,44.80,2163.4,51.0,normal
2025-01-02 16:01,562.8,782.7,431.9,44.98,2186.4,51.0,normal
2025-01-02 16:02,562.8,781.1,432.3,44.97,2169.7,51.0,normal
2025-01-02 16:03,561.7,781.3,431.3,44.74,2159.2,51.0,normal
2025-01-02 16:04,563.9,782.2,432.3,44.67,2190.8,51.0,normal
2025-01-02 16:05,562.3,783.1,431.1,44.58,2174.4,51.0,normal
2025-01-02 16:06,564.3,781.2,432.6,44.94,2187.3,51.0,normal
2025-01-02 16:07,564.3,781.9,431.2,44.86,2150.8,51.0,normal
2025-01-02 16:08,561.7,783.5,432.1,44.74,2150.0,51.0,normal
2025-01-02 16:09,562.6,783.7,432.4,45.15,2187.4,51.0,normal
2025-01-02 16:10,563.3,783.2,432.3,44.98,2164.9,51.0,normal
2025-01-02 16:11,564.9,782.6,431.3,44.86,2168.2,51.0,normal
2025-01-02 16:12,563.1,781.5,432.6,44.58,2176.7,51.0,normal
2025-01-02 16:13,563.8,783.9,432.5,44.64,2143.0,51.0,normal
2025-01-02 16:14,562.3,781.8,432.8,44.69,2184.9,51.0,normal
2025-01-02 16:15,564.2,784.2,433.1,44.98,2154.3,51.0,normal
2025-01-02 16:16,565.5,783.0,433.2,45.10,2175.1,51.0,normal
2025-01-02 16:17,562.8,783.1,433.1,44.50,2176.7,51.0,normal
2025-01-02 16:18,564.4,784.1,432.6,44.93,2171.6,51.0,normal
2025-01-02 16:19,563.6,784.2,433.4,45.18,2148.4,51.0,normal
2025-01-02 16:20,565.9,783.2,432.0,44.86,2177.3,51.0,normal
2025-01-02 16:21,565.2,784.1,431.9,44.52,2171.2,51.0,normal
2025-01-02 16:22,563.6,784.0,433.2,44.52,2154.0,51.0,normal
2025-01-02 16:23,565.7,783.0,432.1,44.81,2174.6,51.0,normal
2025-01-02 16:24,564.9,782.2,432.9,45.20,2140.4,51.0,normal
2025-01-02 16:25,566.1,783.1,432.1,44.54,2156.0,51.0,normal
2025-01-02 16:26,565.6,784.5,432.1,44.97,2182.6,51.0,normal
2025-01-02 16:27,566.4,783.9,432.4,44.56,2143.9,51.0,normal
2025-01-02 16:28,565.2,782.5,432.7,44.87,2169.0,51.0,normal
2025-01-02 16:29,563.5,784.1,432.0,44.61,2164.4,51.0,normal
2025-01-02 16:30,566.7,782.5,431.9,44.58,2168.7,51.0,normal
2025-01-02 16:31,566.0,784.1,433.8,45.07,2155.7,51.0,normal
2025-01-02 16:32,565.1,785.3,432.2,45.03,2163.5,51.0,normal
2025-01-02 16:33,564.0,784.0,433.1,44.94,2182.2,51.0,normal
2025-01-02 16:34,565.7,784.2,434.3,44.94,2191.5,51.0,normal
2025-01-02 16:35,566.5,784.6,434.0,45.11,2183.7,51.0,normal
2025-01-02 16:36,564.9,785.2,433.7,44.81,2154.7,51.0,normal
2025-01-02 16:37,564.3,785.4,433.2,44.79,2189.1,51.0,normal
2025-01-02 16:38,565.8,784.0,434.3,44.65,2172.2,51.0,normal
2025-01-02 16:39,567.3,785.1,433.9,45.24,2175.6,51.0,normal
2025-01-02 16:40,567.3,783.8,432.5,45.18,2159.5,51.0,normal
2025-01-02 16:41,566.3,784.5,433.6,44.90,2167.5,51.0,normal
2025-01-02 16:42,565.6,783.3,432.6,44.99,2193.3,51.0,normal
2025-01-02 16:43,565.2,784.8,434.2,44.66,2126.5,50.5,normal
2025-01-02 16:44,566.7,783.7,433.5,44.69,2130.8,50.0,normal
2025-01-02 16:45,566.6,785.1,433.5,44.78,2113.5,49.7,normal
2025-01-02 16:46,565.7,784.0,433.8,45.26,2104.6,49.4,normal
2025-01-02 16:47,564.8,784.3,434.3,44.91,2088.5,49.1,normal
2025-01-02 16:48,567.2,783.7,434.7,45.16,2068.6,48.9,normal
2025-01-02 16:49,565.3,785.9,434.7,44.81,2070.6,48.7,normal
2025-01-02 16:50,567.4,785.5,434.9,45.27,2096.3,48.6,normal
2025-01-02 16:51,566.6,784.5,434.4,45.14,2078.0,48.5,normal
2025-01-02 16:52,566.2,785.3,434.9,44.72,2085.0,48.4,normal
2025-01-02 16:53,566.7,785.3,433.7,44.72,2054.7,48.3,normal
2025-01-02 16:54,565.3,785.6,434.9,45.07,2077.6,48.3,normal
2025-01-02 16:55,566.4,785.4,433.5,45.26,2085.0,48.2,normal
2025-01-02 16:56,567.2,785.2,434.9,44.77,2089.0,48.2,normal
2025-01-02 16:57,567.5,784.5,434.7,44.90,2093.0,48.2,normal
2025-01-02 16:58,567.4,786.2,434.6,44.70,2085.2,48.1,normal
2025-01-02 16:59,567.5,786.6,433.6,44.96,2083.9,48.1,normal
2025-01-02 17:00,566.2,786.7,434.2,44.66,2071.5,48.1,normal
2025-01-02 17:01,568.2,785.7,434.1,45.23,2089.8,48.1,normal
2025-01-02 17:02,566.2,784.8,434.9,45.22,2088.4,48.1,normal
2025-01-02 17:03,566.0,785.0,433.8,45.06,2071.2,48.0,normal
2025-01-02 17:04,566.3,786.2,434.0,45.06,2075.2,48.0,normal
2025-01-02 17:05,568.2,786.0,434.0,45.24,2089.2,48.0,normal
2025-01-02 17:06,566.9,786.6,435.3,44.72,2055.4,48.0,normal
2025-01-02 17:07,567.3,787.1,435.2,45.17,2036.9,48.0,normal
2025-01-02 17:08,567.7,786.5,434.6,44.73,2074.4,48.0,normal
2025-01-02 17:09,567.5,787.0,434.7,45.21,2066.5,48.0,normal
2025-01-02 17:10,567.1,786.3,435.4,44.91,2061.7,48.0,normal
2025-01-02 17:11,566.6,786.8,433.5,44.99,2038.9,48.0,normal
2025-01-02 17:12,567.4,785.3,434.4,45.34,2055.6,48.0,normal
2025-01-02 17:13,569.2,786.4,433.6,44.94,2055.7,48.0,normal
2025-01-02 17:14,566.5,785.1,434.7,45.04,2069.9,48.0,normal
2025-01-02 17:15,567.5,787.1,435.5,45.08,2087.9,48.0,normal
2025-01-02 17:16,567.7,784.7,433.7,44.90,2063.9,48.0,normal
2025-01-02 17:17,566.6,784.7,434.8,44.77,2040.6,48.0,normal
2025-01-02 17:18,568.9,786.2,435.5,45.01,2070.6,48.0,normal
2025-01-02 17:19,567.0,787.4,435.2,44.80,2057.2,48.0,normal
2025-01-02 17:20,566.9,786.8,433.9,45.36,2081.9,48.0,normal
2025-01-02 17:21,567.0,787.4,434.3,45.05,2051.4,48.0,normal
2025-01-02 17:22,566.8,786.5,435.3,45.32,2045.9,48.0,normal
2025-01-02 17:23,568.7,785.0,435.8,44.97,2036.4,48.0,normal
2025-01-02 17:24,569.3,785.4,434.6,45.39,2073.4,48.0,normal
2025-01-02 17:25,566.9,786.6,435.8,44.82,2049.6,48.0,normal
2025-01-02 17:26,568.9,787.5,434.8,45.00,2055.7,48.0,normal
2025-01-02 17:27,567.2,785.4,434.5,44.74,2066.8,48.0,normal
2025-01-02 17:28,569.6,785.7,435.7,45.01,2041.9,48.0,normal
2025-01-02 17:29,566.8,785.5,434.2,44.97,2070.3,48.0,normal
2025-01-02 17:30,567.7,786.6,434.7,45.01,2051.9,48.0,normal
2025-01-02 17:31,568.4,786.4,434.2,44.79,2043.9,48.0,normal
2025-01-02 17:32,566.7,785.0,434.4,45.00,2044.8,48.0,normal
2025-01-02 17:33,567.3,785.5,434.9,45.32,2048.0,48.0,normal
2025-01-02 17:34,569.7,785.1,435.1,45.35,2078.1,48.0,normal
2025-01-02 17:35,569.1,787.0,434.0,45.24,2055.6,48.0,normal
2025-01-02 17:36,568.2,785.0,434.2,45.27,2057.2,48.0,normal
2025-01-02 17:37,567.7,785.5,435.1,45.24,2037.0,48.0,normal
2025-01-02 17:38,567.5,784.9,435.4,44.76,2075.6,48.0,normal
2025-01-02 17:39,568.5,785.6,434.8,44.76,2069.9,48.0,normal
2025-01-02 17:40,567.0,785.3,434.5,44.96,2090.1,48.0,normal
2025-01-02 17:41,566.6,785.8,434.3,45.41,2078.6,48.0,normal
2025-01-02 17:42,567.1,786.4,435.1,45.22,2085.3,48.0,normal
2025-01-02 17:43,569.0,785.5,434.0,45.41,2040.3,48.0,normal
2025-01-02 17:44,569.1,786.5,435.7,44.92,2048.1,48.0,normal
2025-01-02 17:45,569.4,787.0,434.2,45.05,2037.1,48.0,normal
2025-01-02 17:46,569.2,785.6,434.4,45.08,2087.6,48.0,normal
2025-01-02 17:47,567.9,785.7,435.0,45.04,2053.0,48.0,normal
2025-01-02 17:48,567.2,785.9,434.1,44.90,2073.9,48.0,normal
2025-01-02 17:49,567.5,785.0,434.7,45.40,2082.0,48.0,normal
2025-01-02 17:50,567.8,785.3,434.7,45.14,2049.6,48.0,normal
2025-01-02 17:51,569.6,786.6,434.4,44.84,2066.6,48.0,normal
2025-01-02 17:52,566.9,785.8,434.0,45.32,2094.9,48.5,normal
2025-01-02 17:53,567.8,787.1,435.7,45.01,2103.3,49.0,normal
2025-01-02 17:54,569.1,785.8,435.0,45.33,2094.1,49.3,normal
2025-01-02 17:55,568.3,785.6,433.9,45.31,2122.9,49.6,normal
2025-01-02 17:56,568.4,785.0,434.7,44.86,2113.8,49.9,normal
2025-01-02 17:57,568.5,787.2,435.4,45.08,2138.5,50.1,normal
2025-01-02 17:58,567.0,785.3,435.7,45.17,2168.5,50.3,normal
2025-01-02 17:59,569.4,785.0,434.4,45.34,2172.0,50.4,normal
2025-01-02 18:00,568.1,786.2,434.8,44.98,2141.9,50.5,normal
2025-01-02 18:01,566.7,786.6,433.7,45.04,2140.9,50.6,normal
2025-01-02 18:02,568.6,787.1,434.9,45.11,2137.6,50.7,normal
2025-01-02 18:03,566.5,784.8,434.9,45.48,2149.3,50.7,normal
2025-01-02 18:04,569.3,785.4,434.8,45.32,2142.9,50.8,normal
2025-01-02 18:05,568.1,785.5,434.6,45.11,2155.5,50.8,normal
2025-01-02 18:06,567.8,786.7,434.7,45.26,2155.0,50.8,normal
2025-01-02 18:07,568.8,785.3,434.7,44.89,2165.2,50.9,normal
2025-01-02 18:08,566.7,784.7,433.9,44.96,2178.9,50.9,normal
2025-01-02 18:09,566.6,786.8,434.8,44.93,2160.2,50.9,normal
2025-01-02 18:10,567.9,786.4,434.6,45.46,2187.9,50.9,normal
2025-01-02 18:11,569.0,785.1,434.1,44.89,2179.1,50.9,normal
2025-01-02 18:12,568.9,786.2,434.8,45.44,2182.6,51.0,normal
2025-01-02 18:13,566.2,785.0,435.2,44.87,2187.4,51.0,normal
2025-01-02 18:14,568.6,784.7,434.8,44.93,2177.1,51.0,normal
2025-01-02 18:15,566.3,785.5,434.6,44.84,2183.2,51.0,normal
2025-01-02 18:16,568.7,785.6,433.7,44.81,2157.4,51.0,normal
2025-01-02 18:17,566.0,784.4,434.5,45.43,2164.9,51.0,normal
2025-01-02 18:18,568.2,784.0,435.0,45.42,2150.6,51.0,normal
2025-01-02 18:19,565.8,786.1,434.2,45.32,2163.5,51.0,normal
2025-01-02 18:20,567.3,786.2,433.6,45.37,2187.7,51.0,normal
2025-01-02 18:21,567.6,784.7,433.1,44.91,2159.7,51.0,normal
2025-01-02 18:22,565.9,786.3,433.3,45.32,2154.4,51.0,normal
2025-01-02 18:23,566.5,785.2,434.5,45.25,2148.5,51.0,normal
2025-01-02 18:24,566.7,784.5,434.2,45.01,2195.1,51.0,normal
2025-01-02 18:25,566.4,784.7,433.4,45.38,2166.5,51.0,normal
2025-01-02 18:26,566.0,785.9,434.6,45.45,2197.1,51.0,normal
2025-01-02 18:27,565.1,785.5,433.5,45.27,2149.0,51.0,normal
2025-01-02 18:28,566.5,786.0,434.6,44.85,2166.8,51.0,normal
2025-01-02 18:29,567.6,785.5,433.1,45.12,2167.0,51.0,normal
2025-01-02 18:30,565.2,784.9,433.0,45.37,2161.4,51.0,normal
2025-01-02 18:31,565.4,785.3,433.3,45.37,2150.8,51.0,normal
2025-01-02 18:32,564.7,784.5,432.6,44.84,2187.0,51.0,normal
2025-01-02 18:33,566.8,785.1,434.1,45.12,2160.1,51.0,normal
2025-01-02 18:34,565.6,784.6,432.7,44.92,2171.5,51.0,normal
2025-01-02 18:35,567.1,784.8,434.6,45.42,2149.2,51.0,normal
2025-01-02 18:36,567.5,785.4,432.9,45.18,2180.8,51.0,normal
2025-01-02 18:37,567.0,785.6,434.4,45.15,2153.7,51.0,normal
2025-01-02 18:38,566.0,784.0,432.3,45.00,2183.4,51.0,normal
2025-01-02 18:39,564.4,784.7,432.5,45.11,2194.6,51.0,normal
2025-01-02 18:40,565.1,785.3,434.0,45.12,2183.5,51.0,normal
2025-01-02 18:41,564.1,783.0,434.3,45.07,2163.0,51.0,normal
2025-01-02 18:42,566.6,784.8,433.3,45.14,2148.9,51.0,normal
2025-01-02 18:43,566.4,785.4,432.3,45.42,2184.8,51.0,normal
2025-01-02 18:44,565.4,785.3,434.0,44.95,2156.8,51.0,normal
2025-01-02 18:45,565.0,784.1,433.8,45.01,2156.9,51.0,normal
2025-01-02 18:46,564.8,783.5,433.4,45.41,2195.5,51.0,normal
2025-01-02 18:47,565.4,782.7,432.9,44.84,2171.0,51.0,normal
2025-01-02 18:48,566.2,785.1,433.2,45.11,2168.3,51.0,normal
2025-01-02 18:49,566.0,783.1,432.6,45.13,2168.9,51.0,normal
2025-01-02 18:50,563.8,783.8,433.0,45.06,2151.4,51.0,normal
2025-01-02 18:51,563.7,783.6,432.9,44.84,2181.8,51.0,normal
2025-01-02 18:52,563.6,784.8,432.3,45.29,2199.4,51.0,normal
2025-01-02 18:53,566.1,782.6,432.6,45.46,2185.6,51.0,normal
2025-01-02 18:54,564.0,784.7,431.7,45.05,2184.9,51.0,normal
2025-01-02 18:55,565.4,784.0,431.6,45.16,2154.4,51.0,normal
2025-01-02 18:56,564.5,783.5,431.6,45.11,2163.9,50.5,normal
2025-01-02 18:57,563.1,782.9,431.8,45.12,2153.9,50.0,normal
2025-01-02 18:58,565.2,784.3,433.5,45.15,2129.1,49.7,normal
2025-01-02 18:59,564.7,784.1,433.4,44.99,2135.7,49.4,normal
2025-01-02 19:00,565.1,781.7,431.4,45.49,2120.7,49.1,normal
2025-01-02 19:01,563.1,782.6,431.8,45.23,2114.3,48.9,normal
2025-01-02 19:02,563.8,783.8,433.0,45.24,2095.0,48.7,normal
2025-01-02 19:03,562.9,782.5,431.9,44.89,2088.0,48.6,normal
2025-01-02 19:04,563.5,781.6,431.7,45.20,2065.4,48.5,normal
2025-01-02 19:05,562.4,783.0,432.3,45.09,2058.7,48.4,normal
2025-01-02 19:06,563.3,782.5,432.7,44.88,2104.4,48.3,normal
2025-01-02 19:07,563.2,783.4,432.3,44.87,2094.2,48.3,normal
2025-01-02 19:08,563.4,783.6,433.0,45.07,2080.9,48.2,normal
2025-01-02 19:09,563.7,783.2,430.9,44.95,2047.4,48.2,normal
2025-01-02 19:10,563.9,781.7,433.0,45.37,2060.2,48.2,normal
2025-01-02 19:11,564.2,781.2,431.9,44.95,2068.3,48.1,normal
2025-01-02 19:12,564.7,783.3,431.7,44.90,2069.5,48.1,normal
2025-01-02 19:13,561.6,781.7,432.0,44.93,2052.3,48.1,normal
2025-01-02 19:14,562.6,781.8,432.3,44.92,2082.3,48.1,normal
2025-01-02 19:15,563.3,783.3,432.5,45.19,2065.1,48.1,normal
2025-01-02 19:16,562.9,782.6,432.5,45.37,2059.7,48.0,normal
2025-01-02 19:17,561.7,780.7,431.7,45.50,2044.3,48.0,normal
2025-01-02 19:18,563.6,781.8,432.5,45.24,2055.5,48.0,normal
2025-01-02 19:19,561.7,782.5,431.2,45.17,2061.5,48.0,normal
2025-01-02 19:20,561.0,782.9,431.1,44.85,2260.6,49.1,controlIssue
2025-01-02 19:21,563.0,781.1,432.3,44.94,2292.7,50.1,controlIssue
2025-01-02 19:22,563.4,781.3,431.4,44.99,2263.4,51.0,controlIssue
2025-01-02 19:23,562.9,782.7,432.3,44.96,2290.8,51.9,controlIssue
2025-01-02 19:24,561.1,782.4,431.1,44.90,2282.7,52.7,controlIssue
2025-01-02 19:25,560.9,781.5,431.0,45.20,2281.2,53.4,controlIssue
2025-01-02 19:26,562.3,782.3,431.7,45.16,2264.8,54.2,controlIssue
2025-01-02 19:27,562.0,781.8,430.7,44.97,2285.5,54.9,controlIssue
2025-01-02 19:28,562.3,780.1,431.5,44.91,2264.5,55.5,controlIssue
2025-01-02 19:29,560.6,780.9,430.9,45.32,2291.3,56.2,controlIssue
2025-01-02 19:30,560.6,781.5,430.1,45.28,2318.7,56.8,controlIssue
2025-01-02 19:31,562.5,780.3,430.4,45.19,2284.9,57.4,controlIssue
2025-01-02 19:32,563.1,782.0,431.5,44.86,2278.7,58.0,controlIssue
2025-01-02 19:33,561.4,782.0,431.8,44.90,2313.0,58.6,controlIssue
2025-01-02 19:34,560.8,781.1,430.1,45.01,2325.7,59.2,controlIssue
2025-01-02 19:35,561.3,779.6,431.6,45.04,2319.6,59.7,controlIssue
2025-01-02 19:36,562.3,779.8,430.1,45.02,2322.3,60.2,controlIssue
2025-01-02 19:37,562.0,780.9,429.9,44.90,2290.0,60.8,controlIssue
2025-01-02 19:38,562.6,779.8,430.3,45.19,2333.3,61.2,controlIssue
2025-01-02 19:39,562.0,780.2,430.3,45.18,2334.9,61.7,controlIssue
2025-01-02 19:40,562.1,780.4,430.0,44.86,2334.3,62.2,controlIssue
2025-01-02 19:41,562.4,780.8,430.2,44.89,2305.2,62.6,controlIssue
2025-01-02 19:42,562.1,780.9,431.1,45.36,2335.3,63.0,controlIssue
2025-01-02 19:43,559.4,781.4,431.3,45.35,2295.4,63.4,controlIssue
2025-01-02 19:44,559.5,780.8,430.5,45.43,2320.2,63.8,controlIssue
2025-01-02 19:45,561.4,780.1,430.9,45.30,2305.1,64.2,controlIssue
2025-01-02 19:46,561.5,781.5,430.4,45.11,2331.7,64.5,controlIssue
2025-01-02 19:47,561.5,779.2,430.2,45.24,2328.4,64.8,controlIssue
2025-01-02 19:48,560.1,779.8,430.0,45.01,2294.0,65.1,controlIssue
2025-01-02 19:49,561.1,780.2,430.3,45.49,2335.8,65.4,controlIssue
2025-01-02 19:50,559.6,780.1,430.1,44.85,2311.0,65.6,controlIssue
2025-01-02 19:51,561.5,780.0,428.9,45.51,2319.3,65.8,controlIssue
2025-01-02 19:52,559.9,778.8,430.2,45.05,2340.0,66.0,controlIssue
2025-01-02 19:53,560.6,780.0,429.7,45.30,2296.7,66.2,controlIssue
2025-01-02 19:54,559.2,779.9,429.6,45.46,2326.2,66.3,controlIssue
2025-01-02 19:55,559.7,780.0,429.8,45.10,2325.2,66.5,controlIssue
2025-01-02 19:56,559.3,780.3,430.3,45.34,2330.7,66.6,controlIssue
2025-01-02 19:57,558.8,778.7,430.6,45.11,2317.4,66.6,controlIssue
2025-01-02 19:58,559.8,778.8,430.1,44.88,2342.1,66.7,controlIssue
2025-01-02 19:59,558.2,778.6,428.7,45.22,2313.3,66.7,controlIssue
2025-01-02 20:00,558.4,779.6,430.3,45.46,2316.8,66.7,controlIssue
2025-01-02 20:01,560.5,778.8,429.0,45.51,2303.8,66.6,controlIssue
2025-01-02 20:02,558.2,779.1,429.2,45.45,2327.4,66.6,controlIssue
2025-01-02 20:03,559.2,780.5,430.5,45.34,2349.6,66.5,controlIssue
2025-01-02 20:04,558.3,778.2,429.6,44.91,2316.9,66.4,controlIssue
2025-01-02 20:05,558.8,778.6,430.3,45.17,2343.7,66.2,controlIssue
2025-01-02 20:06,560.5,779.9,430.4,45.18,2336.1,66.0,controlIssue
2025-01-02 20:07,560.1,779.3,428.8,44.98,2341.1,65.8,controlIssue
2025-01-02 20:08,560.2,778.8,429.7,45.34,2348.1,65.6,controlIssue
2025-01-02 20:09,560.6,778.8,430.3,45.20,2342.3,65.4,controlIssue
2025-01-02 20:10,559.0,779.1,429.3,45.08,2337.8,65.1,controlIssue
2025-01-02 20:11,557.7,779.0,430.3,45.38,2314.1,64.8,controlIssue
2025-01-02 20:12,558.4,778.6,428.5,45.36,2297.3,64.5,controlIssue
2025-01-02 20:13,559.8,780.2,428.7,45.19,2310.9,64.2,controlIssue
2025-01-02 20:14,559.0,779.3,428.4,45.33,2297.5,63.8,controlIssue
2025-01-02 20:15,559.9,777.6,430.1,44.95,2338.8,63.5,controlIssue
2025-01-02 20:16,559.6,778.1,428.8,45.47,2326.8,63.1,controlIssue
2025-01-02 20:17,559.9,780.1,428.1,44.83,2320.1,62.7,controlIssue
2025-01-02 20:18,558.3,777.8,428.5,45.41,2315.9,62.2,controlIssue
2025-01-02 20:19,558.8,778.5,430.2,45.41,2282.8,61.8,controlIssue
2025-01-02 20:20,559.8,779.6,430.1,45.32,2327.7,61.3,controlIssue
2025-01-02 20:21,558.4,778.2,428.2,44.85,2291.3,60.9,controlIssue
2025-01-02 20:22,559.8,778.9,428.2,45.40,2292.6,60.4,controlIssue
2025-01-02 20:23,560.1,778.1,429.8,45.10,2326.2,59.9,controlIssue
2025-01-02 20:24,558.1,779.0,429.7,44.87,2317.9,59.3,controlIssue
2025-01-02 20:25,558.3,779.5,429.4,45.49,2297.4,58.8,controlIssue
2025-01-02 20:26,559.7,777.5,428.1,45.41,2276.5,58.3,controlIssue
2025-01-02 20:27,559.5,777.1,428.3,44.89,2283.0,57.7,controlIssue
2025-01-02 20:28,558.9,778.3,429.7,45.11,2302.9,57.2,controlIssue
2025-01-02 20:29,558.5,777.9,429.1,44.95,2317.3,56.6,controlIssue
2025-01-02 20:30,557.2,779.3,429.3,44.94,2295.7,56.1,controlIssue
2025-01-02 20:31,558.4,779.1,428.5,45.06,2276.3,55.5,controlIssue
2025-01-02 20:32,557.5,777.9,427.9,45.30,2304.8,54.9,controlIssue
2025-01-02 20:33,558.7,779.6,429.8,44.80,2287.2,54.3,controlIssue
2025-01-02 20:34,557.5,778.7,429.1,45.04,2256.1,53.8,controlIssue
2025-01-02 20:35,558.2,778.4,429.2,44.88,2273.4,53.2,controlIssue
2025-01-02 20:36,557.4,778.0,429.6,45.14,2293.0,52.6,controlIssue
2025-01-02 20:37,557.6,777.2,429.7,45.05,2248.8,52.0,controlIssue
2025-01-02 20:38,558.9,778.5,428.8,45.09,2298.9,51.5,controlIssue
2025-01-02 20:39,559.7,777.2,429.1,45.21,2289.6,50.9,controlIssue
2025-01-02 20:40,557.9,777.1,428.1,45.08,2275.8,50.4,controlIssue
2025-01-02 20:41,557.0,778.9,428.4,44.84,2277.8,49.8,controlIssue
2025-01-02 20:42,557.4,777.2,428.3,45.45,2283.6,49.3,controlIssue
2025-01-02 20:43,559.8,778.7,429.6,45.18,2278.2,48.7,controlIssue
2025-01-02 20:44,558.0,778.6,428.0,45.45,2249.2,48.2,controlIssue
2025-01-02 20:45,558.9,778.3,429.0,44.91,2274.6,47.7,controlIssue
2025-01-02 20:46,559.2,778.5,427.9,44.96,2234.6,47.2,controlIssue
2025-01-02 20:47,556.7,779.0,429.8,44.78,2262.2,46.7,controlIssue
2025-01-02 20:48,557.7,777.1,428.3,44.94,2260.1,46.3,controlIssue
2025-01-02 20:49,557.4,776.9,429.3,45.44,2249.3,45.8,controlIssue
2025-01-02 20:50,559.6,777.8,429.3,44.84,2227.6,45.4,controlIssue
2025-01-02 20:51,558.1,779.6,429.9,45.06,2244.8,45.0,controlIssue
2025-01-02 20:52,558.5,779.5,429.0,44.81,2264.7,44.6,controlIssue
2025-01-02 20:53,559.2,778.1,428.6,45.21,2253.6,44.2,controlIssue
2025-01-02 20:54,559.8,777.7,427.8,44.75,2234.9,43.9,controlIssue
2025-01-02 20:55,557.0,778.4,429.3,45.38,2262.6,43.5,controlIssue
2025-01-02 20:56,556.9,779.5,428.0,44.90,2211.8,43.2,controlIssue
2025-01-02 20:57,559.0,779.3,429.2,45.04,2250.0,42.9,controlIssue
2025-01-02 20:58,557.6,778.4,429.2,45.27,2213.5,42.7,controlIssue
2025-01-02 20:59,557.0,778.6,428.5,45.09,2244.0,42.4,controlIssue
2025-01-02 21:00,558.5,779.4,428.6,45.35,2232.4,42.2,controlIssue
2025-01-02 21:01,557.7,777.5,429.9,44.86,2226.9,42.0,controlIssue
2025-01-02 21:02,558.1,778.6,428.6,45.32,2240.0,41.8,controlIssue
2025-01-02 21:03,558.7,777.8,428.1,44.84,2227.9,41.7,controlIssue
2025-01-02 21:04,559.2,778.2,428.9,45.30,2225.0,41.6,controlIssue
2025-01-02 21:05,559.8,778.1,429.8,45.31,2233.8,41.5,controlIssue
2025-01-02 21:06,558.2,777.3,429.1,44.94,2204.5,41.4,controlIssue
2025-01-02 21:07,559.1,779.6,429.1,45.11,2215.4,41.3,controlIssue
2025-01-02 21:08,559.9,779.9,428.6,44.95,2216.0,41.3,controlIssue
2025-01-02 21:09,557.6,779.7,429.1,45.09,2242.0,41.3,controlIssue
2025-01-02 21:10,557.3,777.3,429.9,44.98,2242.3,41.4,controlIssue
2025-01-02 21:11,558.3,780.0,430.1,44.92,2206.6,41.4,controlIssue
2025-01-02 21:12,558.5,777.4,429.0,44.74,2244.8,41.5,controlIssue
2025-01-02 21:13,559.7,778.1,429.6,44.91,2204.4,41.6,controlIssue
2025-01-02 21:14,557.5,778.6,428.3,44.85,2204.6,41.8,controlIssue
2025-01-02 21:15,558.1,778.8,428.9,44.94,2254.5,41.9,controlIssue
2025-01-02 21:16,557.4,777.8,428.2,45.23,2225.8,42.1,controlIssue
2025-01-02 21:17,559.6,779.4,429.4,45.26,2251.7,42.3,controlIssue
2025-01-02 21:18,558.5,778.1,429.9,45.12,2255.8,42.6,controlIssue
2025-01-02 21:19,559.8,778.7,430.3,45.38,2236.1,42.8,controlIssue
2025-01-02 21:20,558.1,778.8,429.0,44.90,2226.1,43.1,controlIssue
2025-01-02 21:21,560.5,779.0,430.0,45.24,2244.3,43.4,controlIssue
2025-01-02 21:22,560.0,779.5,428.4,45.28,2264.5,43.8,controlIssue
2025-01-02 21:23,559.1,777.9,429.6,45.21,2229.1,44.1,controlIssue
2025-01-02 21:24,560.0,779.0,429.7,44.71,2225.3,44.5,controlIssue
2025-01-02 21:25,558.1,777.9,429.8,44.69,2250.0,44.9,controlIssue
2025-01-02 21:26,558.2,779.1,428.5,45.16,2268.4,45.3,controlIssue
2025-01-02 21:27,559.4,779.0,429.7,44.81,2244.0,45.7,controlIssue
2025-01-02 21:28,560.1,780.6,430.2,44.88,2224.5,46.1,controlIssue
2025-01-02 21:29,558.9,780.4,430.0,45.04,2270.3,46.6,controlIssue
2025-01-02 21:30,560.7,779.6,430.1,45.00,2232.4,47.1,controlIssue
2025-01-02 21:31,560.6,779.7,429.0,44.97,2260.7,47.6,controlIssue
2025-01-02 21:32,560.6,778.9,430.3,45.23,2246.4,48.1,controlIssue
2025-01-02 21:33,559.5,778.1,429.7,45.22,2270.5,48.6,controlIssue
2025-01-02 21:34,558.3,778.3,428.7,44.81,2271.7,49.1,controlIssue
2025-01-02 21:35,560.7,780.3,429.0,45.03,2276.1,49.7,controlIssue
2025-01-02 21:36,558.5,780.7,430.2,44.84,2238.3,50.2,controlIssue
2025-01-02 21:37,558.7,779.3,428.9,45.01,2276.3,50.8,controlIssue
2025-01-02 21:38,561.4,780.3,429.1,45.30,2249.6,51.3,controlIssue
2025-01-02 21:39,559.3,779.8,429.7,44.86,2294.3,51.9,controlIssue
2025-01-02 21:40,559.0,779.2,430.4,44.66,2247.8,52.4,controlIssue
2025-01-02 21:41,559.3,781.0,429.4,45.31,2265.0,53.0,controlIssue
2025-01-02 21:42,559.6,779.9,428.9,44.96,2286.6,53.6,controlIssue
2025-01-02 21:43,560.4,779.4,430.4,45.19,2284.5,54.2,controlIssue
2025-01-02 21:44,559.7,779.5,430.2,44.75,2262.9,54.7,controlIssue
2025-01-02 21:45,561.5,780.6,429.1,45.23,2291.1,55.3,controlIssue
2025-01-02 21:46,561.7,780.2,429.2,44.81,2288.2,55.9,controlIssue
2025-01-02 21:47,560.4,779.0,429.6,45.25,2270.3,56.5,controlIssue
2025-01-02 21:48,559.6,781.0,431.0,44.60,2307.1,57.0,controlIssue
2025-01-02 21:49,560.4,780.3,430.6,45.25,2297.7,57.6,controlIssue
2025-01-02 21:50,561.6,779.6,431.2,44.89,2291.3,58.1,controlIssue
2025-01-02 21:51,560.0,781.3,430.5,45.28,2304.7,58.7,controlIssue
2025-01-02 21:52,560.5,779.2,430.9,45.23,2314.3,59.2,controlIssue
2025-01-02 21:53,560.8,781.5,429.7,44.65,2303.7,59.7,controlIssue
2025-01-02 21:54,560.7,780.0,431.1,45.05,2311.3,60.2,controlIssue
2025-01-02 21:55,559.5,780.4,431.5,44.87,2276.8,60.7,controlIssue
2025-01-02 21:56,562.5,779.9,430.0,44.79,2296.2,61.2,controlIssue
2025-01-02 21:57,561.3,780.5,429.6,44.92,2316.7,61.7,controlIssue
2025-01-02 21:58,561.4,781.6,431.6,44.78,2286.5,62.1,controlIssue
2025-01-02 21:59,560.2,780.0,429.8,45.26,2309.7,62.6,controlIssue
2025-01-02 22:00,561.1,779.6,430.5,44.62,2325.5,63.0,controlIssue
2025-01-02 22:01,561.2,781.4,431.2,44.80,2311.5,63.4,controlIssue
2025-01-02 22:02,561.0,780.9,430.8,44.95,2308.6,63.7,controlIssue
2025-01-02 22:03,560.9,780.5,431.0,45.25,2312.5,64.1,controlIssue
2025-01-02 22:04,562.1,779.6,430.4,45.11,2332.3,64.4,controlIssue
2025-01-02 22:05,560.9,780.2,431.2,44.61,2288.8,64.8,controlIssue
2025-01-02 22:06,562.7,781.6,430.1,44.68,2335.1,65.0,controlIssue
2025-01-02 22:07,561.5,779.8,431.1,44.72,2333.4,65.3,controlIssue
2025-01-02 22:08,561.0,782.4,431.4,44.78,2337.5,65.6,controlIssue
2025-01-02 22:09,563.3,780.2,431.1,45.21,2298.6,65.8,controlIssue
2025-01-02 22:10,561.5,781.2,430.8,44.58,2333.6,66.0,controlIssue
2025-01-02 22:11,562.8,781.8,430.3,44.80,2289.5,66.2,controlIssue
2025-01-02 22:12,561.9,780.2,430.1,44.85,2302.9,66.3,controlIssue
2025-01-02 22:13,560.6,780.5,431.6,44.71,2322.8,66.4,controlIssue
2025-01-02 22:14,561.6,782.8,430.4,44.55,2323.0,66.5,controlIssue
2025-01-02 22:15,562.6,782.8,432.0,44.78,2326.3,66.6,controlIssue
2025-01-02 22:16,562.9,782.8,431.0,44.81,2310.4,66.7,controlIssue
2025-01-02 22:17,563.6,782.7,432.4,45.06,2305.3,66.7,controlIssue
2025-01-02 22:18,564.1,781.6,432.0,44.73,2325.0,66.7,controlIssue
2025-01-02 22:19,563.2,781.2,432.5,44.60,2336.5,66.6,controlIssue
2025-01-02 22:20,562.8,781.7,430.8,45.04,2325.2,66.6,controlIssue
2025-01-02 22:21,563.4,782.6,432.1,45.00,2339.9,66.5,controlIssue
2025-01-02 22:22,562.7,782.9,431.4,44.70,2307.3,66.4,controlIssue
2025-01-02 22:23,561.6,782.8,431.2,44.99,2306.1,66.2,controlIssue
2025-01-02 22:24,564.2,780.8,432.6,44.51,2326.7,66.1,controlIssue
2025-01-02 22:25,564.3,782.5,431.5,44.53,2293.1,65.9,controlIssue
2025-01-02 22:26,562.3,781.0,432.7,45.09,2288.9,65.7,controlIssue
2025-01-02 22:27,563.4,782.0,432.7,44.58,2321.3,65.5,controlIssue
2025-01-02 22:28,563.6,781.9,431.2,44.71,2307.7,65.2,controlIssue
2025-01-02 22:29,564.6,781.6,432.1,44.74,2291.7,64.9,controlIssue
2025-01-02 22:30,562.0,781.6,432.6,45.02,2324.1,64.6,controlIssue
2025-01-02 22:31,562.7,783.7,431.4,45.13,2289.8,64.3,controlIssue
2025-01-02 22:32,562.6,781.2,431.4,45.13,2305.5,63.9,controlIssue
2025-01-02 22:33,562.7,782.0,431.2,44.88,2313.0,63.6,controlIssue
2025-01-02 22:34,562.7,782.2,431.3,44.53,2311.7,63.2,controlIssue
2025-01-02 22:35,564.6,784.0,431.7,44.50,2288.5,62.8,controlIssue
2025-01-02 22:36,565.1,783.9,432.6,44.75,2274.9,62.3,controlIssue
2025-01-02 22:37,563.0,783.9,433.0,44.61,2320.2,61.9,controlIssue
2025-01-02 22:38,565.2,782.1,432.4,45.07,2274.3,61.4,controlIssue
2025-01-02 22:39,565.4,782.8,433.3,44.84,2273.7,61.0,controlIssue
2025-01-02 22:40,564.4,782.6,432.0,45.10,2270.7,60.5,controlIssue
2025-01-02 22:41,564.1,782.0,432.0,44.72,2316.2,60.0,controlIssue
2025-01-02 22:42,565.6,783.8,433.2,44.57,2299.4,59.5,controlIssue
2025-01-02 22:43,564.5,783.4,433.0,44.40,2301.8,58.9,controlIssue
2025-01-02 22:44,564.5,784.4,432.6,44.50,2282.4,58.4,controlIssue
2025-01-02 22:45,565.6,784.3,432.1,45.07,2264.9,57.9,controlIssue
2025-01-02 22:46,565.6,783.2,431.6,44.93,2260.0,57.3,controlIssue
2025-01-02 22:47,565.2,784.7,432.6,44.64,2264.3,56.8,controlIssue
2025-01-02 22:48,563.1,783.1,433.5,44.67,2260.2,56.2,controlIssue
2025-01-02 22:49,565.2,783.5,432.1,44.88,2291.1,55.6,controlIssue
2025-01-02 22:50,564.3,783.3,432.2,44.76,2297.5,55.0,controlIssue
2025-01-02 22:51,563.6,784.3,433.1,44.65,2289.8,54.5,controlIssue
2025-01-02 22:52,565.5,784.3,432.8,44.88,2261.7,53.9,controlIssue
2025-01-02 22:53,564.4,784.6,432.1,44.52,2248.0,53.3,controlIssue
2025-01-02 22:54,565.9,783.3,432.3,44.63,2275.2,52.7,controlIssue
2025-01-02 22:55,565.4,783.7,433.0,44.97,2251.3,52.2,controlIssue
2025-01-02 22:56,565.4,784.3,433.0,44.48,2271.2,51.6,controlIssue
2025-01-02 22:57,563.5,783.5,433.6,44.85,2237.3,51.0,controlIssue
2025-01-02 22:58,563.7,785.1,432.4,44.41,2247.4,50.5,controlIssue
2025-01-02 22:59,564.5,783.8,432.5,44.80,2252.9,49.9,controlIssue
2025-01-02 23:00,564.0,782.8,432.9,44.91,2249.7,49.4,controlIssue
2025-01-02 23:01,566.1,782.8,433.9,44.84,2274.6,48.9,controlIssue
2025-01-02 23:02,564.1,785.5,434.1,44.96,2258.4,48.3,controlIssue
2025-01-02 23:03,565.7,783.3,433.1,44.44,2238.7,47.8,controlIssue
2025-01-02 23:04,565.9,784.4,432.1,44.69,2243.4,47.3,controlIssue
2025-01-02 23:05,564.8,783.2,433.7,44.36,2260.8,46.9,controlIssue
2025-01-02 23:06,566.9,783.6,433.1,44.39,2212.3,46.4,controlIssue
2025-01-02 23:07,565.5,784.6,432.6,45.00,2251.7,45.9,controlIssue
2025-01-02 23:08,565.0,785.6,433.1,44.57,2250.3,45.5,controlIssue
2025-01-02 23:09,564.9,783.8,432.8,44.47,2249.9,45.1,controlIssue
2025-01-02 23:10,566.5,785.3,433.0,44.43,2258.3,44.7,controlIssue
2025-01-02 23:11,565.1,783.5,433.4,44.28,2231.9,44.3,controlIssue
2025-01-02 23:12,566.5,785.0,433.0,44.75,2225.4,43.9,controlIssue
2025-01-02 23:13,565.4,783.2,433.6,44.61,2252.7,43.6,controlIssue
2025-01-02 23:14,566.8,783.3,433.8,44.62,2222.7,43.3,controlIssue
2025-01-02 23:15,565.5,785.4,432.8,44.48,2202.6,43.0,controlIssue
2025-01-02 23:16,566.4,785.1,433.1,44.46,2236.4,42.7,controlIssue
2025-01-02 23:17,565.8,783.4,434.0,44.33,2206.3,42.5,controlIssue
2025-01-02 23:18,565.7,785.1,433.7,44.27,2216.9,42.2,controlIssue
2025-01-02 23:19,567.3,784.7,432.4,44.78,2230.6,42.0,controlIssue
2025-01-02 23:20,566.4,785.2,433.2,44.35,2238.4,41.9,controlIssue
2025-01-02 23:21,565.1,786.0,432.7,44.62,2225.6,41.7,controlIssue
2025-01-02 23:22,564.8,783.5,432.6,44.53,2214.6,41.6,controlIssue
2025-01-02 23:23,565.6,783.7,433.8,44.91,2238.4,41.5,controlIssue
2025-01-02 23:24,565.8,785.1,433.9,44.66,2200.1,41.4,controlIssue
2025-01-02 23:25,565.9,784.5,433.7,44.64,2208.8,41.4,controlIssue
2025-01-02 23:26,567.3,785.4,432.8,44.50,2229.6,41.3,controlIssue
2025-01-02 23:27,566.0,785.4,434.4,44.74,2216.9,41.3,controlIssue
2025-01-02 23:28,565.3,783.9,434.2,44.28,2234.2,41.4,controlIssue
2025-01-02 23:29,566.6,786.1,432.9,44.22,2221.9,41.4,controlIssue
2025-01-02 23:30,567.4,784.4,432.7,44.48,2189.5,41.5,controlIssue
2025-01-02 23:31,565.5,784.0,433.7,44.29,2239.0,41.6,controlIssue
2025-01-02 23:32,565.8,785.2,434.2,44.53,2201.4,41.7,controlIssue
2025-01-02 23:33,565.2,785.0,434.1,44.39,2236.7,41.9,controlIssue
2025-01-02 23:34,565.0,785.8,433.1,44.84,2199.1,42.1,controlIssue
2025-01-02 23:35,567.9,785.6,434.0,44.57,2211.4,42.3,controlIssue
2025-01-02 23:36,565.6,784.7,434.8,44.45,2233.2,42.5,controlIssue
2025-01-02 23:37,566.9,784.3,433.5,44.40,2245.1,42.8,controlIssue
2025-01-02 23:38,565.0,785.2,433.9,44.37,2196.4,43.1,controlIssue
2025-01-02 23:39,565.9,785.5,434.2,44.36,2222.3,43.4,controlIssue
2025-01-02 23:40,566.7,784.3,434.2,44.28,2208.6,43.7,controlIssue
2025-01-02 23:41,566.6,785.5,433.2,44.81,2226.9,44.0,controlIssue
2025-01-02 23:42,566.0,783.6,433.2,44.36,2252.4,44.4,controlIssue
2025-01-02 23:43,567.2,786.2,434.4,44.33,2247.5,44.8,controlIssue
2025-01-02 23:44,565.9,784.8,434.3,44.35,2229.2,45.2,controlIssue
2025-01-02 23:45,567.8,784.2,433.5,44.55,2233.9,45.6,controlIssue
2025-01-02 23:46,564.8,786.2,434.4,44.40,2239.2,46.0,controlIssue
2025-01-02 23:47,567.7,784.8,434.0,44.52,2222.0,46.5,controlIssue
2025-01-02 23:48,565.5,784.9,433.4,44.14,2244.4,47.0,controlIssue
2025-01-02 23:49,566.1,784.9,433.6,44.37,2225.0,47.5,controlIssue
2025-01-02 23:50,565.9,783.9,432.8,44.54,2254.1,48.0,controlIssue
2025-01-02 23:51,565.6,786.2,434.2,44.52,2243.7,48.5,controlIssue
2025-01-02 23:52,567.0,785.1,433.1,44.41,2251.2,49.0,controlIssue
2025-01-02 23:53,565.8,783.9,433.9,44.41,2231.1,49.5,controlIssue
2025-01-02 23:54,565.3,785.1,432.8,44.68,2255.9,50.1,controlIssue
2025-01-02 23:55,565.3,784.6,433.4,44.59,2222.8,50.6,controlIssue
2025-01-02 23:56,567.1,783.7,434.5,44.29,2271.4,51.2,controlIssue
2025-01-02 23:57,567.6,785.2,432.6,44.76,2270.4,51.7,controlIssue
2025-01-02 23:58,567.3,784.2,434.7,44.67,2249.2,52.3,controlIssue
2025-01-02 23:59,567.4,785.7,434.4,44.67,2275.4,52.9,controlIssue
2025-01-03 00:00,564.6,784.4,433.3,44.37,2264.6,53.5,controlIssue
2025-01-03 00:01,566.6,785.6,434.6,44.67,2245.6,54.0,controlIssue
2025-01-03 00:02,566.8,783.8,433.5,44.27,2270.1,54.6,controlIssue
2025-01-03 00:03,566.1,784.9,434.0,44.61,2277.5,55.2,controlIssue
2025-01-03 00:04,567.0,783.7,433.3,44.10,2268.4,55.8,controlIssue
2025-01-03 00:05,567.2,784.1,433.0,44.63,2293.1,56.3,controlIssue
2025-01-03 00:06,565.0,784.4,433.9,44.71,2257.9,56.9,controlIssue
2025-01-03 00:07,564.7,783.8,434.1,44.69,2284.1,57.5,controlIssue
2025-01-03 00:08,567.2,783.6,433.1,44.56,2253.3,58.0,controlIssue
2025-01-03 00:09,566.6,785.9,432.9,44.12,2264.7,58.5,controlIssue
2025-01-03 00:10,564.5,784.4,432.6,44.66,2253.9,59.1,controlIssue
2025-01-03 00:11,567.2,785.9,434.5,44.03,2273.0,59.6,controlIssue
2025-01-03 00:12,564.3,783.4,432.8,44.30,2287.4,60.1,controlIssue
2025-01-03 00:13,566.2,785.3,432.8,44.55,2272.5,60.6,controlIssue
2025-01-03 00:14,564.3,783.5,433.5,44.57,2259.1,61.1,controlIssue
2025-01-03 00:15,565.9,783.7,433.0,44.05,2307.4,61.6,controlIssue
2025-01-03 00:16,564.3,785.4,433.7,44.19,2301.2,62.0,controlIssue
2025-01-03 00:17,565.8,784.6,433.9,44.64,2279.3,62.5,controlIssue
2025-01-03 00:18,566.0,784.1,433.1,44.28,2272.2,62.9,controlIssue
2025-01-03 00:19,564.7,783.7,433.5,44.01,2288.2,63.3,controlIssue
2025-01-03 00:20,566.3,784.4,432.4,44.63,2285.6,63.7,controlIssue
2025-01-03 00:21,563.9,783.6,433.4,44.33,2290.0,64.0,controlIssue
2025-01-03 00:22,565.1,784.3,432.1,44.51,2281.4,64.4,controlIssue
2025-01-03 00:23,566.2,785.1,432.1,44.04,2305.9,64.7,controlIssue
2025-01-03 00:24,563.6,784.5,432.1,43.95,2296.9,65.0,controlIssue
2025-01-03 00:25,565.6,782.9,432.7,44.58,2280.9,65.3,controlIssue
2025-01-03 00:26,565.4,783.8,432.2,44.16,2293.8,65.5,controlIssue
2025-01-03 00:27,564.1,784.5,432.4,44.32,2275.1,65.7,controlIssue
2025-01-03 00:28,563.8,784.4,433.7,44.38,2298.5,65.9,controlIssue
2025-01-03 00:29,566.1,783.1,432.2,43.98,2296.6,66.1,controlIssue
2025-01-03 00:30,565.9,785.2,433.3,44.45,2274.4,66.3,controlIssue
2025-01-03 00:31,565.2,784.3,433.5,43.92,2320.4,66.4,controlIssue
2025-01-03 00:32,565.3,783.8,432.1,44.38,2280.0,66.5,controlIssue
2025-01-03 00:33,564.5,784.1,432.4,44.57,2301.5,66.6,controlIssue
2025-01-03 00:34,565.2,783.6,431.7,44.09,2291.5,66.6,controlIssue
2025-01-03 00:35,564.2,784.3,432.5,44.07,2303.6,66.7,controlIssue
2025-01-03 00:36,564.4,783.1,432.6,44.54,2294.7,66.7,controlIssue
2025-01-03 00:37,564.3,784.0,431.6,44.20,2303.4,66.6,controlIssue
2025-01-03 00:38,563.4,784.3,432.9,43.88,2272.9,66.6,controlIssue
2025-01-03 00:39,565.3,783.9,433.2,44.32,2320.6,66.5,controlIssue
2025-01-03 00:40,565.3,784.6,432.5,43.92,2320.2,66.4,controlIssue
2025-01-03 00:41,565.5,782.0,432.9,44.23,2298.5,66.3,controlIssue
2025-01-03 00:42,564.2,783.1,432.0,44.33,2294.3,66.1,controlIssue
2025-01-03 00:43,562.8,782.2,432.9,44.04,2317.5,65.9,controlIssue
2025-01-03 00:44,563.5,782.0,431.9,44.21,2318.9,65.7,controlIssue
2025-01-03 00:45,563.7,782.5,431.8,44.22,2304.6,65.5,controlIssue
2025-01-03 00:46,565.1,781.9,431.5,44.31,2298.0,65.3,controlIssue
2025-01-03 00:47,564.3,784.0,432.4,44.26,2269.3,65.0,controlIssue
2025-01-03 00:48,564.9,782.0,431.9,44.44,2267.6,64.7,controlIssue
2025-01-03 00:49,564.1,784.0,431.8,43.99,2298.9,64.4,controlIssue
2025-01-03 00:50,564.1,784.0,431.0,44.42,2277.2,64.0,controlIssue
2025-01-03 00:51,564.2,781.4,431.5,43.84,2275.5,63.7,controlIssue
2025-01-03 00:52,563.3,783.4,432.1,43.94,2299.0,63.3,controlIssue
2025-01-03 00:53,563.7,781.5,431.3,43.88,2297.1,62.9,controlIssue
2025-01-03 00:54,562.3,783.4,432.7,43.98,2277.1,62.4,controlIssue
2025-01-03 00:55,562.7,783.3,431.7,43.84,2286.4,62.0,controlIssue
2025-01-03 00:56,564.0,781.3,431.9,44.23,2256.7,61.6,controlIssue
2025-01-03 00:57,562.3,781.9,431.8,44.00,2277.9,61.1,controlIssue
2025-01-03 00:58,563.7,782.5,431.9,43.82,2260.7,60.6,controlIssue
2025-01-03 00:59,563.6,781.7,432.5,44.38,2282.6,60.1,controlIssue
2025-01-03 01:00,561.8,780.7,431.9,44.10,2274.4,59.6,controlIssue
2025-01-03 01:01,561.8,782.7,432.0,44.27,2243.5,59.1,controlIssue
2025-01-03 01:02,561.8,780.5,432.4,43.96,2258.6,58.5,controlIssue
2025-01-03 01:03,561.7,781.7,432.3,44.17,2240.7,58.0,controlIssue
2025-01-03 01:04,561.1,780.5,432.4,44.20,2269.7,57.4,controlIssue
2025-01-03 01:05,562.2,781.0,431.5,44.36,2238.4,56.9,controlIssue
2025-01-03 01:06,563.5,782.1,432.0,43.85,2264.4,56.3,controlIssue
2025-01-03 01:07,562.0,781.8,432.2,44.00,2258.3,55.7,controlIssue
2025-01-03 01:08,562.2,781.8,431.2,43.83,2256.7,55.2,controlIssue
2025-01-03 01:09,562.6,782.7,430.9,43.77,2237.3,54.6,controlIssue
2025-01-03 01:10,560.2,781.5,431.0,44.31,2245.5,54.0,controlIssue
2025-01-03 01:11,560.3,782.1,430.0,43.84,2252.6,53.5,controlIssue
2025-01-03 01:12,560.1,780.2,430.5,44.04,2269.0,52.9,controlIssue
2025-01-03 01:13,560.4,781.4,431.6,43.71,2244.8,52.3,controlIssue
2025-01-03 01:14,562.7,779.6,430.6,43.95,2245.4,51.7,controlIssue
2025-01-03 01:15,560.0,780.2,430.5,44.18,2228.7,51.2,controlIssue
2025-01-03 01:16,560.5,780.3,429.8,44.04,2222.2,50.6,controlIssue
2025-01-03 01:17,560.6,780.7,431.5,44.21,2262.1,50.1,controlIssue
2025-01-03 01:18,559.6,781.2,430.2,43.72,2206.7,49.5,controlIssue
2025-01-03 01:19,560.1,781.5,429.4,43.85,2255.0,49.0,controlIssue
2025-01-03 01:20,561.3,781.4,429.9,43.93,2111.7,50.4,normal
2025-01-03 01:21,559.3,779.6,429.4,44.23,2178.3,51.6,normal
2025-01-03 01:22,561.5,780.5,431.2,43.74,2182.5,52.6,normal
2025-01-03 01:23,560.9,780.2,429.7,44.14,2234.3,53.4,normal
2025-01-03 01:24,558.7,779.7,430.5,44.05,2225.4,54.0,normal
2025-01-03 01:25,560.5,780.9,429.4,44.22,2289.7,54.6,normal
2025-01-03 01:26,561.5,779.4,430.1,44.03,2275.9,55.0,normal
2025-01-03 01:27,559.6,779.4,430.3,44.28,2271.5,55.4,normal
2025-01-03 01:28,559.7,779.0,430.0,44.05,2294.9,55.7,normal
2025-01-03 01:29,558.7,779.5,430.8,44.07,2290.9,55.9,normal
2025-01-03 01:30,559.7,778.4,430.0,43.60,2314.2,56.1,normal
2025-01-03 01:31,560.9,779.0,430.1,44.26,2325.5,56.3,normal
2025-01-03 01:32,559.2,779.7,428.9,44.17,2341.7,56.4,normal
2025-01-03 01:33,560.0,778.7,429.2,44.11,2348.5,56.5,normal
2025-01-03 01:34,558.9,780.5,428.8,43.93,2323.1,56.6,normal
2025-01-03 01:35,560.4,778.3,430.0,43.91,2315.7,56.7,normal
2025-01-03 01:36,557.6,778.8,429.8,43.72,2365.5,56.7,normal
2025-01-03 01:37,558.2,778.2,430.2,43.85,2341.4,56.8,normal
2025-01-03 01:38,559.5,778.9,430.2,43.71,2320.5,56.8,normal
2025-01-03 01:39,560.2,779.2,429.2,43.59,2320.8,56.8,normal
2025-01-03 01:40,557.1,778.7,428.2,44.05,2340.0,56.9,normal
2025-01-03 01:41,559.4,778.5,429.1,44.01,2353.5,56.9,normal
2025-01-03 01:42,558.3,779.5,428.9,43.67,2338.6,56.9,normal
2025-01-03 01:43,557.7,779.2,428.2,43.81,2334.0,56.9,normal
2025-01-03 01:44,557.7,777.6,429.0,43.84,2369.9,56.9,normal
2025-01-03 01:45,559.6,778.4,429.1,43.69,2362.7,57.0,normal
2025-01-03 01:46,558.5,777.6,427.8,43.80,2337.5,57.0,normal
2025-01-03 01:47,559.4,779.1,429.3,43.71,2345.2,57.0,normal
2025-01-03 01:48,559.0,777.3,429.4,44.17,2338.2,57.0,normal
2025-01-03 01:49,558.2,778.3,428.5,44.01,2324.2,57.0,normal
2025-01-03 01:50,558.4,779.5,428.7,43.96,2335.1,57.0,normal
2025-01-03 01:51,559.0,779.4,429.2,43.82,2365.4,57.0,normal
2025-01-03 01:52,557.2,776.8,428.8,43.87,2330.4,57.0,normal
2025-01-03 01:53,557.3,777.2,428.0,43.93,2353.4,57.0,normal
2025-01-03 01:54,555.9,777.7,429.4,43.53,2357.4,57.0,normal
2025-01-03 01:55,557.4,776.8,429.1,44.06,2350.6,57.0,normal
2025-01-03 01:56,558.8,778.4,427.7,43.77,2345.7,57.0,normal
2025-01-03 01:57,556.7,777.6,428.6,43.85,2339.3,57.0,normal
2025-01-03 01:58,555.5,777.5,428.2,44.04,2342.0,57.0,normal
2025-01-03 01:59,556.1,778.2,427.2,43.56,2374.6,57.0,normal
2025-01-03 02:00,558.3,778.5,427.3,43.56,2336.6,57.0,normal
2025-01-03 02:01,555.2,777.3,427.1,43.49,2352.6,57.0,normal
2025-01-03 02:02,556.0,777.7,429.0,43.80,2365.6,57.0,normal
2025-01-03 02:03,556.6,778.6,428.9,43.61,2355.0,57.0,normal
2025-01-03 02:04,555.6,776.4,427.5,43.76,2365.3,57.0,normal
2025-01-03 02:05,556.4,778.0,427.9,43.57,2344.9,57.0,normal
2025-01-03 02:06,555.3,777.5,428.2,43.68,2358.7,57.0,normal
2025-01-03 02:07,557.1,777.7,428.0,43.76,2341.4,57.0,normal
2025-01-03 02:08,555.3,777.3,428.0,43.88,2374.6,57.0,normal
2025-01-03 02:09,554.9,775.7,426.9,43.49,2333.8,57.0,normal
2025-01-03 02:10,557.5,777.8,427.8,43.62,2321.1,57.0,normal
2025-01-03 02:11,555.3,777.7,428.5,43.82,2369.9,57.0,normal
2025-01-03 02:12,554.8,775.5,427.5,43.66,2363.1,57.0,normal
2025-01-03 02:13,556.7,777.8,427.5,43.38,2353.5,57.0,normal
2025-01-03 02:14,555.3,775.5,427.6,43.43,2360.6,57.0,normal
2025-01-03 02:15,554.7,775.9,427.8,43.75,2340.3,57.0,normal
2025-01-03 02:16,556.3,777.7,427.1,43.81,2359.3,57.0,normal
2025-01-03 02:17,554.7,777.6,427.4,43.73,2342.4,57.0,normal
2025-01-03 02:18,555.8,777.7,427.3,43.67,2319.8,57.0,normal
2025-01-03 02:19,555.5,777.4,426.9,43.52,2342.5,57.0,normal
2025-01-03 02:20,554.7,776.5,426.5,43.83,2349.8,57.0,normal
2025-01-03 02:21,555.6,777.5,427.6,43.69,2359.8,57.0,normal
2025-01-03 02:22,555.8,777.2,426.6,43.33,2358.1,57.0,normal
2025-01-03 02:23,554.3,777.3,426.5,43.71,2328.5,57.0,normal
2025-01-03 02:24,554.7,775.8,426.5,43.42,2362.7,57.0,normal
2025-01-03 02:25,554.7,775.5,426.2,43.91,2329.7,57.0,normal
2025-01-03 02:26,556.4,776.2,426.4,43.81,2327.0,57.0,normal
2025-01-03 02:27,554.5,776.7,426.1,43.89,2344.8,57.0,normal
2025-01-03 02:28,554.5,775.5,426.7,43.53,2340.3,56.6,normal
2025-01-03 02:29,555.8,776.7,425.9,43.70,2301.0,56.3,normal
2025-01-03 02:30,553.2,774.7,425.9,43.96,2321.0,56.1,normal
2025-01-03 02:31,555.0,775.0,425.8,43.66,2294.4,55.9,normal
2025-01-03 02:32,554.2,774.4,427.3,43.95,2277.8,55.7,normal
2025-01-03 02:33,552.9,775.9,426.0,43.93,2314.3,55.6,normal
2025-01-03 02:34,553.1,777.0,425.6,43.75,2300.7,55.5,normal
2025-01-03 02:35,553.1,776.9,425.6,43.49,2302.7,55.4,normal
2025-01-03 02:36,555.7,774.7,427.6,43.42,2262.2,55.3,normal
2025-01-03 02:37,553.2,775.4,426.9,43.35,2290.5,55.3,normal
2025-01-03 02:38,552.7,774.9,426.3,43.78,2290.0,55.2,normal
2025-01-03 02:39,555.2,775.9,427.2,43.69,2299.4,55.2,normal
2025-01-03 02:40,553.2,774.4,427.0,43.75,2289.1,55.2,normal
2025-01-03 02:41,554.8,775.0,426.2,43.41,2263.7,55.1,normal
2025-01-03 02:42,552.9,774.2,426.9,43.62,2292.7,55.1,normal
2025-01-03 02:43,555.6,774.1,427.2,43.78,2271.7,55.1,normal
2025-01-03 02:44,555.5,775.9,426.7,43.74,2268.7,55.1,normal
2025-01-03 02:45,555.5,775.9,426.2,43.64,2263.4,55.1,normal
2025-01-03 02:46,554.2,776.6,427.1,43.88,2282.0,55.0,normal
2025-01-03 02:47,553.7,774.1,426.5,43.63,2284.0,55.0,normal
2025-01-03 02:48,554.3,774.4,425.4,43.35,2298.8,55.0,normal
2025-01-03 02:49,552.5,775.3,426.7,43.60,2284.7,55.0,normal
2025-01-03 02:50,554.3,776.5,425.8,43.62,2247.3,55.0,normal
2025-01-03 02:51,554.9,776.4,425.6,43.72,2260.8,55.0,normal
2025-01-03 02:52,553.3,775.7,426.2,43.55,2248.5,55.0,normal
2025-01-03 02:53,554.0,776.1,426.0,43.72,2268.3,55.0,normal
2025-01-03 02:54,553.0,774.4,426.2,43.71,2262.9,55.0,normal
2025-01-03 02:55,552.6,773.7,426.0,43.45,2281.5,55.0,normal
2025-01-03 02:56,552.0,776.4,426.9,43.18,2280.5,55.0,normal
2025-01-03 02:57,554.0,775.0,425.3,43.80,2291.1,55.0,normal
2025-01-03 02:58,553.3,775.9,426.9,43.67,2281.2,55.0,normal
2025-01-03 02:59,552.6,774.3,426.8,43.46,2290.3,55.0,normal
2025-01-03 03:00,553.0,775.5,425.7,43.64,2269.9,55.0,normal
2025-01-03 03:01,554.8,775.8,426.8,43.22,2297.0,55.0,normal
2025-01-03 03:02,554.4,774.8,425.6,43.34,2270.9,55.0,normal
2025-01-03 03:03,552.1,773.8,426.4,43.70,2245.8,55.0,normal
2025-01-03 03:04,554.9,775.9,425.5,43.29,2289.9,55.0,normal
2025-01-03 03:05,553.1,774.8,426.9,43.33,2277.8,55.0,normal
2025-01-03 03:06,554.8,775.4,425.4,43.33,2245.4,55.0,normal
2025-01-03 03:07,552.1,774.9,426.4,43.68,2293.5,55.0,normal
2025-01-03 03:08,553.5,775.9,425.6,43.22,2270.5,55.0,normal
2025-01-03 03:09,553.4,774.7,426.9,43.20,2279.9,55.0,normal
2025-01-03 03:10,553.9,774.6,426.7,43.32,2248.2,55.0,normal
2025-01-03 03:11,552.2,775.2,425.7,43.68,2276.3,55.0,normal
2025-01-03 03:12,554.2,774.2,426.7,43.76,2276.4,55.0,normal
2025-01-03 03:13,552.4,775.0,425.7,43.31,2289.3,55.0,normal
2025-01-03 03:14,554.7,774.0,425.9,43.64,2276.3,55.0,normal
2025-01-03 03:15,553.5,775.1,425.2,43.73,2282.6,55.0,normal
2025-01-03 03:16,553.0,776.1,427.1,43.68,2282.1,55.0,normal
2025-01-03 03:17,553.7,773.7,426.2,43.38,2272.8,55.0,normal
2025-01-03 03:18,553.9,774.7,425.9,43.50,2279.5,55.0,normal
2025-01-03 03:19,554.9,774.9,426.1,43.35,2271.8,55.0,normal
2025-01-03 03:20,553.4,775.7,426.4,43.27,2286.3,55.0,normal
2025-01-03 03:21,553.0,775.2,425.3,43.07,2267.9,55.0,normal
2025-01-03 03:22,552.8,774.8,426.7,43.36,2294.7,55.0,normal
2025-01-03 03:23,554.9,775.9,425.6,43.62,2251.1,55.0,normal
2025-01-03 03:24,554.8,775.1,426.2,43.65,2240.7,55.0,normal
2025-01-03 03:25,553.2,775.7,426.1,43.23,2246.4,55.0,normal
2025-01-03 03:26,554.1,776.3,426.3,43.40,2254.3,55.0,normal
2025-01-03 03:27,552.9,776.2,426.8,43.15,2288.2,55.0,normal
2025-01-03 03:28,552.4,774.9,425.8,43.19,2270.3,55.0,normal
2025-01-03 03:29,552.7,774.1,427.2,43.59,2261.1,55.0,normal
2025-01-03 03:30,553.8,776.0,425.6,43.27,2263.6,55.0,normal
2025-01-03 03:31,553.0,774.8,426.2,43.39,2298.8,55.5,normal
2025-01-03 03:32,553.2,773.9,426.3,43.24,2326.1,56.0,normal
2025-01-03 03:33,553.9,774.3,425.4,43.31,2300.6,56.3,normal
2025-01-03 03:34,554.2,776.4,425.6,43.05,2334.1,56.6,normal
2025-01-03 03:35,554.1,774.0,426.4,42.99,2314.5,56.9,normal
2025-01-03 03:36,553.7,776.3,427.4,43.58,2315.6,57.1,normal
2025-01-03 03:37,553.5,774.2,427.0,43.49,2328.8,57.3,normal
2025-01-03 03:38,554.1,776.0,426.4,43.32,2330.3,57.4,normal
2025-01-03 03:39,554.2,775.5,426.9,43.24,2331.5,57.5,normal
2025-01-03 03:40,555.0,774.7,427.2,43.06,2354.5,57.6,normal
2025-01-03 03:41,554.4,775.8,427.2,43.25,2370.8,57.7,normal
2025-01-03 03:42,555.3,775.6,426.1,43.29,2335.9,57.7,normal
2025-01-03 03:43,554.2,775.6,427.3,43.44,2349.2,57.8,normal
2025-01-03 03:44,555.5,774.1,426.3,43.34,2380.5,57.8,normal
2025-01-03 03:45,554.1,774.9,425.8,43.46,2346.8,57.8,normal
2025-01-03 03:46,553.3,776.2,425.7,43.37,2374.9,57.9,normal
2025-01-03 03:47,553.1,776.6,427.1,42.95,2357.3,57.9,normal
2025-01-03 03:48,554.6,774.2,427.6,43.25,2391.7,57.9,normal
2025-01-03 03:49,554.3,775.7,426.9,42.95,2353.2,57.9,normal
2025-01-03 03:50,553.9,776.0,426.6,42.97,2358.7,57.9,normal
2025-01-03 03:51,552.9,776.1,425.9,43.29,2378.7,58.0,normal
2025-01-03 03:52,554.5,775.1,426.5,42.90,2355.0,58.0,normal
2025-01-03 03:53,554.5,774.4,426.9,43.47,2378.0,58.0,normal
2025-01-03 03:54,555.6,776.8,426.8,43.17,2350.9,58.0,normal
2025-01-03 03:55,555.5,776.8,427.2,42.98,2346.8,58.0,normal
2025-01-03 03:56,554.8,777.2,427.5,43.56,2352.7,58.0,normal
2025-01-03 03:57,553.6,777.0,427.9,43.39,2394.0,58.0,normal
2025-01-03 03:58,555.5,776.6,425.9,43.49,2377.9,58.0,normal
2025-01-03 03:59,554.4,776.8,426.5,43.11,2357.1,58.0,normal
2025-01-03 04:00,554.8,777.3,427.6,43.50,2375.4,58.0,normal
2025-01-03 04:01,553.8,775.1,426.9,43.39,2361.7,58.0,normal
2025-01-03 04:02,554.0,775.2,426.5,43.52,2348.3,58.0,normal
2025-01-03 04:03,555.0,777.1,427.6,43.08,2382.7,58.0,normal
2025-01-03 04:04,555.5,775.2,427.1,43.35,2370.8,58.0,normal
2025-01-03 04:05,553.6,776.5,427.4,43.20,2365.2,58.0,normal
2025-01-03 04:06,555.3,776.2,428.1,43.02,2355.0,58.0,normal
2025-01-03 04:07,554.1,776.3,427.9,43.50,2347.8,58.0,normal
2025-01-03 04:08,553.9,775.0,427.7,43.38,2362.7,58.0,normal
2025-01-03 04:09,556.7,775.8,427.1,43.22,2360.7,58.0,normal
2025-01-03 04:10,556.6,776.7,426.9,43.33,2348.8,58.0,normal
2025-01-03 04:11,553.9,776.1,427.4,42.89,2352.2,58.0,normal
2025-01-03 04:12,555.8,777.9,427.0,43.14,2371.6,58.0,normal
2025-01-03 04:13,554.3,777.2,427.5,42.82,2339.8,58.0,normal
2025-01-03 04:14,555.5,777.3,427.3,42.86,2344.2,58.0,normal
2025-01-03 04:15,554.4,778.1,427.7,43.24,2350.4,58.0,normal
2025-01-03 04:16,556.8,777.3,427.3,42.95,2389.5,58.0,normal
2025-01-03 04:17,554.3,777.9,427.9,43.23,2372.5,58.0,normal
2025-01-03 04:18,556.1,775.6,428.2,43.31,2392.4,58.0,normal
2025-01-03 04:19,555.4,776.0,427.0,43.00,2350.0,58.0,normal
2025-01-03 04:20,555.5,777.6,428.6,43.11,2347.9,58.0,normal
2025-01-03 04:21,556.9,777.9,428.8,43.45,2374.7,58.0,normal
2025-01-03 04:22,556.0,777.5,427.5,42.88,2389.6,58.0,normal
2025-01-03 04:23,556.8,777.2,427.1,42.99,2377.5,58.0,normal
2025-01-03 04:24,555.2,777.6,428.6,42.81,2386.6,58.0,normal
2025-01-03 04:25,556.7,776.7,428.7,43.28,2353.1,58.0,normal
2025-01-03 04:26,557.9,776.1,427.2,43.40,2383.1,58.0,normal
2025-01-03 04:27,556.3,778.0,428.8,43.29,2347.7,58.0,normal
2025-01-03 04:28,555.7,778.6,427.0,43.21,2387.7,58.0,normal
2025-01-03 04:29,555.3,776.9,427.8,43.01,2355.7,58.0,normal
2025-01-03 04:30,555.4,777.0,427.9,43.14,2366.1,58.0,normal
2025-01-03 04:31,558.0,776.7,427.1,43.38,2369.8,58.0,normal
2025-01-03 04:32,555.5,776.9,428.1,43.08,2390.4,58.0,normal
2025-01-03 04:33,555.9,776.8,427.2,42.92,2368.6,58.0,normal
2025-01-03 04:34,556.7,776.5,428.3,43.44,2384.9,58.0,normal
2025-01-03 04:35,556.7,779.0,429.1,43.13,2365.1,58.0,normal
2025-01-03 04:36,556.2,779.3,427.4,43.31,2389.1,58.0,normal
2025-01-03 04:37,558.5,779.3,428.9,42.77,2357.6,58.0,normal
2025-01-03 04:38,556.8,776.9,428.3,42.80,2345.4,58.0,normal
2025-01-03 04:39,558.0,776.8,429.2,43.18,2383.0,58.0,normal
2025-01-03 04:40,556.5,777.8,428.9,43.06,2370.4,58.0,normal
2025-01-03 04:41,556.3,777.2,429.1,42.94,2386.7,58.0,normal
2025-01-03 04:42,558.0,778.5,427.6,42.84,2379.7,58.0,normal
2025-01-03 04:43,558.1,779.0,429.3,42.76,2338.2,58.0,normal
2025-01-03 04:44,558.7,777.5,428.6,42.87,2376.7,58.0,normal
2025-01-03 04:45,558.8,778.2,428.7,43.19,2351.3,57.6,normal
2025-01-03 04:46,557.3,778.1,428.7,43.12,2353.0,57.3,normal
2025-01-03 04:47,557.6,778.8,429.4,43.21,2358.1,57.1,normal
2025-01-03 04:48,559.1,778.2,428.2,43.22,2334.0,56.9,normal
2025-01-03 04:49,558.2,779.2,428.9,43.22,2299.9,56.7,normal
2025-01-03 04:50,558.8,778.3,429.7,43.01,2294.3,56.6,normal
2025-01-03 04:51,559.1,779.6,428.2,43.02,2307.5,56.5,normal
2025-01-03 04:52,559.4,778.9,430.0,42.97,2320.2,56.4,normal
2025-01-03 04:53,556.9,780.1,428.2,43.34,2324.3,56.3,normal
2025-01-03 04:54,559.2,777.8,428.7,42.95,2321.6,56.3,normal
2025-01-03 04:55,559.7,778.6,428.8,43.37,2276.7,56.2,normal
2025-01-03 04:56,558.6,778.0,429.8,42.93,2322.6,56.2,normal
2025-01-03 04:57,559.7,778.0,429.9,43.11,2294.2,56.2,normal
2025-01-03 04:58,558.6,780.4,430.1,43.36,2272.6,56.1,normal
2025-01-03 04:59,558.8,780.3,428.8,43.22,2297.0,56.1,normal
2025-01-03 05:00,560.1,780.6,428.4,42.76,2270.4,56.1,normal
2025-01-03 05:01,558.5,780.1,430.5,43.12,2312.0,56.1,normal
2025-01-03 05:02,559.0,779.9,428.6,42.67,2289.5,56.1,normal
2025-01-03 05:03,559.7,779.2,429.4,43.25,2289.7,56.0,normal
2025-01-03 05:04,558.1,778.7,429.5,43.18,2293.7,56.0,normal
2025-01-03 05:05,559.9,778.9,428.9,43.19,2290.4,56.0,normal
2025-01-03 05:06,559.0,780.1,429.5,43.03,2297.2,56.0,normal
2025-01-03 05:07,559.9,779.8,429.3,42.79,2268.1,56.0,normal
2025-01-03 05:08,559.4,778.7,429.7,43.08,2282.7,56.0,normal
2025-01-03 05:09,559.2,778.5,430.0,43.29,2271.6,56.0,normal
2025-01-03 05:10,558.6,779.1,430.6,43.24,2266.8,56.0,normal
2025-01-03 05:11,561.2,778.6,429.1,42.67,2288.0,56.0,normal
2025-01-03 05:12,559.7,780.2,430.3,42.83,2298.7,56.0,normal
2025-01-03 05:13,560.6,780.2,429.9,43.08,2306.5,56.0,normal
2025-01-03 05:14,559.7,780.1,430.1,43.14,2316.7,56.0,normal
2025-01-03 05:15,559.8,781.3,429.6,42.97,2274.4,56.0,normal
2025-01-03 05:16,559.9,779.2,431.0,43.08,2274.7,56.0,normal
2025-01-03 05:17,560.0,781.1,431.1,43.17,2293.3,56.0,normal
2025-01-03 05:18,559.7,780.4,430.0,43.16,2293.2,56.0,normal
2025-01-03 05:19,559.7,780.5,430.2,42.84,2272.2,56.0,normal
2025-01-03 05:20,561.4,779.8,429.3,43.15,2307.5,56.0,normal
2025-01-03 05:21,559.6,779.0,430.0,43.04,2309.5,56.0,normal
2025-01-03 05:22,561.6,780.5,429.4,42.77,2290.6,56.0,normal
2025-01-03 05:23,560.4,780.5,431.0,42.88,2280.7,56.0,normal
2025-01-03 05:24,558.9,781.3,429.6,42.78,2269.9,56.0,normal
2025-01-03 05:25,561.7,781.3,429.4,42.60,2297.1,56.0,normal
2025-01-03 05:26,562.0,781.5,430.8,42.83,2272.5,56.0,normal
2025-01-03 05:27,562.0,781.1,429.7,42.68,2267.6,56.0,normal
2025-01-03 05:28,561.3,781.4,429.7,42.97,2306.2,56.0,normal
2025-01-03 05:29,560.6,780.1,429.8,42.69,2309.5,56.0,normal
2025-01-03 05:30,561.4,779.8,431.2,42.85,2267.3,56.0,normal
2025-01-03 05:31,561.4,780.7,429.9,43.21,2283.3,56.0,normal
2025-01-03 05:32,561.0,780.4,429.9,43.16,2279.1,56.0,normal
2025-01-03 05:33,562.3,779.6,430.3,42.61,2299.6,56.0,normal
2025-01-03 05:34,560.0,780.6,430.4,42.59,2269.7,56.0,normal
2025-01-03 05:35,562.1,782.1,430.6,43.03,2312.7,56.0,normal
2025-01-03 05:36,562.3,781.9,429.7,42.79,2293.6,56.0,normal
2025-01-03 05:37,562.1,782.4,431.6,42.66,2267.9,56.0,normal
2025-01-03 05:38,561.6,780.7,430.3,43.17,2271.1,56.0,normal
2025-01-03 05:39,560.7,781.4,430.0,42.57,2306.6,56.0,normal
2025-01-03 05:40,560.2,781.4,430.9,43.19,2273.7,56.0,normal
2025-01-03 05:41,560.7,780.5,429.9,42.75,2315.5,56.0,normal
2025-01-03 05:42,561.7,781.7,429.7,43.03,2306.1,56.0,normal
2025-01-03 05:43,560.8,782.5,430.2,42.58,2280.1,56.0,normal
2025-01-03 05:44,562.4,780.9,431.0,43.16,2292.1,56.0,normal
2025-01-03 05:45,560.0,782.6,431.8,43.14,2271.5,56.0,normal
2025-01-03 05:46,560.1,782.1,430.0,42.88,2271.0,56.0,normal
2025-01-03 05:47,560.4,780.6,431.6,43.15,2299.0,56.0,normal
2025-01-03 05:48,559.8,782.3,431.6,43.24,2305.2,56.0,normal
2025-01-03 05:49,561.9,781.2,429.9,42.84,2297.6,56.0,normal
2025-01-03 05:50,562.8,780.0,431.9,42.94,2265.4,56.0,normal
2025-01-03 05:51,560.8,780.6,430.2,42.66,2306.5,56.0,normal
2025-01-03 05:52,562.2,780.6,430.8,42.55,2270.5,56.0,normal
2025-01-03 05:53,561.5,781.5,430.5,42.68,2278.3,56.0,normal
2025-01-03 05:54,561.5,782.5,430.9,43.02,2282.9,56.0,normal
2025-01-03 05:55,560.6,782.6,431.1,42.95,2274.2,56.0,normal
2025-01-03 05:56,560.9,782.7,431.6,42.54,2277.5,56.0,normal
2025-01-03 05:57,560.1,780.5,430.7,42.71,2274.3,56.4,normal
2025-01-03 05:58,561.4,780.3,430.2,42.65,2312.8,56.7,normal
2025-01-03 05:59,560.2,782.8,431.7,43.09,2345.4,56.9,normal
2025-01-03 06:00,562.8,780.9,430.3,42.81,2332.5,57.1,normal
2025-01-03 06:01,560.5,782.7,431.2,42.98,2346.0,57.3,normal
2025-01-03 06:02,563.2,782.8,431.0,42.96,2358.9,57.4,normal
2025-01-03 06:03,560.6,781.0,431.7,42.75,2339.0,57.5,normal
2025-01-03 06:04,562.3,782.5,431.0,43.20,2366.0,57.6,normal
2025-01-03 06:05,560.2,780.5,431.7,43.17,2348.5,57.7,normal
2025-01-03 06:06,562.0,781.6,431.7,43.06,2334.6,57.7,normal
2025-01-03 06:07,563.0,781.7,431.3,43.11,2371.0,57.8,normal
2025-01-03 06:08,561.6,782.1,431.4,42.99,2330.1,57.8,normal
2025-01-03 06:09,561.2,781.8,431.7,43.11,2368.1,57.8,normal
2025-01-03 06:10,561.9,781.1,430.3,43.04,2331.1,57.9,normal
2025-01-03 06:11,560.8,782.0,430.0,43.14,2328.5,57.9,normal
2025-01-03 06:12,561.9,782.1,430.5,42.68,2348.1,57.9,normal
2025-01-03 06:13,563.0,782.2,431.6,43.15,2378.9,57.9,normal
2025-01-03 06:14,562.8,781.8,430.7,42.59,2328.1,57.9,normal
2025-01-03 06:15,560.5,781.5,432.1,42.56,2328.7,58.0,normal
2025-01-03 06:16,561.9,781.2,432.1,43.18,2328.3,58.0,normal
2025-01-03 06:17,560.7,782.6,431.2,43.13,2343.9,58.0,normal
2025-01-03 06:18,562.9,781.3,431.7,42.54,2330.8,58.0,normal
2025-01-03 06:19,561.9,781.4,431.5,43.05,2373.6,58.0,normal
2025-01-03 06:20,563.1,781.5,431.9,43.04,2335.3,58.0,normal
2025-01-03 06:21,560.0,780.2,431.7,43.13,2360.0,58.0,normal
2025-01-03 06:22,563.0,781.7,430.4,42.96,2366.5,58.0,normal
2025-01-03 06:23,562.0,781.3,431.9,42.77,2367.1,58.0,normal
2025-01-03 06:24,560.4,782.6,430.6,42.81,2361.6,58.0,normal
2025-01-03 06:25,562.4,782.6,430.2,42.75,2356.6,58.0,normal
2025-01-03 06:26,563.0,781.4,431.6,42.97,2338.1,58.0,normal
2025-01-03 06:27,562.4,782.6,430.1,42.69,2346.9,58.0,normal
2025-01-03 06:28,559.8,782.4,430.9,42.60,2374.8,58.0,normal
2025-01-03 06:29,562.6,782.5,431.8,42.77,2368.3,58.0,normal
2025-01-03 06:30,562.1,780.6,431.9,43.17,2362.0,58.0,normal
2025-01-03 06:31,559.8,780.7,430.4,43.13,2352.0,58.0,normal
2025-01-03 06:32,562.3,782.1,431.0,42.75,2370.7,58.0,normal
2025-01-03 06:33,561.5,781.6,430.3,43.05,2339.4,58.0,normal
2025-01-03 06:34,559.8,781.1,430.5,43.10,2379.8,58.0,normal
2025-01-03 06:35,559.8,781.0,430.1,42.96,2350.6,58.0,normal
2025-01-03 06:36,560.5,782.6,431.3,43.05,2353.4,58.0,normal
2025-01-03 06:37,561.9,781.0,430.0,43.02,2367.6,58.0,normal
2025-01-03 06:38,562.1,781.9,430.1,42.62,2329.5,58.0,normal
2025-01-03 06:39,561.1,779.9,430.4,42.95,2362.8,58.0,normal
2025-01-03 06:40,561.8,781.4,431.1,42.78,2362.7,58.0,normal
2025-01-03 06:41,561.9,780.9,431.2,43.09,2349.6,58.0,normal
2025-01-03 06:42,561.3,780.3,431.1,43.04,2371.8,58.0,normal
2025-01-03 06:43,561.1,779.8,431.4,42.80,2345.0,58.0,normal
2025-01-03 06:44,560.6,780.7,431.3,43.13,2364.6,58.0,normal
2025-01-03 06:45,559.8,782.0,430.2,42.68,2341.6,58.0,normal
2025-01-03 06:46,562.1,780.7,431.3,43.13,2368.8,58.0,normal
2025-01-03 06:47,559.5,781.8,431.0,42.76,2369.4,58.0,normal
2025-01-03 06:48,560.8,781.1,430.6,42.71,2328.6,58.0,normal
2025-01-03 06:49,559.2,781.6,431.2,42.48,2349.6,58.0,normal
2025-01-03 06:50,561.9,780.9,430.6,42.65,2372.2,58.0,normal
2025-01-03 06:51,559.7,779.9,430.4,42.74,2357.0,58.0,normal
2025-01-03 06:52,560.0,779.8,431.3,42.60,2364.1,58.0,normal
2025-01-03 06:53,559.2,781.7,430.6,42.82,2355.5,58.0,normal
2025-01-03 06:54,559.4,781.5,430.2,42.74,2337.8,58.0,normal
2025-01-03 06:55,560.6,780.1,430.7,43.11,2373.3,58.0,normal
2025-01-03 06:56,560.6,779.4,431.3,42.66,2338.3,58.0,normal
2025-01-03 06:57,560.1,780.0,430.1,42.93,2334.0,58.0,normal
2025-01-03 06:58,561.5,779.1,429.3,42.79,2342.7,58.0,normal
2025-01-03 06:59,560.4,781.4,431.2,42.89,2348.0,58.0,normal
2025-01-03 07:00,559.7,781.1,430.0,42.58,2372.6,58.0,normal
2025-01-03 07:01,559.1,779.1,429.7,42.89,2357.4,58.0,normal
2025-01-03 07:02,560.5,780.3,430.9,42.50,2345.4,57.5,normal
2025-01-03 07:03,560.3,780.8,430.6,42.83,2307.2,57.0,normal
2025-01-03 07:04,559.2,781.4,429.7,43.06,2329.2,56.7,normal
2025-01-03 07:05,558.9,778.7,430.7,42.53,2303.9,56.4,normal
2025-01-03 07:06,560.2,779.8,428.8,42.99,2302.0,56.1,normal
2025-01-03 07:07,558.4,780.5,429.3,42.52,2274.6,55.9,normal
2025-01-03 07:08,560.2,780.9,429.1,42.68,2298.1,55.7,normal
2025-01-03 07:09,558.8,780.6,430.1,42.53,2275.0,55.6,normal
2025-01-03 07:10,560.6,779.4,428.7,42.65,2272.2,55.5,normal
2025-01-03 07:11,558.5,780.8,429.6,42.93,2246.9,55.4,normal
2025-01-03 07:12,560.1,780.9,429.3,42.76,2252.3,55.3,normal
2025-01-03 07:13,560.2,780.5,430.3,42.69,2258.6,55.3,normal
2025-01-03 07:14,559.9,779.8,430.0,42.96,2257.1,55.2,normal
2025-01-03 07:15,559.7,780.5,428.9,42.97,2264.2,55.2,normal
2025-01-03 07:16,558.5,780.2,429.9,42.69,2280.5,55.2,normal
2025-01-03 07:17,558.4,778.4,429.8,43.05,2245.5,55.1,normal
2025-01-03 07:18,559.0,780.7,428.8,42.92,2240.7,55.1,normal
2025-01-03 07:19,558.9,779.0,428.8,43.11,2233.4,55.1,normal
2025-01-03 07:20,558.3,780.6,430.0,42.58,2235.1,55.1,normal