ts,pt,pc,temp,q,choke
2008-02-12,1549.1,270.3,16.3,1373.0,14.5
2008-02-13,1753.3,238.8,53.4,10073.0,22.8
2008-02-14,1649.3,183.6,72.7,18009.0,31.2
2008-02-15,1694.5,76.3,70.0,13541.0,28.5
2008-02-16,1674.2,179.6,71.5,14778.0,30.2
2008-02-17,1670.9,208.6,73.6,14930.0,30.0
2008-02-18,1643.0,231.8,74.2,14614.0,30.3
2008-02-19,1650.1,272.8,74.9,15158.0,30.5
2008-02-20,1644.7,286.3,73.0,15644.0,29.9
2008-02-21,1640.5,281.8,71.7,14967.0,30.5
2008-02-22,1640.1,15.1,72.3,14048.0,29.6
2008-02-23,1633.2,159.7,69.6,8902.0,29.0
2008-02-24,1612.6,124.5,73.2,15638.0,30.8
2008-02-25,1616.4,178.5,73.1,15509.0,30.7
2008-02-26,1609.0,181.4,72.3,15782.0,30.9
2008-02-27,1600.1,179.5,74.7,15737.0,30.8
2008-02-28,1604.5,147.2,73.5,14997.0,29.9
2008-02-29,1587.4,165.7,73.4,15904.0,31.0
2008-03-01,1578.4,161.8,74.6,15806.0,31.1
2008-03-02,1571.1,162.8,75.2,15755.0,31.1
2008-03-03,1567.3,157.6,75.1,15670.0,31.0
2008-03-04,1567.5,142.6,74.3,15194.0,30.6
2008-03-05,1564.5,135.2,72.5,15457.0,30.6
2008-03-06,1556.4,132.2,75.0,15282.0,30.6
2008-03-07,1562.8,91.0,71.0,13817.0,28.8
2008-03-08,1566.9,66.6,69.3,12917.0,27.9
2008-03-09,1536.4,124.5,73.1,15107.0,31.2
2008-03-10,1527.1,130.7,73.3,15562.0,31.3
2008-03-11,1520.2,129.6,74.0,15926.0,31.4
2008-03-12,1523.7,97.1,73.9,14793.0,29.9
2008-03-13,1500.3,125.3,75.3,16193.0,31.6
2008-03-14,1497.1,113.5,75.2,15115.0,30.9
2008-03-15,1481.4,127.9,76.3,16038.0,32.1
2008-03-16,1475.6,122.0,76.0,16061.0,32.1
2008-03-17,1469.2,116.1,75.2,16606.0,32.1
2008-03-18,1463.6,112.5,75.4,15019.0,32.0
2008-03-19,1457.0,108.4,75.6,16036.0,32.0
2008-03-20,1452.2,101.1,74.7,16508.0,32.0
2008-03-21,1444.2,97.1,75.4,16190.0,32.1
2008-03-22,1438.4,93.7,75.3,16175.0,32.1
2008-03-23,1432.9,91.2,75.4,16468.0,32.1
2008-03-24,1427.2,71.9,74.8,16544.0,32.1
2008-03-25,1421.9,216.2,75.0,14358.0,32.0
2008-03-26,1419.9,214.6,75.3,4003.0,30.9
2008-03-27,17.1,8.7,6.7,0.0,
2008-03-28,1337.8,6.0,24.1,1728.0,21.3
2008-03-29,1410.9,97.8,69.3,17978.0,32.0
2008-03-30,1412.2,159.3,73.1,4852.0,30.7
2008-03-31,1423.1,103.6,70.5,13368.0,31.0
2008-04-01,1413.1,166.4,73.5,16168.0,29.8
2008-04-02,1401.9,184.9,75.8,16309.0,31.8
2008-04-03,1394.1,191.3,75.9,13172.0,32.0
2008-04-04,1387.9,192.5,75.2,16376.0,32.1
2008-04-05,1379.9,192.4,75.5,16369.0,32.2
2008-04-06,1374.8,192.3,75.4,15570.0,32.2
2008-04-07,1374.1,190.7,75.3,15975.0,32.0
2008-04-08,1371.3,189.5,74.6,15928.0,32.0
2008-04-09,1366.5,188.3,74.8,16372.0,32.0
2008-04-10,1360.6,187.3,75.4,16552.0,31.3
2008-04-11,1357.9,184.4,74.2,16207.0,31.9
2008-04-12,1351.0,182.0,73.9,8556.0,30.9
2008-04-13,1357.8,30.7,48.7,2321.0,25.8
2008-04-14,1216.6,96.6,64.0,14590.0,28.8
2008-04-15,1349.4,153.0,74.2,14137.0,32.1
2008-04-16,1348.8,160.0,74.5,16327.0,31.9
2008-04-17,1346.1,167.4,74.9,6501.0,31.7
2008-04-18,1347.2,115.2,72.3,13156.0,31.7
2008-04-19,1349.2,143.9,73.2,13530.0,30.0
2008-04-20,1343.6,162.2,75.0,14779.0,31.5
2008-04-21,1339.1,163.3,74.9,15056.0,31.5
2008-04-22,1336.8,161.9,74.2,14916.0,31.5
2008-04-23,1332.3,159.7,73.6,14907.0,31.5
2008-04-24,1328.2,158.2,73.7,16755.0,30.8
2008-04-25,1331.1,158.6,74.3,16967.0,31.5
2008-04-26,1337.8,158.3,73.4,17015.0,31.4
2008-04-27,1315.7,168.2,75.8,12389.0,31.5
2008-04-29,1290.9,26.9,51.5,3207.0,25.8
2008-04-30,1317.8,103.7,69.0,16236.0,32.5
2008-05-01,1315.1,154.2,74.2,16641.0,33.4
2008-05-02,1316.5,166.1,75.9,17176.0,33.4
2008-05-03,1320.7,171.9,76.3,16750.0,33.4
2008-05-04,1325.2,174.4,75.4,17414.0,33.4
2008-05-05,1330.2,177.9,76.3,17351.0,33.3
2008-05-06,1331.5,181.8,77.0,17300.0,33.2
2008-05-07,1335.8,182.7,77.2,17281.0,33.1
2008-05-08,1340.1,184.4,77.3,17255.0,33.1
2008-05-09,1345.7,185.9,77.0,17283.0,33.0
2008-05-10,1328.2,193.6,77.5,18515.0,34.1
2008-05-11,1299.7,205.3,78.8,20035.0,35.6
2008-05-12,1271.2,212.2,79.1,21640.0,36.2
2008-05-13,1245.4,220.0,79.5,22897.0,37.3
2008-05-14,1243.6,222.7,79.7,23010.0,38.2
2008-05-15,1224.5,227.8,80.2,23699.0,39.3
2008-05-16,1210.3,231.0,80.3,24591.0,40.1
2008-05-17,1201.3,230.9,80.2,25073.0,40.7
2008-05-18,1201.5,227.5,80.0,25133.0,40.7
2008-05-19,1202.8,229.3,80.2,25218.0,40.8
2008-05-20,1178.6,233.3,80.6,26201.0,42.2
2008-05-21,1162.8,237.4,80.8,26825.0,43.1
2008-05-22,1163.5,238.3,80.9,26860.0,43.1
2008-05-23,1163.2,238.9,81.0,26850.0,43.1
2008-05-24,1162.8,238.9,81.0,26922.0,43.2
2008-05-25,1160.6,239.9,81.2,27004.0,43.3
2008-05-26,1159.7,236.2,80.9,27079.0,43.4
2008-05-27,1159.9,234.6,80.9,27118.0,43.5
2008-05-28,1162.6,232.3,79.5,27101.0,43.5
2008-05-29,1163.2,231.9,79.0,27198.0,43.6
2008-05-30,1208.5,227.1,79.7,20806.0,40.1
2008-05-31,19.5,16.1,21.8,0.0,0.0
2008-06-01,1325.5,5.0,22.1,414.0,16.8
2008-06-02,1179.1,143.1,77.8,21314.0,42.5
2008-06-03,0.0,177.4,79.2,26694.0,43.2
2008-06-04,14.9,191.0,77.9,26998.0,43.4
2008-06-05,972.2,198.5,79.6,27122.0,43.4
2008-06-06,1164.7,201.1,79.8,26959.0,43.4
2008-06-07,1163.3,203.7,81.3,26885.0,43.3
2008-06-08,1162.5,203.5,80.8,26878.0,43.4
2008-06-09,1164.0,202.5,80.2,26914.0,43.4
2008-06-10,1163.1,201.7,80.6,26879.0,43.4
2008-06-11,1159.5,200.1,80.4,26848.0,43.4
2008-06-12,1151.6,196.3,80.3,26733.0,43.5
2008-06-13,1146.3,194.0,80.4,26641.0,43.5
2008-06-14,1184.8,169.2,77.4,22994.0,38.5
2008-06-15,1142.2,195.5,80.8,26948.0,43.7
2008-06-16,1143.4,197.5,80.9,26993.0,43.7
2008-06-17,1148.2,196.8,79.9,26711.0,43.8
2008-06-18,1151.0,196.7,79.7,27043.0,43.8
2008-06-19,1152.7,197.3,79.7,27057.0,42.9
2008-06-20,1189.1,187.6,79.0,24810.0,40.9
2008-06-21,1167.0,198.8,80.7,26489.0,42.8
2008-06-22,1157.6,198.4,79.3,27160.0,42.8
2008-06-23,1161.1,200.2,80.5,27038.0,43.4
2008-06-24,1161.8,202.8,80.9,27055.0,42.5
2008-06-25,1166.0,203.4,80.0,27105.0,43.5
2008-06-26,1177.6,196.3,79.6,22571.0,42.2
2008-06-27,1166.4,201.9,81.0,26915.0,43.5
2008-06-28,1167.5,205.4,81.1,25117.0,43.5
2008-06-29,1163.3,202.5,80.4,27130.0,43.5
2008-06-30,1243.3,191.8,79.6,23284.0,39.4
2008-07-01,1265.1,170.2,77.1,21164.0,37.0
2008-07-02,1176.7,192.8,79.2,27068.0,43.2
2008-07-03,1180.6,203.3,80.1,26926.0,43.0
2008-07-04,1179.4,206.2,81.2,26897.0,43.0
2008-07-05,1178.8,207.2,81.4,26909.0,43.0
2008-07-06,1179.9,207.3,81.4,26936.0,43.0
2008-07-07,1182.1,207.1,81.0,26981.0,43.0
2008-07-08,1184.5,206.5,80.1,26984.0,43.0
2008-07-09,1183.1,209.6,81.7,26942.0,42.9
2008-07-10,1184.7,210.6,81.5,24407.0,43.0
2008-07-11,1222.4,173.0,78.2,15071.0,40.3
2008-07-12,1452.6,40.5,62.0,5360.0,32.1
2008-07-13,1265.7,151.2,79.1,21403.0,47.9
2008-07-14,1286.7,160.7,77.0,20251.0,44.4
2008-07-15,1217.8,183.9,79.1,22440.0,48.7
2008-07-16,1302.0,168.1,78.3,18405.0,44.5
2008-07-17,1328.9,161.2,78.4,17033.0,42.9
2008-07-18,1344.1,157.2,78.0,16763.0,42.0
2008-07-19,1351.3,153.4,77.3,17016.0,41.7
2008-07-20,1351.4,151.7,77.2,16479.0,41.7
2008-07-21,1352.1,151.4,77.0,16479.0,41.7
2008-07-22,1352.4,153.4,77.6,16429.0,41.7
2008-07-23,1353.5,152.8,77.7,16354.0,41.7
2008-07-24,1353.2,152.5,77.6,16637.0,41.7
2008-07-25,1355.6,151.5,76.6,16267.0,41.7
2008-07-26,1357.2,152.0,76.7,16302.0,41.7
2008-07-27,1357.6,152.7,76.9,16432.0,41.6
2008-07-28,1356.9,154.0,77.9,16279.0,41.6
2008-07-29,1335.3,156.6,76.7,17311.0,43.0
2008-07-30,1429.0,123.4,71.5,12560.0,33.3
2008-07-31,1417.7,88.8,64.4,11978.0,32.0
2008-08-01,1382.8,142.3,75.2,15424.0,40.1
2008-08-02,1312.6,138.8,72.3,15727.0,38.3
2008-08-03,1380.0,147.0,76.6,15487.0,40.2
2008-08-04,1377.4,147.2,77.3,15964.0,40.1
2008-08-05,1377.4,147.5,77.2,15458.0,40.2
2008-08-06,1382.4,145.6,76.1,4777.0,36.9
2008-08-08,1473.6,38.2,62.0,3912.0,28.2
2008-08-09,1240.2,128.6,77.4,19750.0,47.5
2008-08-10,1210.7,172.0,79.3,21298.0,49.2
2008-08-11,1198.3,177.7,78.6,21605.0,49.7
2008-08-12,1181.6,182.5,80.1,21762.0,49.4
2008-08-13,1178.4,179.5,80.1,21924.0,50.2
2008-08-14,1188.6,172.6,80.0,23001.0,49.4
2008-08-15,1158.0,179.4,80.5,23786.0,51.2
2008-08-16,1060.6,184.7,80.9,28235.0,57.2
2008-08-17,1053.6,181.8,80.3,28085.0,57.3
2008-08-18,1050.7,178.8,79.9,28637.0,56.9
2008-08-19,1046.2,176.4,80.3,28299.0,56.7
2008-08-20,1036.6,175.8,81.3,25728.0,56.7
2008-08-21,1098.5,167.0,80.2,22867.0,52.2
2008-08-22,1365.8,107.0,73.2,10247.0,35.0
2008-08-23,1378.7,103.6,72.9,10286.0,34.9
2008-08-24,1390.7,109.0,71.0,10407.0,35.0
2008-08-25,1399.8,180.8,70.8,10381.0,35.0
2008-08-26,1406.4,184.0,72.6,10382.0,34.9
2008-08-27,1410.5,183.1,72.3,10438.0,34.8
2008-08-28,1403.8,181.2,72.6,10782.0,34.6
2008-08-29,1395.1,192.5,73.9,11250.0,35.9
2008-08-30,1407.4,183.6,72.3,10500.0,34.8
2008-08-31,1415.6,161.4,69.9,3056.0,30.0
2008-09-01,1414.8,162.1,69.9,10031.0,34.3
2008-09-02,1419.0,181.5,71.4,4124.0,32.7
2008-09-03,1548.8,25.3,18.2,0.0,
2008-09-04,1517.6,17.2,14.3,0.0,
2008-09-05,1515.5,13.8,15.5,0.0,
2008-09-06,1384.0,42.9,51.1,3712.0,32.4
2008-09-07,1413.2,124.8,69.3,10753.0,35.5
2008-09-08,1429.5,151.1,70.6,2438.0,30.5
2008-09-09,1550.8,18.9,19.2,0.0,
2008-09-10,1411.0,40.4,40.1,6111.0,22.3
2008-09-11,1266.1,181.3,73.9,20909.0,44.2
2008-09-12,1270.2,214.2,73.4,19432.0,42.8
2008-09-13,1236.4,222.7,75.1,20971.0,45.7
2008-09-14,1221.5,230.2,76.8,20817.0,45.8
2008-09-15,1201.7,231.1,77.7,20836.0,46.2
2008-09-16,1186.4,229.7,77.8,20563.0,46.3
2008-09-17,1169.7,226.4,77.8,20129.0,46.2
2008-09-18,1233.8,174.3,67.7,12787.0,36.7
2008-09-19,1221.8,169.8,70.3,13035.0,37.1
2008-09-20,1149.2,203.1,76.7,18201.0,44.9
2008-09-21,1153.8,183.2,73.0,14375.0,41.2
2008-09-22,1106.0,210.1,77.7,14336.0,45.3
2008-09-23,1094.2,205.5,77.7,18375.0,46.2
2008-09-24,1082.8,211.5,77.6,18181.0,46.4
2008-09-25,1106.6,201.1,76.4,17991.0,44.1
2008-09-26,1060.0,207.8,76.4,17917.0,46.8
2008-09-27,1087.9,191.3,72.7,16127.0,43.4
2008-09-28,1073.3,197.2,76.4,17002.0,45.0
2008-09-29,1051.1,202.0,76.9,17562.0,46.6
2008-09-30,1045.1,203.5,77.3,18312.0,46.6
2008-10-01,1031.5,205.4,77.6,18076.0,47.3
2008-10-02,1028.9,203.4,77.3,16629.0,47.3
2008-10-03,1026.1,200.5,76.3,17993.0,47.3
2008-10-04,1117.2,159.8,64.9,12724.0,36.5
2008-10-05,1024.2,185.9,75.3,16878.0,47.1
2008-10-06,1144.9,157.0,70.0,10440.0,36.3
2008-10-07,1118.9,171.5,71.8,13671.0,40.8
2008-10-08,1117.8,174.4,73.2,13657.0,40.8
2008-10-09,1119.4,175.3,73.1,13610.0,40.8
2008-10-10,1119.9,173.4,71.6,13673.0,40.8
2008-10-11,1115.9,171.4,71.8,13794.0,40.9
2008-10-12,1099.4,178.5,73.3,14141.0,41.9
2008-10-13,1101.5,177.8,73.4,14118.0,41.8
2008-10-14,1101.2,178.1,74.7,14115.0,41.8
2008-10-15,1103.6,178.0,73.8,14141.0,41.8
2008-10-16,1102.9,176.3,74.1,14132.0,41.8
2008-10-17,1102.8,176.0,74.0,14131.0,41.8
2008-10-18,1044.5,157.7,70.1,12688.0,43.6
2008-10-19,1119.2,173.0,72.1,13513.0,40.3
2008-10-20,1137.8,166.1,69.9,13344.0,39.7
2008-10-21,1141.6,166.8,71.0,13261.0,39.5
2008-10-22,1045.1,164.0,74.8,17275.0,46.5
2008-10-23,1051.4,192.4,73.3,16948.0,45.9
2008-10-24,1041.9,194.5,73.3,17332.0,46.5
2008-10-25,1030.7,196.1,72.7,17802.0,47.3
2008-10-26,1019.4,200.3,75.3,19336.0,47.9
2008-10-27,1021.2,200.4,76.3,18584.0,47.8
2008-10-28,1026.0,200.5,75.6,18858.0,47.5
2008-10-29,1089.6,180.8,72.0,14317.0,40.6
2008-10-30,1051.0,187.5,76.0,17475.0,46.3
2008-10-31,1034.1,197.3,76.6,17650.0,46.8
2008-11-01,1075.2,180.1,72.0,13726.0,41.0
2008-11-02,954.3,185.8,76.0,22333.0,54.1
2008-11-03,838.9,214.3,78.5,25443.0,63.6
2008-11-04,816.9,216.4,79.2,26068.0,65.9
2008-11-05,811.6,214.9,78.2,25933.0,66.8
2008-11-06,809.8,211.8,76.2,26353.0,67.3
2008-11-07,787.2,211.5,76.2,25731.0,70.7
2008-11-08,787.9,212.3,77.0,25795.0,70.8
2008-11-09,793.9,213.1,76.4,25632.0,69.8
2008-11-10,805.3,213.5,76.4,25393.0,68.2
2008-11-11,805.8,214.0,77.6,25454.0,68.2
2008-11-12,802.0,216.2,79.1,25504.0,68.2
2008-11-13,806.8,216.3,77.9,25533.0,68.2
2008-11-14,809.1,215.8,77.0,25645.0,68.3
2008-11-15,811.7,216.0,78.0,25616.0,67.8
2008-11-16,810.3,216.0,78.6,25569.0,67.7
2008-11-17,813.8,216.0,77.2,25539.0,66.3
2008-11-18,811.6,214.9,78.5,25580.0,67.8
2008-11-19,781.2,213.6,79.0,26302.0,72.6
2008-11-20,791.6,213.6,78.5,25777.0,70.3
2008-11-21,875.7,176.3,72.9,17847.0,60.8
2008-11-22,812.9,215.6,78.1,25479.0,67.7
2008-11-23,863.8,215.8,77.2,24291.0,62.8
2008-11-24,826.0,215.4,78.4,25271.0,66.0
2008-11-25,812.5,217.5,78.7,25673.0,68.0
2008-11-26,799.4,219.0,78.6,26119.0,70.5
2008-11-27,791.7,218.5,76.7,26511.0,72.4
2008-11-28,1139.7,189.4,72.4,14058.0,42.0
2008-11-29,908.6,201.5,77.0,24957.0,62.3
2008-11-30,813.6,225.8,79.7,26727.0,70.2
2008-12-01,860.7,223.2,78.8,26078.0,66.3
2008-12-02,838.0,221.8,79.0,26969.0,70.5
2008-12-03,823.7,230.1,79.8,27239.0,70.1
2008-12-04,836.7,228.1,77.0,27676.0,69.7
2008-12-05,875.7,226.7,76.8,26460.0,65.1
2008-12-06,863.2,232.2,79.9,26984.0,66.5
2008-12-07,876.4,234.8,78.7,27198.0,66.7
2008-12-08,899.4,235.7,78.8,25258.0,64.1
2008-12-09,894.7,236.0,79.7,25789.0,64.5
2008-12-10,897.3,236.5,79.3,27066.0,64.7
2008-12-11,942.3,234.6,77.3,26144.0,61.6
2008-12-12,924.9,235.7,77.4,26759.0,62.6
2008-12-13,928.3,234.1,75.9,26866.0,62.7
2008-12-14,931.9,236.3,76.4,27062.0,62.7
2008-12-15,935.3,239.4,77.8,27195.0,62.8
2008-12-16,935.7,240.7,77.5,27449.0,63.3
2008-12-17,935.7,243.8,78.3,27623.0,63.3
2008-12-18,941.8,245.3,77.6,27754.0,63.2
2008-12-19,945.1,247.9,78.3,27824.0,63.3
2008-12-20,946.9,248.0,79.2,28030.0,63.3
2008-12-21,953.9,250.5,78.3,28148.0,63.4
2008-12-22,954.1,254.1,80.3,28258.0,63.4
2008-12-23,963.3,257.1,80.2,28312.0,63.1
2008-12-24,972.1,259.9,80.9,28280.0,62.4
2008-12-25,987.5,260.1,80.2,28231.0,62.0
2008-12-26,995.5,261.3,80.3,28237.0,61.8
2008-12-27,995.7,263.2,80.9,28713.0,60.5
2008-12-28,1008.7,263.7,80.2,28308.0,61.3
2008-12-29,1015.6,263.4,79.7,28357.0,61.2
2008-12-30,1020.8,266.9,80.2,28472.0,61.2
2008-12-31,1021.6,270.5,81.0,28571.0,61.2
2009-01-01,1030.0,270.1,81.1,28545.0,60.6
2009-01-02,1040.1,270.7,80.9,28485.0,60.2
2009-01-03,1040.9,270.2,81.0,29522.0,60.3
2009-01-04,1034.2,269.8,80.9,28589.0,60.7
2009-01-05,1030.4,272.1,80.7,28790.0,61.3
2009-01-06,1130.4,236.5,74.8,24053.0,51.6
2009-01-07,1044.9,265.6,80.3,29470.0,61.2
2009-01-08,993.3,273.9,80.2,30057.0,65.3
2009-01-09,1039.1,273.2,79.7,28631.0,62.7
2009-01-10,1017.9,274.4,77.9,29812.0,64.1
2009-01-11,1063.1,273.6,77.5,29046.0,60.5
2009-01-12,1126.6,274.1,77.7,27707.0,56.4
2009-01-13,1200.0,270.7,79.7,25831.0,51.5
2009-01-14,1180.0,277.0,81.1,26623.0,52.8
2009-01-15,1201.5,273.2,79.0,22992.0,52.0
2009-01-16,1211.2,269.3,77.8,22253.0,51.8
2009-01-17,1239.7,268.0,77.8,21889.0,50.1
2009-01-18,1227.6,271.6,78.4,22143.0,51.3
2009-01-19,1222.2,276.1,78.0,22447.0,51.8
2009-01-20,1240.8,276.0,78.6,21833.0,50.8
2009-01-21,1262.8,270.3,77.3,20971.0,47.8
2009-01-22,1249.8,249.7,76.2,23698.0,49.9
2009-01-23,1228.9,273.8,79.7,22823.0,52.0
2009-01-24,1235.5,277.1,80.0,23062.0,51.8
2009-01-25,1239.8,276.2,79.3,22751.0,51.8
2009-01-26,1250.8,274.7,79.4,22459.0,51.4
2009-01-27,1256.6,276.1,79.2,22461.0,51.3
2009-01-28,1228.8,281.2,80.7,25456.0,53.1
2009-01-29,1169.3,283.5,80.4,29082.0,56.5
2009-01-30,1258.2,272.2,78.8,22240.0,51.0
2009-01-31,1260.9,272.4,78.4,22214.0,51.0
2009-02-01,1226.4,277.8,79.2,26714.0,53.2
2009-02-02,1259.5,275.0,78.6,22229.0,51.1
2009-02-03,1264.2,274.7,78.1,22295.0,51.1
2009-02-04,1197.4,283.1,80.9,28244.0,55.0
2009-02-05,1258.4,280.5,81.4,22630.0,51.3
2009-02-06,1260.9,281.0,81.2,22455.0,51.3
2009-02-07,1306.4,277.0,80.2,13843.0,47.9
2009-02-08,1268.4,271.1,81.0,21057.0,51.3
2009-02-09,1339.3,279.3,80.6,21459.0,47.6
2009-02-10,1284.8,289.1,81.6,23181.0,50.6
2009-02-11,1282.7,289.6,81.5,22485.0,50.9
2009-02-12,1285.6,288.7,81.5,22606.0,50.9
2009-02-13,1338.0,255.8,78.2,19760.0,45.5
2009-02-14,1312.2,287.4,80.7,21592.0,49.8
2009-02-15,1333.6,288.1,81.1,21209.0,48.8
2009-02-16,1335.7,267.8,79.6,20330.0,47.3
2009-02-17,1300.8,293.2,81.6,22510.0,50.8
2009-02-18,1312.9,296.6,82.1,22245.0,50.3
2009-02-19,1317.4,295.6,82.2,22192.0,50.2
2009-02-20,1321.4,294.8,81.6,22210.0,50.2
2009-02-21,1464.2,248.2,76.2,19535.0,42.0
2009-02-22,1329.5,294.4,81.8,22732.0,50.3
2009-02-23,1332.3,297.6,82.1,22494.0,50.3
2009-02-24,1335.5,295.0,81.9,22601.0,50.3
2009-02-25,1403.8,262.0,77.0,20363.0,45.4
2009-02-26,1359.8,264.4,81.3,22252.0,49.5
2009-02-27,1367.9,275.3,82.0,22003.0,49.2
2009-02-28,1371.0,276.0,81.2,22204.0,49.4
2009-03-01,1367.2,276.7,80.3,22452.0,49.9
2009-03-02,1349.5,281.4,81.1,23089.0,50.8
2009-03-03,1358.5,280.6,80.4,23257.0,49.5
2009-03-04,1371.5,274.6,79.3,22410.0,49.9
2009-03-05,1395.5,233.0,79.6,12280.0,48.0
2009-03-06,1457.0,234.3,79.8,22048.0,45.2
2009-03-07,1609.9,225.4,76.8,17012.0,39.8
2009-03-08,1470.9,233.1,77.1,20384.0,46.0
2009-03-09,1250.1,200.2,81.4,21463.0,55.1
2009-03-10,1262.6,197.8,82.1,23090.0,55.1
2009-03-11,1420.2,208.9,76.8,26693.0,43.7
2009-03-12,1295.4,228.5,80.8,24043.0,52.3
2009-03-13,1292.7,224.3,80.1,18685.0,45.5
2009-03-14,553.3,25.9,13.1,0.0,
2009-03-15,1133.1,21.0,20.1,2983.0,32.5
2009-03-16,1236.9,70.8,49.4,6835.0,36.1
2009-03-17,512.8,15.1,17.1,0.0,
2009-03-18,1291.2,119.2,74.4,17065.0,47.3
2009-03-19,1235.0,182.1,80.4,21365.0,50.7
2009-03-20,1197.9,188.3,79.1,20783.0,51.4
2009-03-21,1151.7,192.4,81.4,21916.0,53.8
2009-03-22,1138.6,188.3,81.1,21869.0,53.9
2009-03-23,1124.7,183.4,80.7,21394.0,54.0
2009-03-24,1111.8,178.5,80.4,21458.0,54.0
2009-03-25,1184.8,172.6,76.9,3645.0,45.0
2009-03-26,179.8,15.1,5.9,0.0,
2009-03-27,267.3,9.8,5.7,0.0,
2009-03-28,1030.1,7.5,5.5,0.0,
2009-03-29,1149.0,4.6,3.7,0.0,
2009-03-30,1432.0,19.8,47.6,1945.0,25.9
2009-03-31,1077.3,115.9,77.5,25290.0,57.0
2009-04-01,1015.2,160.4,81.1,26410.0,60.9
2009-04-02,1012.9,169.7,80.5,25426.0,61.0
2009-04-03,1054.9,171.6,80.0,23582.0,57.5
2009-04-04,1075.8,171.8,79.9,22452.0,55.7
2009-04-05,1068.4,170.7,78.9,22623.0,55.8
2009-04-06,949.1,172.7,80.1,28530.0,65.2
2009-04-07,912.4,169.6,79.3,29110.0,68.0
2009-04-08,960.7,166.6,79.4,25166.0,62.5
2009-04-09,965.5,165.3,80.1,25735.0,61.5
2009-04-10,887.9,163.5,79.5,28102.0,68.5
2009-04-11,864.7,161.9,80.2,28112.0,70.5
2009-04-12,858.7,160.7,80.6,26330.0,69.9
2009-04-13,881.9,158.7,80.7,24165.0,66.0
2009-04-14,875.9,156.5,80.4,24117.0,66.2
2009-04-15,848.9,154.6,80.4,27632.0,69.3
2009-04-16,874.3,153.2,80.3,24831.0,65.1
2009-04-17,883.6,150.8,80.4,23139.0,63.2
2009-04-18,835.1,149.3,80.6,25680.0,68.6
2009-04-19,761.9,148.8,80.3,27650.0,81.0
2009-04-20,834.3,149.5,80.3,23436.0,67.5
2009-04-21,847.5,205.1,78.9,23067.0,65.6
2009-04-22,954.1,239.9,77.3,19587.0,54.9
2009-04-23,848.8,252.0,78.7,22697.0,64.5
2009-04-24,836.8,250.3,78.6,22788.0,65.5
2009-04-25,821.2,250.0,78.8,22949.0,66.6
2009-04-26,808.0,248.8,78.9,23044.0,68.0
2009-04-27,796.5,247.0,78.9,23190.0,69.1
2009-04-28,792.7,247.9,79.7,23264.0,67.7
2009-04-29,792.3,246.7,79.4,23115.0,69.1
2009-04-30,792.8,246.0,79.3,23246.0,67.7
2009-05-01,794.8,245.0,78.8,23156.0,69.2
2009-05-02,798.6,246.2,78.8,23002.0,68.3
2009-05-03,798.3,246.8,79.6,23006.0,68.2
2009-05-04,898.9,247.1,79.3,1933.0,46.8
2009-05-06,916.7,170.1,70.2,17013.0,55.1
2009-05-07,880.7,233.2,75.3,22361.0,61.4
2009-05-08,834.3,245.8,76.9,22915.0,65.7
2009-05-09,820.7,250.4,77.7,23294.0,67.3
2009-05-10,813.1,254.0,80.2,23424.0,67.7
2009-05-11,840.0,255.9,80.3,23043.0,64.7
2009-05-12,851.1,257.8,80.5,22951.0,63.7
2009-05-13,864.4,261.4,80.6,22633.0,62.4
2009-05-14,866.9,262.3,80.2,22794.0,62.8
2009-05-15,872.9,259.3,78.5,22972.0,62.8
2009-05-16,877.7,258.4,77.4,23067.0,62.8
2009-05-17,881.0,257.9,78.1,23116.0,62.9
2009-05-18,883.3,259.4,79.7,25501.0,62.9
2009-05-19,887.3,260.6,79.7,24488.0,62.9
2009-05-20,890.9,262.4,80.3,24450.0,62.7
2009-05-21,893.4,263.9,80.6,24476.0,62.6
2009-05-22,894.4,265.3,81.3,24427.0,62.4
2009-05-23,937.7,265.9,80.8,23240.0,58.8
2009-05-24,949.7,265.1,80.2,23081.0,58.2
2009-05-25,941.1,265.6,80.2,23555.0,59.6
2009-05-26,934.7,267.2,80.9,23816.0,60.2
2009-05-27,937.7,265.7,79.7,23894.0,60.4
2009-05-28,936.5,267.2,81.3,23989.0,60.6
2009-05-29,910.4,268.9,81.2,25723.0,63.9
2009-05-30,869.2,269.1,81.5,26330.0,67.9
2009-05-31,866.1,269.5,81.8,26282.0,67.9
2009-06-01,850.0,268.6,82.1,26694.0,69.2
2009-06-02,843.6,266.5,81.7,26787.0,70.0
2009-06-03,838.7,263.4,81.3,28406.0,70.4
2009-06-04,827.6,260.8,81.2,26518.0,71.3
2009-06-05,817.5,259.3,81.3,26632.0,72.1
2009-06-06,946.4,232.1,76.0,18743.0,57.5
2009-06-07,841.8,247.6,80.5,24856.0,68.9
2009-06-08,809.8,259.0,81.2,25705.0,71.4
2009-06-09,806.0,257.4,81.2,25663.0,71.1
2009-06-10,797.7,254.4,81.3,25480.0,71.4
2009-06-11,871.2,239.0,77.7,19539.0,62.4
2009-06-12,796.5,243.9,80.6,23062.0,70.8
2009-06-13,863.8,234.9,78.8,19298.0,61.9
2009-06-14,834.7,248.7,80.9,21772.0,65.4
2009-06-15,775.6,245.3,80.9,23679.0,73.6
2009-06-16,714.3,243.9,80.9,24582.0,85.3
2009-06-17,714.7,240.6,79.4,23435.0,86.0
2009-06-18,708.9,241.2,79.4,23679.0,86.0
2009-06-19,704.8,240.0,80.3,23902.0,86.0
2009-06-20,701.4,239.0,80.8,24161.0,86.0
2009-06-21,975.3,235.3,79.2,16152.0,49.6
2009-06-22,1006.6,230.7,78.4,15850.0,47.7
2009-06-23,995.1,232.7,79.1,16070.0,48.2
2009-06-24,996.1,231.5,79.1,16085.0,48.2
2009-06-25,999.3,230.2,78.5,15284.0,48.2
2009-06-26,1000.3,229.6,77.9,13693.0,48.3
2009-06-27,999.5,229.3,77.8,13017.0,48.4
2009-06-28,970.6,232.1,78.9,12987.0,50.4
2009-06-29,954.1,235.9,80.3,13233.0,51.2
2009-06-30,953.0,236.6,80.4,13197.0,51.2
2009-07-01,955.3,236.5,80.2,13162.0,51.2
2009-07-02,955.4,236.4,80.2,13107.0,51.2
2009-07-03,954.4,236.8,80.5,13071.0,51.2
2009-07-04,954.6,236.3,80.3,12969.0,51.2
2009-07-05,955.8,235.2,79.7,12998.0,51.2
2009-07-06,952.8,235.9,80.4,16363.0,51.2
2009-07-07,952.9,234.4,80.2,16265.0,51.2
2009-07-08,953.5,230.7,79.2,17303.0,51.2
2009-07-09,953.6,229.5,79.1,17306.0,51.2
2009-07-10,953.0,229.2,79.1,17232.0,51.2
2009-07-11,946.5,230.8,79.3,17344.0,51.8
2009-07-12,946.0,233.0,79.1,17425.0,51.9
2009-07-13,946.3,233.3,79.3,17511.0,52.0
2009-07-14,953.5,232.5,78.7,17285.0,51.5
2009-07-15,963.2,232.2,79.2,16964.0,50.8
2009-07-16,961.2,234.1,79.7,16887.0,50.7
2009-07-17,962.4,232.9,79.2,17109.0,50.7
2009-07-18,962.2,233.0,79.1,13759.0,51.3
2009-07-19,1062.0,208.8,74.0,13654.0,42.5
2009-07-20,1020.3,226.3,77.9,16988.0,48.4
2009-07-21,984.1,242.3,79.9,18474.0,50.8
2009-07-22,996.0,242.3,78.8,18574.0,50.8
2009-07-23,1011.1,244.3,78.9,18417.0,50.3
2009-07-24,1018.4,247.1,79.1,18479.0,50.4
2009-07-25,1023.0,249.4,80.1,18706.0,49.3
2009-07-26,1033.6,253.0,80.2,18687.0,50.3
2009-07-27,1049.1,254.0,79.5,18576.0,50.1
2009-07-28,1060.3,255.9,79.6,18790.0,49.9
2009-07-29,1071.2,257.0,79.2,18878.0,49.9
2009-07-30,1077.3,259.9,80.2,18957.0,49.8
2009-07-31,1101.9,261.7,80.3,18661.0,48.9
2009-08-01,1115.3,261.5,79.3,18716.0,48.8
2009-08-02,1130.6,261.0,79.1,8467.0,46.1
2009-08-04,1571.4,35.4,16.1,470.0,1.2
2009-08-05,1076.1,194.5,73.2,21767.0,53.6
2009-08-06,974.4,274.7,80.7,22864.0,61.0
2009-08-07,950.2,285.3,81.0,21344.0,62.6
2009-08-08,1219.4,226.9,75.5,12512.0,40.6
2009-08-09,991.9,277.1,81.6,21305.0,58.5
2009-08-10,959.1,283.4,80.7,21616.0,60.5
2009-08-11,933.5,281.8,81.6,21696.0,62.2
2009-08-12,897.9,280.9,81.0,22463.0,65.0
2009-08-13,889.3,278.5,82.0,22205.0,65.3
2009-08-14,863.2,277.9,81.0,22602.0,67.5
2009-08-15,839.8,274.5,78.4,23094.0,70.0
2009-08-16,828.3,271.5,79.8,23388.0,71.5
2009-08-17,822.2,275.2,82.2,23466.0,71.7
2009-08-18,825.8,275.7,81.9,23485.0,71.7
2009-08-19,829.9,274.5,81.2,23570.0,72.0
2009-08-20,831.6,274.7,80.8,23606.0,72.0
2009-08-21,833.8,276.7,80.5,23547.0,71.8
2009-08-22,833.7,277.1,79.4,23538.0,71.8
2009-08-23,834.8,277.2,81.4,23526.0,71.9
2009-08-24,833.1,277.8,79.9,23672.0,72.4
2009-08-25,816.7,279.0,80.7,24298.0,74.9
2009-08-26,848.2,259.0,77.9,13148.0,55.7
2009-08-27,1030.7,244.7,78.8,18660.0,55.1
2009-08-28,860.8,283.9,80.9,23047.0,69.2
2009-08-29,929.4,285.2,81.5,1533.0,54.5
2009-08-30,1276.1,42.5,14.3,0.0,
2009-08-31,73.3,32.8,14.7,0.0,
2009-09-02,35.8,24.9,13.4,0.0,
2009-09-03,66.1,23.5,13.8,0.0,
2009-09-04,661.3,23.6,16.8,0.0,
2009-09-05,1365.7,85.6,58.6,5414.0,28.5
2009-09-06,1208.1,189.0,74.4,12327.0,44.4
2009-09-07,1005.9,261.0,79.7,24991.0,55.3
2009-09-08,1019.0,286.6,80.8,22547.0,58.1
2009-09-09,1015.2,295.5,81.8,21315.0,58.1
2009-09-10,1014.5,302.7,82.8,21255.0,58.1
2009-09-11,1000.8,304.8,82.9,21472.0,59.3
2009-09-12,976.1,304.6,82.6,21910.0,61.3
2009-09-13,970.4,305.5,82.8,22033.0,61.8
2009-09-14,970.7,309.2,83.2,22031.0,62.0
2009-09-15,954.5,309.7,83.2,22457.0,64.3
2009-09-16,961.0,309.2,83.1,22323.0,63.0
2009-09-17,970.1,310.6,83.1,22083.0,62.4
2009-09-18,965.2,309.8,82.3,22238.0,63.1
2009-09-19,1023.6,307.8,81.9,20527.0,59.2
2009-09-20,1162.1,300.5,81.5,16264.0,49.3
2009-09-21,1148.1,299.7,79.7,20695.0,50.4
2009-09-22,1148.8,298.4,79.5,20661.0,50.4
2009-09-23,1147.7,299.7,80.9,21292.0,50.4
2009-09-24,1055.5,303.7,81.9,23152.0,57.0
2009-09-25,966.5,310.4,81.0,25014.0,63.7
2009-09-26,963.9,312.6,83.0,11273.0,62.9
2009-09-27,1626.4,51.7,17.3,46.0,0.6
2009-09-28,1617.5,36.1,13.3,0.0,
2009-09-29,1609.1,29.9,11.4,0.0,
2009-09-30,1584.5,26.5,11.0,0.0,
2009-10-01,1154.8,180.0,72.7,18709.0,48.7
2009-10-02,988.7,287.1,82.0,24286.0,61.7
2009-10-03,982.7,303.6,80.0,24827.0,62.5
2009-10-04,975.0,311.1,81.9,24946.0,62.7
2009-10-05,971.1,318.6,82.9,25049.0,63.0
2009-10-06,1132.9,311.6,80.4,21584.0,52.2
2009-10-07,1068.6,317.9,82.3,22848.0,55.7
2009-10-08,1077.8,317.9,81.8,22475.0,55.2
2009-10-09,1085.5,319.2,82.1,21922.0,54.7
2009-10-10,1073.9,313.0,80.2,21989.0,53.7
2009-10-11,1084.3,319.2,82.2,21897.0,54.7
2009-10-12,1072.7,319.2,82.6,22004.0,55.4
2009-10-13,1084.6,316.5,82.4,18577.0,52.8
2009-10-14,1102.3,310.7,80.9,21157.0,53.6
2009-10-15,1172.7,280.0,76.5,18242.0,45.6
2009-10-16,1015.5,306.3,82.4,23177.0,59.2
2009-10-17,987.9,315.1,82.9,6417.0,58.1
2009-10-18,1098.7,50.9,78.3,20662.0,52.4
2009-10-19,1084.2,77.0,81.9,21499.0,53.8
2009-10-20,1082.2,167.3,81.1,21445.0,54.0
2009-10-21,1082.6,205.2,79.1,21397.0,54.0
2009-10-22,1082.1,204.8,79.0,21383.0,54.0
2009-10-23,1038.0,206.8,80.0,7720.0,53.9
2009-10-24,1434.7,33.3,46.4,1161.0,24.8
2009-10-25,1124.9,151.8,75.8,20677.0,51.2
2009-10-26,1118.6,208.4,82.3,21289.0,52.2
2009-10-27,1114.0,217.8,82.6,21298.0,52.2
2009-10-28,1107.3,218.0,81.5,21322.0,52.6
2009-10-29,1071.7,200.2,78.8,20962.0,57.1
2009-10-30,958.9,223.1,82.2,24469.0,66.0
2009-10-31,977.7,224.7,82.0,23908.0,64.2
2009-11-01,972.4,224.7,81.4,23961.0,64.3
2009-11-02,977.4,223.8,80.8,23858.0,63.9
2009-11-03,975.8,224.3,81.1,23846.0,63.8
2009-11-04,1047.3,207.6,79.2,15727.0,56.6
2009-11-05,1064.3,216.8,79.8,21923.0,56.6
2009-11-06,1067.2,220.0,81.0,21796.0,56.4
2009-11-07,1054.1,222.7,82.3,22001.0,57.3
2009-11-08,1046.1,224.5,83.1,22092.0,57.7
2009-11-09,1093.1,213.3,79.9,20206.0,52.7
2009-11-10,1072.5,205.6,81.0,21010.0,56.1
2009-11-11,1057.3,221.2,81.7,21820.0,56.5
2009-11-12,1055.4,219.0,80.0,21856.0,56.9
2009-11-13,1057.4,218.6,80.8,22022.0,56.8
2009-11-14,1049.3,,81.3,21910.0,57.4
2009-11-15,1033.4,,81.5,22114.0,58.3
2009-11-16,1007.4,,81.6,22474.0,60.4
2009-11-17,954.1,,81.4,23554.0,64.9
2009-11-18,927.4,,82.5,24284.0,67.1
2009-11-19,935.8,,81.2,24183.0,66.7
2009-11-20,1029.1,,78.4,19930.0,58.0
2009-11-21,934.3,,82.2,24208.0,66.7
2009-11-22,931.4,,81.6,24152.0,67.1
2009-11-23,996.9,,80.6,19656.0,60.9
2009-11-24,998.0,,80.3,20694.0,61.2
2009-11-25,936.5,,80.4,24043.0,67.1
2009-11-26,935.9,,79.9,24468.0,67.1
2009-11-27,927.7,230.3,82.6,24374.0,66.0
2009-11-28,919.3,233.1,83.7,24324.0,67.8
2009-11-29,898.1,232.5,83.4,25659.0,70.1
2009-11-30,890.5,232.2,83.5,25245.0,69.3
2009-12-01,894.7,233.2,83.0,25116.0,70.5
2009-12-02,896.8,229.5,81.3,25232.0,70.5
2009-12-03,895.0,228.6,80.5,25207.0,70.7
2009-12-04,878.7,229.5,81.6,27334.0,72.8
2009-12-05,921.2,229.3,81.6,25859.0,69.5
2009-12-06,910.6,229.1,81.3,26295.0,69.4
2009-12-07,877.1,230.9,81.8,27108.0,72.9
2009-12-08,872.3,231.9,82.9,27742.0,73.1
2009-12-09,874.9,232.1,82.3,27602.0,72.9
2009-12-10,876.5,234.8,83.8,27333.0,72.0
2009-12-11,881.4,236.0,84.2,27093.0,70.9
2009-12-12,881.7,236.0,84.2,26969.0,70.7
2009-12-13,900.0,227.8,83.0,24950.0,68.2
2009-12-14,887.2,240.0,83.9,26654.0,69.9
2009-12-15,887.0,237.5,83.8,27419.0,70.6
2009-12-16,885.0,236.8,83.4,26477.0,69.9
2009-12-17,890.0,233.2,81.5,24918.0,68.8
2009-12-18,1277.9,178.3,73.8,12307.0,40.8
2009-12-19,851.0,233.8,81.7,16587.0,73.5
2009-12-20,909.1,197.2,80.3,20619.0,69.7
2009-12-21,836.2,234.1,81.7,26098.0,76.2
2009-12-22,826.1,234.5,81.5,26265.0,77.3
2009-12-23,845.7,236.6,82.6,25274.0,73.5
2009-12-24,854.4,237.9,83.1,24833.0,72.1
2009-12-25,853.5,236.1,82.4,25539.0,72.5
2009-12-26,849.6,238.9,83.8,25394.0,72.7
2009-12-27,847.7,237.7,83.7,25131.0,72.9
2009-12-28,844.3,236.4,83.5,26079.0,73.3
2009-12-29,843.1,235.7,83.2,26120.0,73.6
2009-12-30,842.9,235.1,82.8,26093.0,73.7
2009-12-31,842.8,235.9,83.5,26957.0,73.4
2010-01-01,841.6,234.5,82.4,26026.0,73.8
2010-01-02,839.5,233.5,82.0,25975.0,74.1
2010-01-03,835.1,236.0,83.5,25878.0,74.2
2010-01-04,835.1,235.6,83.3,25792.0,74.1
2010-01-05,834.9,235.7,82.9,25820.0,74.1
2010-01-06,835.5,236.0,82.8,25757.0,74.1
2010-01-07,832.9,237.5,83.0,25730.0,72.8
2010-01-08,831.2,238.5,83.0,25705.0,72.9
2010-01-09,977.2,218.5,79.3,20906.0,60.4
2010-01-10,843.2,234.6,81.5,25459.0,71.9
2010-01-11,828.8,239.9,82.3,25530.0,74.7
2010-01-12,828.1,239.1,80.9,25499.0,75.1
2010-01-13,825.6,238.4,80.4,25357.0,75.0
2010-01-14,819.2,240.2,80.7,25162.0,75.2
2010-01-15,812.4,244.4,81.8,24874.0,75.2
2010-01-16,806.6,247.0,80.4,24539.0,75.2
2010-01-17,798.9,252.3,81.6,24208.0,75.2
2010-01-18,794.0,258.0,82.8,23099.0,75.2
2010-01-19,790.9,263.1,83.1,22912.0,75.2
2010-01-20,788.3,262.7,81.2,22803.0,75.2
2010-01-21,784.8,265.0,81.6,22723.0,75.3
2010-01-22,783.1,266.8,81.4,22661.0,75.2
2010-01-23,795.2,270.8,81.2,20669.0,74.0
2010-01-24,786.7,275.9,81.8,22530.0,75.3
2010-01-25,791.5,280.2,83.5,22689.0,75.3
2010-01-26,889.5,269.7,81.0,20033.0,64.6
2010-01-27,817.5,283.7,83.2,21901.0,72.1
2010-01-28,764.1,286.3,84.0,22912.0,81.2
2010-01-29,750.8,290.6,84.5,23308.0,83.7
2010-01-30,744.6,292.6,84.2,23398.0,85.1
2010-01-31,743.3,295.3,84.6,23329.0,85.2
2010-02-01,745.4,300.1,84.8,23147.0,84.2
2010-02-02,763.4,302.4,84.7,22584.0,81.7
2010-02-03,781.0,306.2,85.2,22075.0,77.2
2010-02-04,827.6,306.0,83.8,20618.0,72.8
2010-02-05,800.7,308.6,83.1,21110.0,74.1
2010-02-06,799.0,312.2,83.6,21027.0,74.0
2010-02-07,813.0,317.6,85.4,20733.0,73.2
2010-02-08,783.0,320.2,85.5,21504.0,76.3
2010-02-09,781.4,322.1,85.6,21361.0,76.2
2010-02-10,783.6,325.8,85.3,21148.0,76.0
2010-02-11,790.7,327.7,85.8,20347.0,74.5
2010-02-12,839.0,330.0,85.8,18830.0,69.9
2010-02-13,862.4,327.0,85.8,18152.0,66.4
2010-02-14,804.1,321.4,84.8,10451.0,64.5
2010-02-15,831.9,276.8,83.0,9937.0,70.5
2010-02-16,831.6,315.1,82.4,20365.0,70.7
2010-02-17,825.2,328.8,82.0,20038.0,70.8
2010-02-18,917.5,299.5,79.5,15925.0,63.0
2010-02-19,818.9,338.6,84.5,19981.0,71.6
2010-02-20,811.0,344.1,85.6,19577.0,70.8
2010-02-21,804.5,347.1,85.7,20022.0,72.8
2010-02-22,800.9,350.2,85.8,19869.0,72.9
2010-02-23,864.5,345.3,84.9,17551.0,65.9
2010-02-24,806.1,354.6,85.3,20077.0,72.3
2010-02-25,807.2,348.5,82.0,16505.0,69.4
2010-02-26,938.8,323.8,79.4,14555.0,59.3
2010-02-27,803.9,336.7,85.2,15303.0,67.0
2010-03-02,1617.5,123.1,5.7,0.0,
2010-03-03,1006.0,339.1,77.7,16891.0,54.7
2010-03-04,901.9,410.7,85.0,20254.0,62.8
2010-03-05,912.7,422.4,84.6,19641.0,60.9
2010-03-06,915.6,427.8,84.1,16789.0,59.8
2010-03-08,888.8,317.0,82.3,11790.0,63.7
2010-03-09,839.6,406.1,85.1,21162.0,67.7
2010-03-10,825.0,421.1,85.3,20761.0,67.8
2010-03-11,881.3,411.4,83.8,17152.0,61.1
2010-03-12,857.0,416.4,84.7,12708.0,60.4
2010-03-13,815.8,423.9,85.2,18956.0,64.3
2010-03-14,782.7,429.8,85.0,19203.0,70.2
2010-03-15,758.6,391.0,85.7,19255.0,73.7
2010-03-16,773.1,370.4,85.6,18618.0,70.7
2010-03-17,750.2,372.0,84.6,18919.0,76.1
2010-03-18,732.5,370.7,83.8,20254.0,79.9
2010-03-19,727.2,367.8,82.9,19188.0,80.0
2010-03-20,717.4,368.7,85.5,18965.0,80.1
2010-03-21,709.9,368.0,86.0,18850.0,80.6
2010-03-22,708.3,366.3,85.4,17039.0,80.9
2010-03-23,702.4,364.3,85.2,17068.0,81.2
2010-03-24,703.0,366.0,85.0,17000.0,81.3
2010-03-25,701.9,369.5,84.9,17094.0,82.2
2010-03-26,694.2,369.3,84.3,17580.0,86.6
2010-03-27,687.5,373.4,84.5,17937.0,89.9
2010-03-28,680.4,376.8,85.3,17501.0,92.7
2010-03-29,675.3,380.4,86.4,18674.0,99.9
2010-03-30,682.0,379.1,83.8,17472.0,100.0
2010-03-31,680.4,382.7,84.6,17522.0,97.9
2010-04-01,1061.2,253.4,72.4,4212.0,38.5
2010-04-02,700.6,369.1,84.8,17479.0,89.8
2010-04-03,766.2,388.0,83.5,15842.0,81.0
2010-04-04,689.7,409.2,86.1,17364.0,93.9
2010-04-05,702.8,413.3,85.8,17104.0,84.9
2010-04-06,717.3,412.5,85.3,16724.0,80.2
2010-04-07,716.0,418.4,86.6,16691.0,79.2
2010-04-08,714.7,419.9,87.0,16079.0,79.3
2010-04-09,715.7,421.4,87.4,15737.0,78.5
2010-04-10,715.3,418.9,87.4,15538.0,78.1
2010-04-11,713.7,414.6,87.1,15426.0,78.2
2010-04-12,709.8,410.1,87.1,15362.0,78.3
2010-04-13,703.2,405.1,87.1,15377.0,78.9
2010-04-14,697.1,403.2,87.2,15803.0,79.7
2010-04-15,690.2,399.1,87.2,15887.0,80.9
2010-04-16,681.2,395.6,86.8,16072.0,84.0
2010-04-17,742.0,379.2,84.6,14138.0,71.8
2010-04-18,688.2,389.7,86.5,15491.0,78.6
2010-04-19,678.6,386.2,86.1,16022.0,81.9
2010-04-20,659.4,380.8,85.6,16706.0,97.5
2010-04-21,650.9,377.5,86.3,14565.0,99.9
2010-04-22,648.4,374.7,86.0,14520.0,99.9
2010-04-23,644.0,369.7,86.3,14684.0,100.0
2010-04-24,773.8,361.4,85.0,12687.0,70.8
2010-04-25,852.4,347.6,82.7,10495.0,51.2
2010-04-26,966.1,256.2,72.6,8251.0,38.1
2010-04-27,782.5,373.5,86.1,12570.0,58.7
2010-04-28,966.9,301.3,74.3,9059.0,42.2
2010-04-29,888.0,299.9,78.5,10672.0,48.9
2010-04-30,783.5,383.2,85.9,12915.0,59.8
2010-05-01,781.3,386.8,86.8,12995.0,60.2
2010-05-02,769.7,392.2,87.1,13223.0,62.1
2010-05-03,762.2,393.1,87.1,13271.0,63.2
2010-05-04,839.4,319.6,80.9,7627.0,53.5
2010-05-05,785.5,393.7,86.7,12815.0,59.6
2010-05-06,792.2,401.2,85.9,12662.0,59.2
2010-05-07,792.0,404.2,86.4,12498.0,59.3
2010-05-08,788.8,406.1,87.1,12448.0,59.2
2010-05-09,789.3,408.3,87.0,12402.0,59.2
2010-05-10,790.5,408.1,86.6,13882.0,59.2
2010-05-11,792.4,411.7,87.2,13784.0,58.8
2010-05-12,797.4,412.9,87.3,13204.0,58.5
2010-05-13,797.8,415.5,86.9,13535.0,58.8
2010-05-14,800.5,416.3,86.6,13690.0,58.9
2010-05-15,799.7,420.6,87.4,13611.0,57.7
2010-05-16,797.4,423.0,87.9,13556.0,58.9
2010-05-17,798.6,424.8,88.0,13479.0,58.9
2010-05-18,809.8,428.2,88.1,13319.0,57.9
2010-05-19,821.9,430.1,88.1,12994.0,57.1
2010-05-20,830.3,430.7,88.2,12864.0,56.3
2010-05-21,840.0,425.0,88.1,12758.0,55.3
2010-05-22,847.4,390.6,88.3,12775.0,54.8
2010-05-23,848.6,392.8,88.3,12628.0,54.9
2010-05-24,852.1,391.6,87.8,12622.0,54.9
2010-05-25,854.9,393.1,87.6,12558.0,54.7
2010-05-26,857.7,396.6,88.1,12496.0,54.6
2010-05-27,861.0,399.0,88.0,12242.0,54.7
2010-05-28,891.1,373.2,85.7,10148.0,50.1
2010-05-29,853.7,408.1,88.3,12321.0,54.8
2010-05-30,887.3,400.5,86.8,11613.0,52.5
2010-05-31,1180.7,286.2,79.7,7392.0,31.9
2010-06-01,1134.6,320.1,82.6,8960.0,37.0
2010-06-02,942.8,396.8,87.1,12082.0,50.3
2010-06-03,933.0,401.8,88.4,12071.0,50.5
2010-06-04,929.1,405.5,88.5,11986.0,50.9
2010-06-05,926.9,407.9,88.4,11842.0,51.1
2010-06-06,924.5,409.1,88.0,11819.0,51.2
2010-06-07,917.8,412.4,88.7,12039.0,51.6
2010-06-08,916.7,415.4,88.5,12022.0,51.7
2010-06-09,909.9,413.9,88.7,12015.0,52.0
2010-06-10,908.1,414.0,88.8,11744.0,52.1
2010-06-11,905.5,415.1,88.7,12194.0,52.1
2010-06-12,905.0,411.6,87.9,12172.0,52.2
2010-06-13,887.2,416.6,88.8,12279.0,53.3
2010-06-14,891.9,415.9,88.8,12085.0,52.8
2010-06-15,902.9,413.7,88.7,12050.0,51.8
2010-06-16,915.3,412.8,88.4,11903.0,50.9
2010-06-17,901.7,415.1,88.8,12028.0,51.9
2010-06-18,902.2,411.3,88.2,12008.0,52.0
2010-06-19,977.8,361.7,83.6,9961.0,44.7
2010-06-20,872.1,417.1,88.6,11810.0,52.8
2010-06-21,872.9,424.8,89.1,11833.0,52.8
2010-06-22,881.5,424.1,89.0,11791.0,52.3
2010-06-23,890.2,422.6,88.5,11735.0,51.9
2010-06-24,895.7,422.7,88.7,11567.0,51.4
2010-06-25,896.1,420.6,89.0,11603.0,51.2
2010-06-26,895.0,420.7,89.2,11524.0,51.3
2010-06-27,897.8,417.7,88.4,11557.0,51.3
2010-06-28,898.2,418.3,88.1,11538.0,51.3
2010-06-29,896.7,419.2,87.9,11510.0,51.3
2010-06-30,893.2,421.1,89.3,11461.0,51.3
2010-07-01,897.4,418.7,88.3,11451.0,51.3
2010-07-02,892.3,418.6,88.2,11488.0,51.7
2010-07-03,742.9,391.2,89.1,13317.0,67.7
2010-07-04,717.9,371.2,89.0,13380.0,71.9
2010-07-05,705.2,373.9,89.2,13426.0,73.8
2010-07-06,694.7,378.6,90.5,13606.0,75.3
2010-07-07,692.7,379.7,89.2,13124.0,76.9
2010-07-08,686.6,381.7,88.9,13153.0,77.9
2010-07-09,682.6,385.1,89.7,13163.0,78.8
2010-07-10,761.2,346.5,87.4,10128.0,67.5
2010-07-11,679.7,389.9,89.2,12514.0,78.4
2010-07-12,733.7,393.0,90.4,11649.0,71.1
2010-07-13,850.9,372.8,89.6,9298.0,51.1
2010-07-14,854.6,370.6,89.2,9285.0,51.2
2010-07-15,858.3,367.6,87.1,9300.0,51.3
2010-07-16,860.5,364.0,87.8,9291.0,51.2
2010-07-17,860.9,364.7,88.1,9255.0,51.2
2010-07-18,861.1,365.2,88.3,9207.0,51.2
2010-07-19,859.8,367.9,89.0,9164.0,51.2
2010-07-20,860.4,368.0,88.6,9169.0,51.3
2010-07-21,860.4,369.1,88.1,9126.0,51.2
2010-07-22,859.0,365.8,89.6,9099.0,51.1
2010-07-23,858.7,366.3,89.7,9500.0,51.1
2010-07-24,859.2,369.6,89.8,9517.0,51.2
2010-07-25,861.0,368.5,89.6,9508.0,51.3
2010-07-26,858.8,347.2,90.0,9468.0,51.3
2010-07-27,860.7,364.5,89.3,9495.0,51.3
2010-07-28,858.1,367.1,90.1,9474.0,51.3
2010-07-29,858.3,364.3,89.9,9470.0,51.3
2010-07-30,862.3,361.4,89.5,9411.0,51.0
2010-07-31,864.0,363.6,88.8,9403.0,51.0
2010-08-01,863.6,365.1,89.7,9387.0,51.0
2010-08-02,866.3,363.8,90.2,9413.0,51.0
2010-08-03,868.6,364.3,89.8,9395.0,51.1
2010-08-04,867.0,366.1,90.4,9397.0,51.1
2010-08-05,872.4,341.4,87.7,8091.0,47.3
2010-08-06,848.4,376.1,90.0,9190.0,51.0
2010-08-07,894.5,326.3,86.1,7726.0,44.8
2010-08-08,845.8,372.1,90.1,9218.0,50.9
2010-08-09,849.4,375.2,90.2,9273.0,51.0
2010-08-10,852.4,373.3,90.0,9286.0,51.1
2010-08-11,850.9,372.9,90.1,9277.0,51.1
2010-08-12,853.2,370.0,89.9,9298.0,51.2
2010-08-13,849.4,366.2,90.2,9311.0,51.3
2010-08-14,848.6,368.8,90.5,9289.0,51.3
2010-08-15,857.0,366.4,90.3,8767.0,49.6
2010-08-17,33.0,0.0,18.0,0.0,
2010-08-20,57.9,0.0,14.7,0.0,
2010-08-21,58.4,0.0,15.5,0.0,
2010-08-22,51.3,0.4,15.2,0.0,
2010-08-23,53.3,0.0,14.4,0.0,
2010-08-25,50.5,0.0,13.3,0.0,
2010-08-26,50.0,0.0,13.1,0.0,
2010-08-27,45.3,0.0,13.1,0.0,
2010-08-28,1482.1,0.0,13.3,19.0,5.7
2010-08-29,1223.9,36.2,68.7,5505.0,30.1
2010-08-30,1231.0,164.2,80.6,6149.0,32.7
2010-08-31,1264.2,182.5,78.6,5505.0,29.4
2010-09-01,1262.0,155.4,73.1,4933.0,26.9
2010-09-02,1017.1,316.6,87.0,12664.0,45.6
2010-09-03,962.5,363.9,88.3,10481.0,47.7
2010-09-04,913.7,387.9,88.9,10883.0,49.7
2010-09-05,896.4,398.7,88.6,10872.0,50.5
2010-09-06,890.4,402.8,87.9,10340.0,50.8
2010-09-07,888.0,403.6,86.0,10733.0,50.8
2010-09-08,883.7,405.8,86.5,10651.0,50.8
2010-09-09,880.7,408.7,87.0,10568.0,50.8
2010-09-10,875.0,412.0,88.0,9993.0,50.8
2010-09-11,863.0,417.6,89.2,9896.0,51.3
2010-09-12,750.2,435.4,90.5,11195.0,62.2
2010-09-13,738.0,407.4,88.7,10530.0,64.2
2010-09-14,705.2,406.4,89.8,11235.0,69.1
2010-09-15,685.6,412.6,90.4,11459.0,72.2
2010-09-16,681.3,413.3,90.8,11101.0,70.8
2010-09-17,669.7,417.5,90.8,10798.0,70.8
2010-09-18,754.5,364.1,87.2,7634.0,59.8
2010-09-19,652.8,412.0,92.1,10387.0,74.1
2010-09-20,713.9,389.1,90.2,7831.0,64.5
2010-09-21,815.7,39.6,69.9,871.0,39.1
2010-09-22,926.1,245.8,85.0,3092.0,37.8
2010-09-23,485.1,0.0,23.9,0.0,
2010-09-24,856.7,160.8,82.0,9343.0,49.0
2010-09-25,799.0,290.1,88.2,10944.0,54.8
2010-09-26,807.8,290.8,88.0,10142.0,51.5
2010-09-27,775.5,318.1,89.3,10946.0,55.8
2010-09-28,772.0,323.2,88.7,10764.0,55.9
2010-09-29,765.4,326.0,88.1,10650.0,56.4
2010-09-30,837.5,263.4,75.1,2761.0,42.8
2010-10-01,834.6,214.8,80.6,8216.0,47.4
2010-10-02,763.6,319.4,86.7,10478.0,56.7
2010-10-03,799.8,328.4,88.3,10081.0,53.3
2010-10-04,891.8,304.1,85.2,7380.0,44.7
2010-10-05,919.4,248.0,82.7,6123.0,42.2
2010-10-06,808.7,332.4,87.8,9754.0,52.5
2010-10-07,799.5,337.1,88.1,9789.0,53.1
2010-10-08,897.7,248.3,80.3,4645.0,39.6
2010-10-09,792.6,332.0,87.9,9464.0,52.6
2010-10-10,790.6,337.7,88.8,9432.0,52.7
2010-10-11,787.1,339.1,89.6,9378.0,51.6
2010-10-12,784.8,339.2,89.5,9360.0,52.9
2010-10-13,782.8,340.1,89.5,9371.0,53.0
2010-10-14,781.0,340.0,89.5,9275.0,53.1
2010-10-15,778.8,340.5,89.5,9239.0,53.2
2010-10-16,775.6,343.9,89.8,9198.0,53.3
2010-10-17,778.0,341.8,87.7,9150.0,53.3
2010-10-18,774.1,339.3,88.1,9010.0,53.4
2010-10-19,767.3,335.6,89.1,9001.0,53.6
2010-10-20,763.2,335.1,88.9,8941.0,53.8
2010-10-21,761.2,335.8,88.7,9013.0,53.8
2010-10-22,759.3,337.6,89.2,8751.0,53.9
2010-10-23,759.5,340.1,89.6,8928.0,53.9
2010-10-24,760.1,338.7,89.2,8850.0,54.0
2010-10-25,765.3,338.6,88.7,8799.0,53.5
2010-10-26,778.8,336.9,88.2,8680.0,52.5
2010-10-27,780.9,334.9,86.9,8624.0,52.3
2010-10-28,777.1,336.9,87.9,8581.0,52.3
2010-10-29,780.6,335.1,87.5,8573.0,52.2
2010-10-30,776.7,335.3,86.6,8515.0,52.5
2010-10-31,763.5,335.9,88.5,8785.0,53.1
2010-11-01,755.9,331.0,89.2,8372.0,53.2
2010-11-02,755.9,324.6,86.3,8483.0,53.3
2010-11-03,750.3,328.5,88.5,8455.0,53.3
2010-11-04,749.1,332.0,89.3,8233.0,53.3
2010-11-05,747.1,324.8,89.3,8207.0,53.2
2010-11-06,744.9,326.5,89.3,8260.0,53.2
2010-11-07,744.6,329.5,89.2,8244.0,53.4
2010-11-08,759.1,302.5,84.7,6946.0,50.1
2010-11-09,699.4,334.5,88.1,8524.0,55.8
2010-11-10,724.2,349.1,89.7,8187.0,54.0
2010-11-11,743.5,345.9,88.0,8328.0,53.2
2010-11-12,742.8,345.6,89.4,8200.0,53.2
2010-11-13,740.4,339.6,89.7,8137.0,53.2
2010-11-14,739.5,337.0,89.5,7776.0,53.2
2010-11-15,782.1,330.3,88.9,831.0,44.7
2010-11-16,723.5,218.2,81.3,5766.0,48.9
2010-11-17,758.8,289.9,84.7,6613.0,48.8
2010-11-18,742.2,329.3,85.2,7817.0,51.2
2010-11-19,740.6,330.2,86.0,8188.0,51.2
2010-11-20,735.9,331.7,88.2,8172.0,52.3
2010-11-21,722.2,330.2,88.2,8215.0,52.1
2010-11-22,708.3,329.8,89.0,8528.0,53.0
2010-11-23,705.0,326.5,89.0,8716.0,54.3
2010-11-24,708.3,330.7,88.7,8742.0,54.3
2010-11-25,713.1,336.7,88.4,8744.0,54.3
2010-11-26,718.1,339.2,87.9,8762.0,54.3
2010-11-27,724.5,341.2,87.6,8750.0,54.2
2010-11-28,728.0,342.6,87.0,8754.0,54.2
2010-11-29,742.2,343.0,87.0,8593.0,53.0
2010-11-30,744.7,346.4,87.9,8727.0,53.0
2010-12-01,750.2,344.1,87.7,8666.0,52.5
2010-12-02,754.0,343.2,88.5,8583.0,52.1
2010-12-03,757.6,341.1,88.0,8529.0,52.0
2010-12-04,756.2,341.1,88.6,8570.0,52.1
2010-12-05,763.2,336.3,88.6,8422.0,51.3
2010-12-06,766.1,335.2,88.9,8093.0,50.9
2010-12-07,766.1,334.4,89.0,8011.0,50.9
2010-12-08,766.6,331.9,88.4,7983.0,50.9
2010-12-09,757.8,305.2,86.5,6471.0,48.3
2010-12-10,744.3,331.0,87.7,7985.0,52.1
2010-12-11,744.8,326.9,88.6,7997.0,52.1
2010-12-12,744.0,330.4,89.2,7797.0,52.1
2010-12-13,745.1,333.5,89.2,7880.0,51.0
2010-12-14,747.9,332.5,88.7,8019.0,52.2
2010-12-15,758.7,331.3,88.9,7909.0,51.1
2010-12-16,766.8,325.0,87.5,7843.0,50.4
2010-12-17,767.0,327.0,87.9,7794.0,50.4
2010-12-18,770.1,323.8,86.3,7761.0,50.5
2010-12-19,768.8,324.5,86.4,7741.0,50.5
2010-12-20,767.5,328.1,88.1,7784.0,50.5
2010-12-21,765.7,328.9,88.7,7843.0,50.6
2010-12-22,765.8,328.2,88.9,7850.0,50.7
2010-12-23,757.2,328.9,89.1,7990.0,51.5
2010-12-24,762.9,327.7,88.4,7942.0,51.0
2010-12-25,765.8,326.2,88.9,7887.0,50.7
2010-12-26,768.4,326.1,88.8,7853.0,50.4
2010-12-27,771.2,323.3,87.6,7834.0,50.4
2010-12-28,796.2,300.0,84.0,6267.0,45.5
2010-12-29,760.2,312.9,87.4,7354.0,48.7
2010-12-30,752.0,324.1,88.2,7728.0,50.2
2010-12-31,758.2,323.4,88.8,7661.0,49.7
2011-01-01,765.8,319.0,88.3,7547.0,49.2
2011-01-02,766.1,319.0,88.4,7782.0,49.2
2011-01-03,769.2,319.7,87.5,7925.0,49.2
2011-01-04,778.4,319.5,87.4,8076.0,49.7
2011-01-05,781.7,317.2,87.2,8041.0,49.4
2011-01-06,777.5,317.5,88.2,8033.0,49.4
2011-01-07,778.9,316.8,87.4,8017.0,49.4
2011-01-08,780.1,316.9,87.2,8029.0,49.4
2011-01-09,777.0,316.9,87.7,8038.0,49.5
2011-01-10,786.1,316.2,86.3,7897.0,49.2
2011-01-11,783.6,316.9,86.4,7844.0,49.0
2011-01-12,783.0,316.2,85.7,7868.0,49.0
2011-01-13,758.7,321.3,88.5,8255.0,51.5
2011-01-14,759.6,321.1,88.4,8141.0,51.5
2011-01-15,762.4,319.3,87.1,8117.0,51.5
2011-01-16,764.0,317.9,85.7,8092.0,51.6
2011-01-17,761.1,320.4,87.5,7765.0,51.6
2011-01-18,757.4,322.8,89.3,7736.0,51.6
2011-01-19,756.5,323.3,89.3,7698.0,51.6
2011-01-20,760.6,323.3,89.4,7556.0,51.1
2011-01-21,762.7,320.6,89.1,7623.0,50.9
2011-01-22,762.7,320.3,89.2,7554.0,49.8
2011-01-23,762.5,319.5,89.0,7501.0,50.8
2011-01-24,761.1,318.7,88.9,7509.0,50.9
2011-01-25,760.7,320.2,88.9,7445.0,50.8
2011-01-26,759.3,323.4,89.1,7440.0,50.8
2011-01-27,758.6,323.4,89.3,7428.0,50.9
2011-01-28,760.0,322.8,88.8,7438.0,50.8
2011-01-29,758.2,320.9,89.0,7565.0,50.8
2011-01-30,761.7,319.3,87.3,7546.0,50.9
2011-01-31,761.0,316.4,86.7,7481.0,50.9
2011-02-01,771.5,312.6,86.2,4507.0,49.0
2011-02-05,656.5,105.4,76.6,2963.0,49.1
2011-02-06,681.7,267.8,87.5,6512.0,54.6
2011-02-07,681.1,331.4,88.7,7583.0,55.7
2011-02-08,690.7,338.9,90.0,7478.0,54.5
2011-02-09,693.4,323.7,88.7,7579.0,54.6
2011-02-10,692.1,314.1,88.5,7603.0,54.0
2011-02-11,674.2,316.3,88.4,7652.0,54.9
2011-02-12,665.5,328.5,87.7,7633.0,55.7
2011-02-13,658.1,329.8,88.0,5742.0,55.1
2011-02-14,667.6,272.4,79.3,3282.0,50.5
2011-02-15,721.6,150.5,73.9,4397.0,42.6
2011-02-16,664.0,296.6,86.0,7689.0,56.2
2011-02-17,666.4,309.1,87.5,7084.0,55.9
2011-02-18,674.8,324.7,88.3,7057.0,55.3
2011-02-19,687.0,325.9,88.0,6940.0,54.0
2011-02-20,689.5,329.4,88.6,6932.0,54.0
2011-02-21,691.4,332.4,88.7,6934.0,54.0
2011-02-22,699.2,334.2,88.2,6557.0,53.3
2011-02-23,710.2,334.0,87.6,6491.0,52.4
2011-02-24,715.1,338.3,89.0,6414.0,52.2
2011-02-25,726.3,337.8,88.3,6258.0,51.2
2011-02-26,726.2,340.0,89.6,6137.0,50.8
2011-02-27,723.5,340.1,90.0,6102.0,50.8
2011-02-28,726.0,340.7,90.3,6069.0,50.5
2011-03-01,722.4,342.4,89.8,6093.0,50.6
2011-03-02,737.4,338.2,88.3,5989.0,49.8
2011-03-03,741.2,338.4,90.1,5943.0,49.4
2011-03-04,727.2,340.0,90.1,6001.0,50.1
2011-03-05,736.1,337.2,89.9,5958.0,49.9
2011-03-06,737.5,337.2,89.1,5894.0,49.8
2011-03-07,740.3,334.0,87.4,5920.0,49.9
2011-03-08,739.7,333.3,87.3,5995.0,49.8
2011-03-09,736.1,333.4,88.4,5921.0,49.8
2011-03-10,726.8,337.1,88.8,5959.0,49.9
2011-03-11,720.1,338.1,89.1,6264.0,49.1
2011-03-12,666.1,349.2,90.1,6886.0,57.8
2011-03-13,650.1,354.1,89.8,7176.0,59.6
2011-03-14,647.5,355.8,90.6,7168.0,59.6
2011-03-15,650.1,354.0,89.5,7289.0,60.8
2011-03-16,650.5,352.9,88.8,7302.0,60.8
2011-03-17,673.1,282.8,87.4,2813.0,58.0
2011-03-18,621.5,351.4,90.2,7091.0,62.4
2011-03-19,611.7,372.3,90.3,7422.0,66.7
2011-03-20,619.4,370.8,88.8,7494.0,67.0
2011-03-21,620.0,369.3,89.2,7655.0,67.8
2011-03-22,616.5,370.2,90.8,7118.0,67.9
2011-03-23,619.4,369.7,90.5,6931.0,65.7
2011-03-24,615.2,371.0,91.4,6942.0,65.2
2011-03-25,612.9,369.9,91.2,6947.0,65.5
2011-03-26,613.6,371.8,91.2,6939.0,65.4
2011-03-27,615.0,369.3,90.1,6654.0,65.4
2011-03-28,612.4,370.2,90.6,6952.0,67.9
2011-03-29,617.2,369.7,91.2,6890.0,68.0
2011-03-30,620.4,366.7,90.3,6875.0,67.9
2011-03-31,594.3,348.6,86.2,6939.0,65.0
2011-04-01,620.3,362.8,90.2,6859.0,67.9
2011-04-02,621.7,362.4,89.7,6852.0,67.9
2011-04-03,621.2,363.0,90.2,6833.0,67.9
2011-04-04,622.1,360.7,89.2,6828.0,68.0
2011-04-05,640.7,341.4,87.9,6319.0,60.8
2011-04-06,606.4,363.3,90.6,6771.0,68.6
2011-04-07,601.0,360.9,91.3,6905.0,69.7
2011-04-08,599.5,360.8,91.3,7010.0,69.9
2011-04-09,600.1,365.8,91.6,6867.0,69.9
2011-04-10,605.3,362.1,91.0,6901.0,69.9
2011-04-11,603.8,360.5,91.2,6924.0,70.0
2011-04-12,600.6,357.1,91.5,6915.0,70.0
2011-04-13,622.2,336.2,89.4,6115.0,63.7
2011-04-14,588.7,361.4,91.0,6879.0,77.2
2011-04-15,580.4,361.8,91.5,7046.0,83.0
2011-04-16,578.2,361.5,91.6,7095.0,84.9
2011-04-17,578.6,360.7,91.4,7107.0,84.9
2011-04-18,578.7,361.1,91.4,7111.0,84.9
2011-04-19,578.7,361.1,91.4,7103.0,84.9
2011-04-20,575.8,361.1,92.0,7087.0,84.9
2011-04-21,575.8,361.1,92.0,7029.0,84.9
2011-04-22,575.8,361.1,92.0,7093.0,84.9
2011-04-23,575.8,361.1,92.0,7107.0,84.9
2011-04-24,575.8,361.1,92.0,7076.0,84.9
2011-04-25,575.8,361.1,92.0,7056.0,84.9
2011-04-26,575.8,351.4,92.0,7049.0,85.1
2011-04-27,576.0,351.4,91.9,7049.0,85.2
2011-04-28,578.2,352.0,91.8,6861.0,85.1
2011-04-29,581.4,350.7,91.3,6859.0,85.1
2011-04-30,576.1,351.8,92.1,6855.0,85.2
2011-05-01,575.9,350.7,92.0,6842.0,85.2
2011-05-02,578.1,348.1,91.7,6830.0,85.1
2011-05-03,575.7,347.2,91.9,6820.0,85.2
2011-05-04,575.3,347.7,92.0,6810.0,85.2
2011-05-05,575.9,348.3,92.0,6791.0,85.1
2011-05-06,579.2,344.0,91.3,6834.0,85.1
2011-05-07,581.4,342.2,90.6,6800.0,85.1
2011-05-08,582.9,338.6,89.2,6775.0,85.1
2011-05-09,580.6,339.9,90.4,6769.0,85.0
2011-05-10,579.5,341.0,91.2,6770.0,85.0
2011-05-11,584.5,342.1,91.3,5334.0,83.2
2011-05-12,572.8,341.0,91.3,6185.0,85.4
2011-05-13,571.8,341.6,91.5,6647.0,86.3
2011-05-14,573.0,342.8,91.9,6653.0,86.3
2011-05-15,572.9,341.4,91.9,6673.0,86.3
2011-05-16,574.5,342.1,91.8,6729.0,86.3
2011-05-17,574.3,340.6,91.8,6722.0,86.3
2011-05-18,580.1,339.7,90.2,6663.0,86.3
2011-05-19,622.7,302.4,87.4,5160.0,70.7
2011-05-20,561.9,331.8,90.4,6491.0,92.5
2011-05-21,561.7,342.0,90.0,6581.0,95.8
2011-05-22,562.2,338.6,90.1,6629.0,95.7
2011-05-23,563.2,335.2,89.5,6786.0,95.8
2011-05-24,561.0,333.8,89.1,6731.0,95.8
2011-05-25,559.6,336.7,91.4,6742.0,95.9
2011-05-26,562.7,334.5,90.5,6776.0,95.9
2011-05-27,558.5,334.2,91.7,6769.0,96.0
2011-05-28,563.1,333.7,89.9,6770.0,96.1
2011-05-29,572.1,332.3,90.1,6631.0,91.7
2011-05-30,573.4,332.6,91.3,6592.0,90.0
2011-05-31,570.6,332.5,92.0,6582.0,90.1
2011-06-01,576.6,328.5,90.2,6580.0,88.2
2011-06-02,588.9,286.2,88.5,4762.0,77.8
2011-06-03,546.7,333.9,91.6,6090.0,85.0
2011-06-04,537.1,341.2,92.0,6339.0,89.9
2011-06-05,538.6,341.6,92.1,6367.0,89.9
2011-06-06,539.7,342.3,92.3,6266.0,88.1
2011-06-07,543.9,342.5,92.4,6260.0,89.9
2011-06-08,555.4,338.2,91.4,6253.0,89.9
2011-06-09,555.4,338.0,91.4,6260.0,90.0
2011-06-10,553.1,338.7,92.2,6255.0,89.9
2011-06-11,551.5,338.6,92.4,6270.0,89.9
2011-06-12,552.8,336.7,92.2,6266.0,89.9
2011-06-13,558.0,332.1,91.0,6271.0,90.0
2011-06-14,553.8,329.7,91.3,6290.0,89.9
2011-06-15,554.7,332.2,91.8,6274.0,90.0
2011-06-16,564.0,328.9,91.1,6011.0,90.0
2011-06-17,557.1,331.7,92.2,6126.0,89.9
2011-06-18,554.2,331.2,92.0,6316.0,89.9
2011-06-19,552.3,330.8,92.4,6307.0,89.9
2011-06-20,566.5,330.0,92.2,2932.0,84.8
2011-06-24,1273.8,0.0,11.8,0.0,
2011-06-28,1273.8,0.0,11.8,0.0,
2011-07-01,568.0,90.9,77.6,4839.0,78.5
2011-07-02,527.8,225.1,90.6,1883.0,92.1
2011-07-03,561.6,58.7,75.3,1781.0,66.4
2011-07-04,539.2,216.3,90.9,2346.0,92.4
2011-07-05,1280.9,0.0,19.8,0.0,
2011-07-07,544.9,51.7,86.3,1120.0,77.8
2011-07-08,544.3,196.6,90.1,4706.0,91.7
2011-07-09,1305.4,0.0,24.3,0.0,
2011-07-10,541.2,189.8,90.3,4209.0,88.2
2011-07-11,553.2,289.9,91.8,5349.0,88.1
2011-07-13,1366.4,0.0,16.0,0.0,
2011-07-14,1364.9,0.0,14.3,0.0,
2011-07-15,896.8,0.0,35.8,355.0,23.6
2011-07-16,571.9,91.6,87.1,2968.0,75.8
2011-07-17,1321.2,0.0,17.5,0.0,
2011-07-18,1362.5,0.0,15.1,0.0,
2011-07-20,567.8,146.7,89.9,6313.0,78.1
2011-07-21,601.3,254.5,91.2,7047.0,66.7
2011-07-22,633.7,278.1,90.9,1896.0,61.3
2011-07-23,1390.2,0.0,18.1,0.0,
2011-07-24,1385.9,0.0,13.2,0.0,
2011-07-25,575.3,172.2,90.3,4840.0,73.0
2011-07-26,608.5,263.6,91.3,5973.0,64.6
2011-07-27,1381.4,1.5,33.0,0.0,
2011-07-28,583.4,65.2,86.2,1206.0,64.4
2011-07-29,601.7,240.1,90.8,7119.0,65.8
2011-07-30,689.0,283.8,90.6,455.0,45.7
2011-07-31,1382.4,0.0,18.1,0.0,
2011-08-01,1385.5,0.0,13.9,0.0,
2011-08-02,1401.3,0.0,14.2,0.0,
2011-08-03,1444.0,0.0,14.8,0.0,
2011-08-04,591.9,34.9,82.3,1967.0,62.9
2011-08-05,603.4,197.9,90.4,7521.0,66.5
2011-08-06,612.4,250.1,90.0,6727.0,65.9
2011-08-07,590.7,294.5,90.9,7869.0,74.6
2011-08-08,584.4,312.0,91.1,7738.0,76.0
2011-08-09,580.4,318.2,91.2,7617.0,76.3
2011-08-10,561.9,327.7,91.8,7830.0,87.6
2011-08-11,553.8,332.0,91.9,7831.0,94.8
2011-08-12,552.1,334.6,92.0,7710.0,94.8
2011-08-13,553.6,332.8,91.3,7606.0,94.9
2011-08-14,551.8,336.7,91.7,7500.0,94.9
2011-08-15,544.6,338.3,92.2,7495.0,98.1
2011-08-16,545.1,337.7,92.0,7328.0,99.8
2011-08-17,540.6,338.4,92.2,7249.0,99.9
2011-08-18,537.7,338.9,92.4,7217.0,99.8
2011-08-19,537.4,338.1,92.4,7109.0,99.9
2011-08-20,541.7,336.4,91.2,7063.0,99.9
2011-08-21,540.3,336.5,91.6,7008.0,99.9
2011-08-22,536.4,337.3,92.2,6946.0,99.9
2011-08-23,535.9,338.7,92.3,6928.0,99.9
2011-08-24,539.4,333.7,91.1,6846.0,99.9
2011-08-25,545.0,332.8,91.6,6472.0,95.3
2011-08-26,584.8,277.5,86.2,5043.0,71.8
2011-08-27,537.3,332.3,91.9,6373.0,85.8
2011-08-28,543.6,331.4,90.4,6426.0,85.9
2011-08-29,543.5,329.2,91.6,6374.0,83.0
2011-08-30,545.9,329.4,92.0,6286.0,79.7
2011-08-31,545.9,329.1,92.0,6262.0,79.7
2011-09-01,546.9,329.9,92.1,6233.0,79.1
2011-09-02,556.5,325.4,90.9,6162.0,76.3
2011-09-03,555.1,326.3,91.4,6145.0,76.2
2011-09-04,552.1,328.3,92.1,6117.0,76.2
2011-09-05,554.3,325.9,91.4,6137.0,76.2
2011-09-06,556.5,322.2,90.4,6198.0,76.2
2011-09-07,555.0,321.1,91.5,6190.0,73.7
2011-09-08,557.6,321.4,91.9,6112.0,71.5
2011-09-09,561.0,320.8,92.0,6029.0,70.2
2011-09-10,563.0,319.1,91.6,5968.0,70.2
2011-09-11,567.4,316.9,91.0,5928.0,70.3
2011-09-12,567.6,315.3,90.1,5916.0,70.3
2011-09-13,552.9,274.5,90.6,1777.0,66.4
2011-09-14,528.2,315.6,91.6,5739.0,80.9
2011-09-15,530.4,318.9,91.6,5842.0,82.0
2011-09-16,531.5,319.1,91.8,5192.0,82.1
2011-09-17,538.9,311.7,89.8,5142.0,80.8
2011-09-18,539.4,310.3,89.5,5193.0,80.3
2011-09-19,539.4,310.3,89.5,5197.0,80.3
2011-09-20,542.2,311.7,89.8,5153.0,79.7
2011-09-21,544.0,311.8,90.1,5050.0,79.1
2011-09-22,544.5,310.8,91.0,4867.0,76.5
2011-09-23,552.0,310.9,91.2,4746.0,72.4
2011-09-24,562.9,307.9,90.9,4689.0,69.1
2011-09-25,565.4,306.3,91.1,4668.0,68.3
2011-09-26,564.5,304.2,90.6,4658.0,68.2
2011-09-27,565.7,303.9,90.6,4644.0,68.1
2011-09-28,566.0,303.2,90.4,5225.0,68.1
2011-09-29,553.4,295.8,88.8,5131.0,65.2
2011-09-30,565.5,302.1,91.3,5213.0,68.1
2011-10-01,562.4,302.1,91.8,5192.0,68.1
2011-10-02,558.0,302.8,92.1,5237.0,69.3
2011-10-03,559.9,300.4,90.8,5260.0,70.0
2011-10-04,561.1,296.4,89.7,5243.0,70.0
2011-10-05,561.5,297.1,89.9,5234.0,70.0
2011-10-06,557.4,297.1,91.3,5227.0,70.1
2011-10-07,587.4,292.3,90.8,2038.0,35.9
2011-10-08,492.8,162.6,82.0,1979.0,47.9
2011-10-09,491.5,295.3,90.8,5101.0,99.8
2011-10-10,498.0,310.4,91.8,5265.0,95.9
2011-10-11,536.3,305.8,91.6,5113.0,74.7
2011-10-12,533.4,307.3,91.7,5175.0,77.7
2011-10-13,536.1,308.4,91.8,5176.0,77.8
2011-10-14,541.6,304.9,90.8,3572.0,57.6
2011-10-15,546.8,288.6,90.0,2981.0,50.5
2011-10-19,1241.3,0.0,8.0,0.0,1.3
2011-10-20,1237.4,0.0,7.3,0.0,1.3
2011-10-21,1259.4,17.5,10.0,0.0,1.2
2011-10-22,1245.9,0.0,11.5,0.0,1.1
2011-10-23,1318.0,0.0,11.3,0.0,1.2
2011-10-24,1407.4,0.0,10.8,0.0,1.1
2011-10-26,1771.6,0.0,10.3,0.0,1.2
2011-10-27,1800.3,0.0,10.2,0.0,1.2
2011-10-28,1800.3,0.0,10.2,0.0,1.2
2011-10-29,1800.3,0.0,10.2,0.0,1.2
2011-10-30,1759.7,0.0,10.5,0.0,1.2
2011-10-31,1604.2,0.0,11.5,0.0,1.1
2011-11-01,1045.6,0.0,10.8,0.0,1.7
2011-11-02,1651.3,0.0,11.0,0.0,1.3
2011-11-03,1706.4,0.0,11.5,0.0,1.3
2011-11-04,1685.4,0.0,11.0,0.0,1.3
2011-11-05,924.5,6.8,55.1,1129.0,16.5
2011-11-06,507.0,133.7,89.8,5944.0,99.6
2011-11-07,533.6,223.8,90.4,6178.0,85.3
2011-11-08,549.6,252.2,90.2,6194.0,75.8
2011-11-09,557.2,267.8,89.9,6257.0,72.9
2011-11-10,559.7,280.8,90.5,6362.0,72.2
2011-11-11,572.1,286.2,89.6,2810.0,34.9
2011-11-12,557.6,144.8,80.9,2921.0,41.3
2011-11-13,540.5,280.4,91.0,6345.0,83.8
2011-11-14,541.9,297.7,91.4,6368.0,83.8
2011-11-15,547.0,298.3,91.0,6331.0,80.4
2011-11-16,551.3,298.5,90.8,6233.0,79.1
2011-11-17,552.6,297.3,90.5,6201.0,79.1
2011-11-18,553.3,294.3,89.6,6156.0,78.6
2011-11-19,551.8,293.1,90.3,6093.0,78.3
2011-11-20,552.7,288.4,90.4,6018.0,78.4
2011-11-21,554.0,281.7,90.6,5970.0,78.2
2011-11-22,552.6,271.9,90.6,5919.0,78.2
2011-11-23,552.3,258.2,89.4,5855.0,78.2
2011-11-24,559.5,247.0,90.3,5576.0,74.0
2011-11-28,521.6,111.6,84.7,3644.0,63.2
2011-12-02,575.7,87.9,77.4,4123.0,58.2
2011-12-05,545.5,102.7,87.0,2885.0,47.6
2011-12-06,583.8,174.9,88.0,299.0,14.4
2011-12-07,570.1,121.1,82.9,4044.0,55.3
2011-12-08,566.1,210.0,89.9,2971.0,44.1
2011-12-10,1097.8,6.3,21.5,0.0,15.4
2011-12-11,560.9,170.1,88.6,5855.0,71.7
2011-12-12,607.0,217.1,89.2,5490.0,59.2
2011-12-13,669.3,217.1,87.6,0.0,10.1
2011-12-15,557.4,149.3,88.4,5715.0,68.2
2011-12-16,602.0,222.0,90.7,5494.0,58.6
2011-12-17,593.4,233.8,90.4,4775.0,54.9
2011-12-18,591.3,165.3,84.8,3240.0,42.7
2011-12-19,576.3,239.8,90.8,5831.0,65.9
2011-12-20,580.7,244.5,90.7,5756.0,64.7
2011-12-21,583.7,245.6,90.6,5639.0,62.8
2011-12-22,583.5,245.4,90.1,5638.0,64.1
2011-12-23,582.3,242.5,90.1,5598.0,64.2
2011-12-24,586.5,239.9,89.6,3784.0,48.5
2011-12-26,1160.2,0.0,11.4,0.0,0.3
2011-12-27,561.1,89.2,77.6,2998.0,50.0
2011-12-28,551.2,195.4,88.7,2164.0,35.9
2011-12-29,1180.3,0.6,13.3,0.0,5.3
2011-12-30,551.4,158.5,89.2,5593.0,69.0
2011-12-31,565.6,222.0,89.6,5708.0,70.0
2012-01-01,569.0,229.9,88.6,5633.0,69.3
2012-01-02,580.3,231.7,88.5,5316.0,65.7
2012-01-14,877.5,0.3,46.1,401.0,5.3
2012-01-15,543.4,86.7,87.0,6102.0,71.0
2012-01-16,574.2,166.9,88.5,6101.0,67.2
2012-01-17,597.3,190.1,89.0,5747.0,61.3
2012-01-18,593.9,201.9,88.9,5864.0,62.4
2012-01-19,590.3,211.3,89.5,5941.0,62.8
2012-01-20,588.2,217.8,90.2,5919.0,62.9
2012-01-21,602.5,216.1,89.4,2444.0,34.2
2012-01-22,574.1,165.1,89.6,2694.0,45.2
2012-01-23,575.0,215.1,90.6,5771.0,66.8
2012-01-24,579.1,221.9,90.4,5799.0,67.2
2012-01-25,593.7,217.7,88.3,3347.0,45.7
2012-01-27,713.7,53.6,49.9,2305.0,39.6
2012-01-28,544.5,199.2,88.9,5685.0,80.6
2012-01-29,517.7,224.2,89.0,7109.0,99.8
2012-01-30,520.8,228.5,88.6,6610.0,99.9
2012-01-31,523.3,225.8,88.9,7358.0,100.0
2012-02-01,515.3,227.2,90.4,6365.0,100.0
2012-02-02,509.6,226.6,90.8,5720.0,100.0
2012-02-03,510.0,221.8,90.3,5678.0,100.0
2012-02-04,514.7,215.3,88.9,5570.0,100.0
2012-02-05,519.4,213.6,90.2,5449.0,100.0
2012-02-06,524.1,210.0,91.3,5397.0,100.0
2012-02-07,529.6,204.0,90.1,5714.0,100.0
2012-02-08,521.5,198.9,89.3,5729.0,100.0
2012-02-09,518.5,195.3,89.3,3800.0,73.7
2012-02-10,571.4,170.5,88.3,4579.0,100.0
2012-02-11,505.5,194.0,89.7,4328.0,99.8
2012-02-12,500.8,194.5,91.6,5312.0,99.8
2012-02-13,503.2,188.4,91.2,5418.0,100.0
2012-02-14,503.3,183.5,91.3,5303.0,100.0
2012-02-15,504.1,177.9,91.1,5284.0,100.0
2012-02-16,503.4,174.2,91.4,5266.0,100.0
2012-02-17,505.4,169.3,90.7,5240.0,100.0
2012-02-18,505.9,164.2,90.1,5186.0,100.0
2012-02-19,504.5,159.5,90.8,5177.0,100.0
2012-02-20,507.1,155.1,89.3,5181.0,100.0
2012-02-21,504.5,153.3,90.8,5152.0,100.0
2012-02-22,507.0,148.8,89.6,5143.0,100.0
2012-02-23,505.0,147.1,90.8,5114.0,100.0
2012-02-24,502.9,144.1,91.3,5096.0,100.0
2012-02-25,501.9,153.5,91.5,5084.0,100.0
2012-02-26,505.0,180.9,91.0,5071.0,100.0
2012-02-27,505.7,175.2,90.1,5061.0,100.0
2012-02-28,503.1,172.4,91.2,5046.0,100.0
2012-02-29,502.2,170.4,91.6,5034.0,100.0
2012-03-01,507.9,165.9,91.1,4999.0,100.0
2012-03-02,504.4,164.2,91.4,5018.0,100.0
2012-03-03,507.1,158.5,89.1,5031.0,100.0
2012-03-04,506.0,158.0,90.6,4997.0,100.0
2012-03-05,502.6,156.8,91.2,4964.0,100.0
2012-03-06,506.0,154.7,90.6,4952.0,100.0
2012-03-07,504.5,151.8,90.1,4938.0,100.0
2012-03-08,504.4,150.8,90.2,4918.0,100.0
2012-03-09,506.0,148.8,88.9,4908.0,100.0
2012-03-10,499.7,148.9,91.0,4903.0,99.9
2012-03-11,500.0,149.4,91.7,4894.0,100.0
2012-03-12,499.9,149.2,91.7,4882.0,100.0
2012-03-13,499.1,148.3,91.8,4347.0,83.4
2012-03-14,497.5,148.4,90.9,4719.0,99.8
2012-03-15,531.1,139.7,87.9,4345.0,90.5
2012-03-16,499.3,147.0,90.4,4719.0,99.9
2012-03-17,499.1,148.6,91.2,4775.0,100.0
2012-03-18,498.6,147.8,91.6,4793.0,97.9
2012-03-19,502.4,146.1,90.2,4835.0,100.0
2012-03-20,502.4,207.4,90.6,4820.0,100.0
2012-03-21,501.8,216.6,90.9,4808.0,100.0
2012-03-22,499.8,217.2,91.8,4810.0,100.0
2012-03-23,504.8,215.5,91.9,4599.0,99.8
2012-03-24,522.9,213.3,92.0,5622.0,90.3
2012-03-25,529.3,211.2,91.6,4686.0,87.3
2012-03-26,528.8,210.3,92.0,4970.0,89.2
2012-03-27,520.1,209.5,92.2,5318.0,92.3
2012-03-28,500.6,206.9,91.9,4963.0,100.0
2012-03-29,500.3,203.0,91.7,4933.0,99.9
2012-03-30,499.9,200.2,91.6,4790.0,100.0
2012-03-31,500.4,197.0,91.3,4755.0,100.0
2012-04-01,499.8,194.9,91.4,4730.0,100.0
2012-04-02,499.3,193.3,91.4,4691.0,100.0
2012-04-03,501.1,191.4,91.1,4709.0,100.0
2012-04-04,501.8,190.5,91.5,4655.0,100.0
2012-04-05,501.0,188.2,90.8,4662.0,100.0
2012-04-06,498.4,187.7,91.6,4646.0,100.0
2012-04-07,498.5,187.0,91.6,4622.0,100.0
2012-04-08,503.4,184.7,90.5,4605.0,100.0
2012-04-09,502.1,183.9,91.0,4585.0,100.0
2012-04-10,500.8,183.3,91.3,4664.0,100.0
2012-04-11,497.2,183.0,91.9,4658.0,100.0
2012-04-12,497.5,181.2,91.8,4637.0,100.0
2012-04-13,499.4,180.3,91.5,4695.0,100.0
2012-04-14,497.6,179.1,91.7,4674.0,100.0
2012-04-15,498.2,178.2,91.5,4655.0,100.0
2012-04-16,498.2,177.8,91.5,4637.0,100.0
2012-04-17,502.9,175.6,90.1,4620.0,100.0
2012-04-18,500.5,175.7,91.1,4657.0,100.0
2012-04-19,502.2,173.9,90.2,4646.0,100.0
2012-04-20,504.4,172.5,89.5,4647.0,100.0
2012-04-21,501.4,172.6,90.5,4684.0,100.0
2012-04-22,500.8,172.9,91.0,4685.0,100.0
2012-04-23,500.5,172.3,90.5,4658.0,100.0
2012-04-24,499.4,172.6,91.3,4647.0,100.0
2012-04-25,499.9,172.0,91.0,4640.0,100.0
2012-04-26,498.2,170.8,91.2,4638.0,100.0
2012-04-27,496.0,170.9,91.7,4621.0,100.0
2012-04-28,497.7,169.5,91.0,2447.0,61.5
2012-04-29,480.3,168.6,91.2,4107.0,98.3
2012-04-30,486.4,172.2,91.1,4312.0,97.7
2012-05-01,485.7,173.2,91.5,4297.0,99.9
2012-05-02,487.4,173.3,91.6,4332.0,100.0
2012-05-03,488.4,173.6,91.7,4295.0,100.0
2012-05-04,489.2,172.0,91.5,4317.0,100.0
2012-05-05,490.5,169.8,91.0,4367.0,100.0
2012-05-06,490.7,170.3,91.1,4327.0,100.0
2012-05-07,492.6,170.9,91.0,4081.0,100.0
2012-05-08,496.5,168.2,89.6,4122.0,100.0
2012-05-09,490.9,169.7,91.4,4110.0,100.0
2012-05-10,492.6,168.9,90.9,4108.0,100.0
2012-05-11,490.7,167.8,91.2,4103.0,100.0
2012-05-12,492.0,167.8,91.2,4156.0,100.0
2012-05-13,496.5,166.7,88.8,4150.0,100.0
2012-05-14,495.7,165.3,88.9,4149.0,100.0
2012-05-15,490.5,168.1,91.5,4139.0,100.0
2012-05-16,492.3,166.8,91.1,4145.0,100.0
2012-05-17,492.1,166.9,91.3,4145.0,100.0
2012-05-18,491.7,168.1,91.6,4148.0,100.0
2012-05-19,492.0,167.1,91.6,4156.0,100.0
2012-05-20,493.8,166.6,91.5,4263.0,100.0
2012-05-21,492.4,166.5,91.7,4249.0,100.0
2012-05-22,508.2,159.6,90.3,2763.0,76.3
2012-05-23,488.4,161.2,90.7,4005.0,99.8
2012-05-24,491.3,166.9,91.2,4114.0,100.0
2012-05-25,491.9,167.0,92.0,4103.0,100.0
2012-05-26,488.7,166.9,92.2,4134.0,100.0
2012-05-27,489.2,168.0,92.5,4166.0,100.0
2012-05-28,489.7,166.3,92.2,4187.0,100.0
2012-05-29,491.0,164.3,91.9,4201.0,100.0
2012-05-30,491.2,163.9,91.9,4198.0,100.0
2012-05-31,491.3,164.1,92.0,4199.0,100.0
2012-06-01,492.4,162.8,91.7,4207.0,100.0
2012-06-02,492.3,162.0,91.7,4207.0,100.0
2012-06-03,491.9,161.0,91.7,4187.0,100.0
2012-06-04,492.1,160.5,91.6,4187.0,100.0
2012-06-05,493.0,162.1,91.9,4168.0,100.0
2012-06-06,498.3,161.1,90.7,4187.0,100.0
2012-06-07,499.3,159.1,89.9,4269.0,100.0
2012-06-08,496.4,158.6,90.0,4255.0,100.0
2012-06-09,494.2,160.3,91.4,4267.0,100.0
2012-06-10,492.2,161.3,92.1,4267.0,100.0
2012-06-11,493.3,160.4,92.0,4223.0,100.0
2012-06-12,492.4,159.3,91.8,4258.0,100.0
2012-06-13,517.7,152.0,89.8,3678.0,100.0
2012-06-14,486.6,160.7,92.1,4095.0,100.0
2012-06-15,491.2,161.6,91.7,4150.0,100.0
2012-06-16,490.4,160.9,92.1,4190.0,100.0
2012-06-17,489.6,160.9,92.4,4186.0,100.0
2012-06-18,490.0,161.5,92.4,4179.0,100.0
2012-06-19,493.0,161.4,92.2,4193.0,100.0
2012-06-20,710.6,112.5,78.0,2166.0,56.6
2012-06-21,476.5,152.9,91.0,3700.0,99.7
2012-06-22,484.9,158.5,90.3,3851.0,100.0
2012-06-23,487.0,158.9,90.5,3939.0,100.0
2012-06-24,487.1,159.3,90.5,3963.0,100.0
2012-06-25,482.9,158.9,91.9,3983.0,100.0
2012-06-26,483.2,158.6,91.9,3992.0,100.0
2012-06-27,483.6,159.6,92.1,3718.0,100.0
2012-06-28,487.2,158.9,91.6,3725.0,100.0
2012-06-29,492.1,157.0,90.8,3738.0,100.0
2012-06-30,492.4,157.5,90.8,3752.0,100.0
2012-07-01,491.3,157.5,91.0,3756.0,100.0
2012-07-02,486.9,157.8,91.9,3839.0,100.0
2012-07-03,488.6,156.8,91.6,3835.0,100.0
2012-07-04,490.3,155.7,91.2,3845.0,100.0
2012-07-05,490.8,155.6,91.4,3862.0,100.0
2012-07-06,488.0,156.8,92.1,3865.0,100.0
2012-07-07,486.6,156.6,92.2,3863.0,100.0
2012-07-08,488.3,155.9,92.0,3852.0,100.0
2012-07-09,486.6,154.9,92.1,3957.0,100.0
2012-07-10,487.3,154.5,92.0,3944.0,100.0
2012-07-11,487.8,155.1,92.1,3951.0,100.0
2012-07-12,487.8,154.6,92.1,3965.0,100.0
2012-07-13,487.9,154.7,92.1,3975.0,100.0
2012-07-14,487.7,154.4,92.1,3952.0,100.0
2012-07-15,490.6,154.0,91.3,3939.0,100.0
2012-07-16,488.4,154.4,92.1,3938.0,100.0
2012-07-17,488.8,154.0,92.0,3945.0,100.0
2012-07-18,490.3,153.9,91.9,3964.0,100.0
2012-07-19,489.0,152.1,91.9,3977.0,97.9
2012-07-20,488.7,151.5,91.9,3958.0,100.0
2012-07-21,489.1,152.5,91.9,3926.0,100.0
2012-07-22,494.4,151.6,90.5,3934.0,100.0
2012-07-23,494.2,155.3,90.0,3942.0,100.0
2012-07-24,491.6,156.4,91.7,3943.0,100.0
2012-07-25,487.9,156.8,92.2,3936.0,100.0
2012-07-26,487.3,156.6,92.3,3925.0,100.0
2012-07-27,491.4,154.2,91.1,3928.0,100.0
2012-07-28,491.0,154.4,90.8,3924.0,100.0
2012-07-29,492.7,154.5,91.2,3946.0,100.0
2012-07-30,491.3,155.7,91.9,4023.0,100.0
2012-07-31,488.1,156.0,92.3,4044.0,100.0
2012-08-01,491.4,153.9,91.5,3958.0,100.0
2012-08-02,491.1,153.3,91.5,4000.0,100.0
2012-08-03,490.7,153.7,91.6,3997.0,100.0
2012-08-04,487.4,154.8,92.3,4009.0,100.0
2012-08-05,488.9,154.7,92.2,4009.0,100.0
2012-08-06,488.9,155.5,92.3,4000.0,100.0
2012-08-07,489.2,153.8,92.2,3998.0,100.0
2012-08-08,489.1,153.5,92.1,4131.0,100.0
2012-08-09,488.6,153.9,92.2,3975.0,100.0
2012-08-10,479.8,154.0,92.2,3999.0,100.0
2012-08-11,470.9,155.1,92.3,4068.0,100.0
2012-08-12,470.2,155.0,92.1,4027.0,100.0
2012-08-13,739.0,149.7,89.0,428.0,22.0
2012-08-15,34.9,9.6,16.0,0.0,1.2
2012-08-16,34.2,7.3,16.1,0.0,15.3
2012-08-17,33.2,6.0,15.7,0.0,38.4
2012-08-19,31.0,4.3,16.2,0.0,0.1
2012-08-20,29.7,3.5,15.9,0.0,0.1
2012-08-21,28.7,3.0,15.7,0.0,1.0
2012-08-22,28.1,2.7,15.5,0.0,14.8
2012-08-23,27.7,2.5,15.2,0.0,14.2
2012-08-24,27.6,2.2,15.4,0.0,13.8
2012-08-25,27.4,2.0,15.4,0.0,12.1
2012-08-26,27.3,1.8,15.1,0.0,7.0
2012-08-27,28.2,1.8,13.8,0.0,0.0
2012-08-28,30.9,1.5,14.9,0.0,0.7
2012-08-29,26.8,1.5,15.2,0.0,1.0
2012-08-30,25.2,1.5,14.0,0.0,1.0
2012-08-31,23.0,1.4,12.9,0.0,1.0
2012-09-01,22.5,1.2,13.4,0.0,1.0
2012-09-02,21.8,1.0,14.4,0.0,0.9
2012-09-03,22.3,0.9,14.5,0.0,0.9
2012-09-07,19.5,1.1,13.0,0.0,1.2
2012-09-11,59.7,0.7,12.7,0.0,1.3
2012-09-15,1792.2,0.8,15.9,0.0,1.4
2012-09-16,1815.2,0.6,13.2,0.0,1.2
2012-09-17,1785.4,118.5,14.8,0.0,2.6
2012-09-19,1818.2,141.1,11.3,0.0,1.3
2012-09-21,1816.8,140.0,12.0,0.0,1.3
2012-09-23,1799.9,139.9,12.9,0.0,1.3
2012-09-25,1789.9,137.8,10.9,0.0,1.3
2012-09-26,1789.2,137.1,12.1,0.0,1.2
2012-09-27,1788.4,136.3,12.6,0.0,1.2
2012-09-29,501.8,345.3,77.7,950.0,15.9
2012-09-30,485.8,361.3,87.2,4592.0,98.4
2012-10-01,465.5,320.9,88.7,4449.0,98.4
2012-10-02,473.8,314.3,89.1,4095.0,98.4
2012-10-03,467.9,327.8,89.8,4399.0,98.4
2012-10-04,464.6,334.1,91.2,4529.0,98.4
2012-10-05,468.8,335.3,91.4,3994.0,98.4
2012-10-06,468.9,331.0,91.5,4005.0,98.4
2012-10-07,470.2,324.5,91.6,3989.0,98.4
2012-10-08,470.7,317.9,91.5,3967.0,98.4
2012-10-09,471.2,308.2,91.3,3930.0,98.4
2012-10-10,469.9,303.4,91.7,4110.0,98.4
2012-10-11,472.9,295.3,91.2,4135.0,98.4
2012-10-12,475.3,286.0,89.7,5331.0,98.4
2012-10-13,651.0,224.0,74.1,3802.0,59.8
2012-10-14,486.7,275.8,89.8,1582.0,22.8
2012-10-19,451.3,127.7,74.3,1113.0,100.0
2012-10-20,455.2,245.0,90.2,5823.0,98.4
2012-10-21,464.5,275.7,91.4,5930.0,98.4
2012-10-22,467.5,282.9,91.7,3961.0,98.4
2012-10-23,467.8,285.4,91.8,3976.0,98.4
2012-10-24,467.1,285.6,91.9,3967.0,98.4
2012-10-25,467.5,281.9,91.4,3948.0,98.4
2012-10-26,466.3,278.2,91.1,3916.0,98.4
2012-10-27,464.4,276.9,91.2,3894.0,98.4
2012-10-28,466.2,274.1,90.5,4020.0,98.4
2012-10-29,460.4,270.3,91.3,3806.0,98.4
2012-10-30,461.4,268.6,90.6,3844.0,98.4
2012-10-31,465.2,262.3,89.1,3819.0,98.4
2012-11-01,462.5,258.8,89.4,3790.0,98.4
2012-11-02,462.1,256.2,89.8,3746.0,98.4
2012-11-03,455.1,255.3,91.3,3715.0,98.5
2012-11-04,454.8,251.7,91.4,3694.0,98.5
2012-11-05,454.2,247.8,91.5,3739.0,98.6
2012-11-06,456.5,244.8,90.8,3688.0,98.6
2012-11-07,458.8,244.0,90.2,3697.0,98.6
2012-11-08,459.0,244.4,91.3,3706.0,98.6
2012-11-09,466.2,241.6,89.6,3721.0,98.6
2012-11-10,467.6,241.8,89.7,3645.0,98.7
2012-11-11,463.5,241.2,91.4,3603.0,98.7
2012-11-12,466.1,240.3,91.3,3617.0,98.7
2012-11-13,470.8,237.6,90.2,3627.0,98.7
2012-11-14,469.2,238.3,90.4,3614.0,98.7
2012-11-15,468.6,236.6,90.6,3625.0,98.7
2012-11-16,471.9,234.7,89.9,3608.0,96.7
2012-11-17,470.2,234.9,90.6,3618.0,98.7
2012-11-18,471.3,232.7,89.7,3605.0,98.7
2012-11-19,474.6,230.0,89.4,3616.0,98.7
2012-11-20,473.4,230.7,90.1,3602.0,98.7
2012-11-21,471.0,231.8,90.8,3588.0,98.8
2012-11-22,471.1,229.6,90.7,3578.0,98.8
2012-11-23,472.1,227.7,89.6,3565.0,98.8
2012-11-24,470.2,228.4,90.7,3500.0,96.7
2012-11-25,470.6,224.7,89.6,3535.0,98.8
2012-11-26,466.5,227.1,91.3,3554.0,98.8
2012-11-27,464.7,226.4,91.8,3654.0,98.8
2012-11-28,465.5,225.9,91.7,3618.0,98.8
2012-11-29,465.7,227.1,91.8,3577.0,98.8
2012-11-30,465.5,226.9,91.8,3550.0,98.8
2012-12-01,465.7,225.1,91.5,3560.0,98.8
2012-12-02,465.8,224.1,91.4,3546.0,98.8
2012-12-03,471.3,222.7,90.5,3517.0,98.8
2012-12-04,465.6,223.0,91.0,3498.0,98.8
2012-12-05,465.0,222.0,91.2,3309.0,98.9
2012-12-06,468.3,222.8,90.7,3512.0,98.8
2012-12-07,469.9,221.2,90.0,3476.0,98.8
2012-12-08,469.1,222.9,90.7,3483.0,98.8
2012-12-09,466.1,222.7,91.2,3477.0,98.9
2012-12-10,465.8,223.4,91.5,3467.0,98.8
2012-12-11,479.7,218.6,90.3,2963.0,88.1
2012-12-12,477.7,222.0,91.0,1881.0,46.6
2012-12-13,441.0,186.4,88.1,817.0,37.6
2012-12-14,462.9,213.1,88.6,3015.0,96.6
2012-12-15,458.1,205.7,87.7,1308.0,47.3
2012-12-16,458.8,218.8,90.2,3223.0,98.8
2012-12-17,458.8,220.5,90.6,3262.0,98.8
2012-12-18,459.3,220.2,90.7,3281.0,98.8
2012-12-19,459.7,219.3,90.6,3307.0,98.8
2012-12-20,462.5,217.3,89.4,3137.0,98.8
2012-12-21,463.7,217.3,89.1,3151.0,98.8
2012-12-22,465.8,216.7,88.5,3153.0,98.8
2012-12-23,467.6,216.0,87.9,3164.0,98.8
2012-12-24,464.6,220.0,90.1,3180.0,98.9
2012-12-25,466.4,221.0,90.3,3185.0,98.9
2012-12-26,462.0,220.2,91.3,3175.0,98.9
2012-12-27,461.8,219.3,91.0,3169.0,98.9
2012-12-28,468.6,217.1,89.3,3181.0,98.9
2012-12-29,467.6,217.5,88.9,3203.0,98.9
2012-12-30,469.2,217.2,88.2,3186.0,99.0
2012-12-31,467.7,217.9,89.4,3174.0,99.0
2013-01-01,466.6,218.9,91.0,3142.0,99.0
2013-01-02,475.4,217.9,90.4,3089.0,99.0
2013-01-03,463.2,218.2,91.3,3158.0,99.1
2013-01-04,463.3,218.3,91.1,3441.0,99.1
2013-01-05,465.9,218.6,90.6,3464.0,99.1
2013-01-06,463.0,218.6,91.4,3441.0,97.0
2013-01-07,467.4,218.7,90.4,3458.0,99.1
2013-01-08,464.9,219.6,91.3,3411.0,97.0
2013-01-09,463.8,218.2,91.4,3441.0,99.1
2013-01-10,468.3,217.6,90.8,3446.0,99.1
2013-01-11,468.2,217.6,90.9,3374.0,99.1
2013-01-12,466.7,215.5,90.5,3427.0,99.1
2013-01-13,467.0,215.2,90.4,3429.0,99.2
2013-01-14,466.4,213.4,90.1,3403.0,99.2
2013-01-15,465.6,215.8,90.6,3358.0,99.2
2013-01-16,465.6,216.7,90.9,3603.0,99.2
2013-01-17,520.7,213.6,90.3,2862.0,74.7
2013-01-18,508.5,210.9,89.6,2961.0,100.0
2013-01-19,487.8,213.2,89.9,3214.0,99.1
2013-01-20,488.0,214.5,90.0,3205.0,99.1
2013-01-21,493.1,211.0,88.1,3206.0,99.2
2013-01-22,489.0,211.6,89.1,3228.0,99.2
2013-01-23,486.6,214.4,90.6,3262.0,99.2
2013-01-24,485.7,216.0,91.0,3234.0,99.3
2013-01-25,491.6,211.4,89.2,3229.0,99.3
2013-01-26,489.0,212.0,90.1,3220.0,99.3
2013-01-27,490.7,211.1,89.3,3200.0,99.3
2013-01-28,491.6,210.7,88.4,3204.0,99.3
2013-01-29,488.8,211.8,90.1,3236.0,99.3
2013-01-30,491.1,209.4,87.9,3228.0,99.3
2013-01-31,484.7,213.5,91.2,3173.0,99.3
2013-02-01,485.6,213.8,91.0,3202.0,99.3
2013-02-02,485.7,210.8,90.8,3162.0,99.3
2013-02-03,487.1,210.8,90.1,3123.0,99.3
2013-02-04,487.9,209.8,90.0,3097.0,99.3
2013-02-05,487.4,211.1,90.2,3088.0,99.3
2013-02-06,485.0,209.8,90.9,3072.0,99.3
2013-02-07,485.3,211.1,90.9,3024.0,99.3
2013-02-08,485.2,213.4,91.2,3100.0,99.4
2013-02-09,489.4,212.7,90.7,3136.0,97.3
2013-02-10,492.2,209.4,89.3,3104.0,99.4
2013-02-11,491.6,208.6,89.3,2977.0,99.4
2013-02-12,488.4,210.2,90.4,3041.0,99.4
2013-02-13,491.1,208.9,89.6,3116.0,99.3
2013-02-14,493.6,206.9,88.7,3085.0,97.0
2013-02-15,490.6,209.4,90.1,3151.0,97.1
2013-02-16,491.3,210.6,90.4,3164.0,99.1
2013-02-17,492.1,209.9,89.8,3148.0,97.1
2013-02-18,489.1,209.8,90.1,3150.0,99.2
2013-02-19,488.8,209.1,90.6,3128.0,99.1
2013-02-20,507.5,207.7,90.1,2994.0,99.1
2013-02-21,491.7,210.0,90.7,3122.0,99.2
2013-02-22,496.6,210.9,91.0,3166.0,99.2
2013-02-23,490.0,210.2,90.9,3114.0,100.0
2013-02-24,488.4,210.6,91.2,3102.0,99.2
2013-02-25,486.3,211.0,91.3,3097.0,99.2
2013-02-26,484.7,211.4,91.3,3092.0,99.2
2013-02-27,484.4,210.3,91.4,3082.0,99.2
2013-02-28,485.0,208.8,91.2,3082.0,99.2
2013-03-01,485.8,208.1,91.0,3090.0,99.2
2013-03-02,485.9,207.4,91.0,3095.0,99.2
2013-03-03,487.5,208.1,90.5,3085.0,99.2
2013-03-04,491.0,208.5,89.9,3085.0,99.2
2013-03-05,490.9,208.8,90.6,3099.0,99.2
2013-03-06,492.9,206.2,89.5,3084.0,99.2
2013-03-07,474.7,204.4,88.4,433.0,11.1
2013-03-10,446.1,156.8,85.5,606.0,27.6
2013-03-11,473.2,186.4,88.6,1513.0,63.6
2013-03-13,160.9,41.9,5.6,0.0,6.2
2013-03-14,208.1,36.7,5.4,0.0,14.9
2013-03-15,221.3,33.6,4.9,0.0,13.9
2013-03-16,230.5,31.4,5.2,0.0,14.0
2013-03-17,236.6,30.3,4.3,0.0,13.8
2013-03-18,234.7,28.7,2.7,0.0,17.7
2013-03-19,233.1,27.7,1.0,0.0,18.1
2013-03-20,239.7,27.1,0.2,0.0,16.5
2013-03-21,239.8,26.6,0.0,0.0,9.5
2013-03-22,241.4,26.4,0.5,0.0,1.3
2013-03-23,241.8,25.8,0.1,0.0,1.2
2013-03-24,244.4,25.2,1.9,0.0,1.3
2013-03-25,469.2,139.6,86.3,779.0,25.6
2013-03-26,466.4,176.0,89.3,2897.0,97.4
2013-03-27,472.2,196.0,90.3,3031.0,99.4
2013-03-28,481.2,202.6,90.6,1512.0,57.7
2013-03-29,475.0,191.5,89.6,1627.0,58.3
2013-03-30,478.1,205.8,90.6,3157.0,97.1
2013-03-31,481.7,211.9,90.9,3115.0,97.0
2013-04-01,482.7,213.5,91.0,2892.0,90.9
2013-04-03,2.3,46.1,8.6,0.0,1.1
2013-04-04,0.8,38.1,7.6,0.0,1.1
2013-04-05,520.5,124.5,75.6,388.0,23.7
2013-04-09,17.6,30.7,4.1,0.0,0.9
2013-04-10,540.0,97.1,68.6,844.0,19.0
2013-04-11,480.9,184.1,88.7,3210.0,99.4
2013-04-12,374.8,153.2,89.9,3334.0,99.4
2013-04-13,489.6,213.8,90.8,3427.0,99.4
2013-04-14,496.7,214.3,89.2,3515.0,99.5
2013-04-15,498.0,217.6,89.0,3526.0,99.5
2013-04-16,501.3,216.2,88.7,3700.0,84.4
2013-04-17,499.5,218.5,89.3,3581.0,99.6
2013-04-18,497.7,218.8,89.4,3552.0,99.7
2013-04-19,493.3,219.5,91.0,3536.0,99.7
2013-04-20,497.6,221.4,90.1,3526.0,99.8
2013-04-21,499.9,219.8,89.7,3510.0,99.7
2013-04-22,499.4,220.2,89.2,3469.0,99.8
2013-04-23,496.7,220.6,90.3,3420.0,99.8
2013-04-24,495.8,222.0,90.9,3384.0,99.8
2013-04-25,497.2,221.3,90.6,3335.0,99.8
2013-04-26,491.9,222.2,91.5,3268.0,99.6
2013-04-27,491.1,220.1,91.4,3278.0,99.7
2013-04-28,497.9,218.8,88.9,3269.0,99.8
2013-04-29,494.3,218.3,90.0,3193.0,99.8
2013-04-30,490.0,217.8,91.2,3427.0,99.8
2013-05-01,495.0,217.3,89.5,3355.0,99.8
2013-05-02,492.0,219.7,91.1,3332.0,99.8
2013-05-03,495.8,218.4,90.1,3306.0,99.8
2013-05-04,497.1,218.1,89.9,3343.0,99.8
2013-05-05,497.9,219.1,90.1,3351.0,99.4
2013-05-06,498.3,219.0,90.2,3344.0,99.3
2013-05-07,495.8,220.0,91.1,3334.0,99.3
2013-05-08,497.5,219.0,90.8,3344.0,99.3
2013-05-09,497.0,219.2,91.1,3341.0,99.3
2013-05-10,495.9,218.5,90.9,3331.0,99.3
2013-05-11,498.5,218.2,90.6,3338.0,99.3
2013-05-12,495.9,219.4,91.2,3298.0,97.3
2013-05-13,499.0,217.3,89.9,3306.0,97.5
2013-05-14,499.4,215.9,89.2,1772.0,67.0
2013-05-15,487.1,212.7,90.2,2381.0,96.9
2013-05-16,489.3,216.8,90.7,3097.0,100.0
2013-05-17,516.2,209.5,89.9,2379.0,80.9
2013-05-18,490.9,216.4,91.7,3151.0,99.7
2013-05-19,488.0,217.9,91.7,3204.0,99.7
2013-05-20,487.6,215.6,91.6,3196.0,97.9
2013-05-21,488.0,214.7,91.4,3241.0,100.0
2013-05-22,487.8,213.0,91.2,3247.0,100.0
2013-05-23,493.8,210.0,90.2,3209.0,100.0
2013-05-24,483.5,211.3,90.7,3196.0,100.0
2013-05-25,483.1,212.1,91.2,3137.0,100.0
2013-05-26,481.7,214.0,91.4,3136.0,100.0
2013-05-27,484.4,214.4,91.1,3156.0,100.0
2013-05-28,488.2,213.9,90.8,3151.0,100.0
2013-05-29,495.5,215.3,91.7,3093.0,100.0
2013-05-30,485.5,216.8,92.0,3153.0,100.0
2013-05-31,487.3,215.3,91.7,3167.0,100.0
2013-06-01,488.9,214.1,91.3,3186.0,100.0
2013-06-02,488.8,215.1,91.7,3194.0,100.0
2013-06-03,489.2,216.4,91.9,3197.0,100.0
2013-06-04,492.5,215.7,91.9,3190.0,100.0
2013-06-05,507.9,214.1,91.6,3119.0,83.9
2013-06-06,508.4,214.9,91.6,3141.0,83.7
2013-06-07,488.6,214.1,91.7,3226.0,99.7
2013-06-08,487.8,213.1,91.7,3193.0,99.7
2013-06-09,495.7,213.9,91.7,2504.0,85.7
2013-06-10,479.1,209.1,91.4,2544.0,89.4
2013-06-11,485.1,214.4,91.7,3025.0,99.7
2013-06-12,491.7,212.3,90.8,3050.0,99.9
2013-06-13,488.9,214.5,91.6,3094.0,100.0
2013-06-14,490.0,213.6,91.1,3115.0,100.0
2013-06-15,492.3,213.1,91.3,3102.0,100.0
2013-06-16,487.9,212.7,91.8,3148.0,100.0
2013-06-17,488.7,215.1,91.9,3143.0,100.0
2013-06-18,492.5,213.3,91.4,3152.0,100.0
2013-06-19,490.6,213.3,91.7,3176.0,100.0
2013-06-20,490.9,213.2,91.6,3044.0,100.0
2013-06-21,487.0,214.1,91.9,2739.0,100.0
2013-06-22,1.2,79.5,30.7,0.0,37.8
2013-06-23,1.9,52.1,13.9,0.0,12.0
2013-06-26,468.6,174.2,89.1,1015.0,58.8
2013-06-27,1.6,56.7,20.8,0.0,1.2
2013-06-28,481.2,174.1,88.6,863.0,62.4
2013-06-29,478.6,204.3,91.1,2822.0,99.9
2013-06-30,489.8,211.3,90.6,2963.0,99.9
2013-07-01,486.5,213.5,91.4,2958.0,100.0
2013-07-02,486.8,214.0,91.1,2959.0,100.0
2013-07-03,489.2,214.3,91.0,3076.0,100.0
2013-07-04,488.9,215.8,91.0,3071.0,100.0
2013-07-05,487.6,215.5,91.1,3001.0,100.0
2013-07-06,521.1,214.7,90.9,236.0,24.9
2013-07-07,476.4,200.1,91.2,836.0,59.7
2013-07-08,482.0,211.7,91.5,2910.0,100.0
2013-07-09,504.3,212.8,90.9,2795.0,93.3
2013-07-10,485.4,214.9,91.7,3018.0,99.9
2013-07-11,501.4,209.5,90.4,2433.0,84.5
2013-07-12,487.2,217.8,91.9,3005.0,99.9
2013-07-13,497.0,216.9,91.9,3013.0,100.0
2013-07-14,505.0,216.0,91.4,3010.0,100.0
2013-07-15,488.7,216.9,91.7,3293.0,100.0
2013-07-16,489.5,218.0,91.8,3309.0,100.0
2013-07-17,489.3,217.9,91.7,3287.0,100.0
2013-07-18,488.2,217.9,92.1,3277.0,100.0
2013-07-19,488.7,216.2,91.9,3252.0,100.0
2013-07-20,488.5,216.6,92.0,3263.0,100.0
2013-07-21,488.3,216.4,91.9,3238.0,100.0
2013-07-22,520.9,215.6,91.5,220.0,10.3
2013-07-23,8.0,55.8,17.9,0.0,1.3
2013-07-24,530.5,118.7,80.1,31.0,7.8
2013-07-25,678.0,182.9,87.0,1148.0,41.0
2013-07-26,758.7,190.3,86.8,1131.0,35.9
2013-07-27,548.5,207.1,90.7,2345.0,80.5
2013-07-28,479.4,211.6,90.3,84.0,3.2
2013-07-29,488.8,131.0,82.8,354.0,6.8
2013-07-30,473.9,196.2,90.6,2919.0,99.3
2013-07-31,492.6,211.2,91.4,320.0,20.0
2013-08-01,31.4,53.9,19.8,0.0,0.0
2013-08-02,29.9,44.0,16.2,0.0,0.0
2013-08-03,506.1,153.9,81.2,1662.0,55.9
2013-08-04,483.0,206.0,90.4,2782.0,97.9
2013-08-05,482.0,213.7,91.2,2850.0,97.8
2013-08-06,478.8,216.9,91.9,2869.0,100.0
2013-08-07,478.5,221.4,92.2,2898.0,100.0
2013-08-08,479.1,222.0,92.3,2886.0,100.0
2013-08-09,481.9,221.7,92.0,2876.0,100.0
2013-08-10,481.0,221.5,92.2,2888.0,100.0
2013-08-11,487.9,222.9,92.0,2852.0,99.9
2013-08-12,488.3,222.7,92.2,2850.0,100.0
2013-08-13,484.0,221.1,92.1,2861.0,100.0
2013-08-14,482.8,223.2,92.2,2862.0,100.0
2013-08-15,487.7,221.7,91.5,2850.0,99.9
2013-08-16,484.4,222.4,91.8,2881.0,100.0
2013-08-17,488.3,220.8,91.0,2852.0,99.9
2013-08-18,487.7,220.3,90.8,2866.0,100.0
2013-08-19,485.1,221.3,91.7,2955.0,100.0
2013-08-20,485.8,222.4,91.7,2931.0,100.0
2013-08-21,485.2,222.5,91.9,2877.0,100.0
2013-08-22,485.4,221.7,91.6,2831.0,97.9
2013-08-23,484.2,220.4,91.7,2865.0,100.0
2013-08-24,485.6,219.5,91.1,2861.0,100.0
2013-08-25,484.0,220.2,91.6,2837.0,100.0
2013-08-26,485.5,220.9,91.9,2816.0,100.0
2013-08-27,487.7,220.0,91.4,3112.0,100.0
2013-08-28,482.0,220.8,92.2,3075.0,100.0
2013-08-29,483.7,220.6,92.0,3109.0,100.0
2013-08-30,486.9,220.3,91.6,3133.0,100.0
2013-08-31,482.0,217.9,91.8,3152.0,100.0
2013-09-01,483.7,217.2,91.7,3164.0,100.0
2013-09-02,487.2,217.3,91.9,3233.0,100.0
2013-09-03,487.4,219.6,91.9,2886.0,100.0
2013-09-04,490.0,218.5,91.2,2906.0,100.0
2013-09-05,560.5,215.4,90.6,2266.0,76.9
2013-09-06,662.9,208.2,90.0,1404.0,45.6
2013-09-07,663.0,208.8,89.9,1397.0,45.5
2013-09-08,659.9,209.8,90.3,1383.0,45.5
2013-09-09,657.9,208.7,90.3,1396.0,45.6
2013-09-10,656.6,205.9,89.9,1366.0,45.5
2013-09-11,654.2,206.8,90.1,1349.0,45.6
2013-09-12,651.8,208.3,89.8,1130.0,35.9
2013-09-13,10.8,71.9,22.4,0.0,2.2
2013-09-14,637.3,97.7,58.8,194.0,10.7
2013-09-15,465.5,195.1,89.2,2353.0,93.9
2013-09-16,516.3,197.0,85.6,2164.0,80.4
2013-09-17,476.4,211.9,90.3,2699.0,99.3
2013-09-18,481.9,215.2,91.2,1105.0,43.8
2013-09-20,455.1,190.8,88.8,980.0,55.0
2013-09-21,485.8,205.5,89.2,691.0,38.4
2013-09-22,469.5,204.8,90.7,2077.0,93.7
2013-09-23,469.5,215.1,91.8,2670.0,99.4
2013-09-24,471.7,217.6,91.8,2222.0,99.3
2013-09-25,472.0,219.2,91.9,2236.0,99.4
2013-09-26,471.7,219.8,92.0,2244.0,99.4
2013-09-27,618.4,216.7,90.3,376.0,19.7
2013-09-28,517.6,179.1,84.5,1143.0,54.2
2013-09-29,473.4,214.2,91.0,2009.0,99.2
2013-09-30,477.8,217.5,90.5,2052.0,99.2
2013-10-01,478.1,217.6,90.5,2048.0,99.2
2013-10-02,479.4,217.4,90.5,1610.0,99.2
2013-10-03,479.6,216.9,90.1,1608.0,99.2
2013-10-04,479.3,217.9,90.5,1603.0,99.2
2013-10-05,474.1,220.0,91.5,1610.0,99.4
2013-10-06,477.2,219.3,90.0,1619.0,99.6
2013-10-07,476.9,218.5,89.5,1626.0,97.6
2013-10-08,476.1,218.9,90.5,1607.0,99.8
2013-10-09,473.7,218.2,91.3,1595.0,99.7
2013-10-10,474.2,215.9,91.2,1592.0,99.7
2013-10-11,482.3,217.7,91.2,890.0,54.5
2013-10-12,538.9,165.1,79.5,569.0,26.9
2013-10-13,465.7,211.4,90.7,1526.0,99.1
2013-10-14,475.8,216.8,90.6,1532.0,99.5
2013-10-15,476.7,218.3,91.2,1533.0,97.5
2013-10-16,475.9,219.4,91.4,1546.0,99.6
2013-10-17,472.1,217.8,91.3,1580.0,100.0
2013-10-18,472.3,219.4,91.4,1555.0,99.6
2013-10-19,479.6,216.8,89.7,1541.0,99.5
2013-10-20,479.9,214.9,88.6,1584.0,99.5
2013-10-21,479.2,214.2,88.8,1557.0,99.5
2013-10-22,479.2,215.0,89.5,1560.0,99.6
2013-10-23,477.2,216.2,90.5,1557.0,99.7
2013-10-24,475.6,215.2,89.9,1561.0,97.7
2013-10-25,477.6,216.2,90.3,1558.0,99.7
2013-10-26,477.0,216.2,90.4,1550.0,99.7
2013-10-27,485.3,214.6,89.3,1532.0,95.1
2013-10-28,472.9,180.9,84.7,777.0,35.2
2013-10-29,466.9,210.8,90.7,992.0,60.0
2013-10-30,502.8,155.6,76.2,810.0,34.7
2013-10-31,470.8,207.5,88.7,1499.0,100.0
2013-11-01,473.4,211.5,87.9,1523.0,99.2
2013-11-02,473.1,214.3,89.6,1510.0,99.1
2013-11-03,486.8,200.8,87.3,1110.0,59.9
2013-11-04,538.5,203.4,89.9,298.0,27.1
2013-11-05,893.7,58.6,42.1,0.0,17.2
2013-11-06,813.4,61.7,52.8,0.0,22.2
2013-11-07,460.6,201.7,87.8,797.0,100.0
2013-11-08,467.1,208.8,88.1,1402.0,99.4
2013-11-09,465.1,215.1,90.8,1387.0,99.4
2013-11-10,466.0,215.2,90.9,1391.0,99.4
2013-11-11,521.1,193.0,88.5,1225.0,78.7
2013-11-12,474.2,250.1,89.3,1470.0,99.0
2013-11-13,473.5,289.4,89.7,1464.0,99.6
2013-11-14,471.0,289.2,90.0,1495.0,99.7
2013-11-15,472.3,290.0,89.5,1505.0,99.8
2013-11-16,473.7,290.0,89.2,1509.0,99.8
2013-11-17,472.8,290.3,90.3,1475.0,99.6
2013-11-18,472.1,290.9,90.5,1483.0,99.7
2013-11-19,471.0,290.0,90.4,1460.0,99.6
2013-11-20,474.8,289.4,89.3,1498.0,99.6
2013-11-21,471.8,290.9,90.7,1492.0,99.7
2013-11-22,469.7,292.0,91.2,1509.0,99.7
2013-11-23,469.5,291.1,91.3,1484.0,99.7
2013-11-24,470.7,288.2,90.7,1492.0,99.6
2013-11-25,470.3,289.8,90.9,1495.0,99.7
2013-11-26,472.8,289.6,90.0,1502.0,99.8
2013-11-27,470.3,288.8,91.1,1494.0,99.7
2013-11-28,470.3,287.9,91.0,1496.0,99.7
2013-11-29,472.4,287.0,89.9,1491.0,99.6
2013-11-30,470.8,288.0,90.8,1493.0,99.6
2013-12-01,469.9,287.6,91.0,1490.0,99.6
2013-12-02,474.4,288.1,88.9,1541.0,99.7
2013-12-03,473.6,287.3,89.5,1527.0,99.7
2013-12-04,471.4,286.4,90.5,1466.0,99.6
2013-12-05,481.2,281.9,88.2,1450.0,95.6
2013-12-06,466.9,273.8,89.5,606.0,52.9
2013-12-07,467.0,283.5,90.2,1395.0,99.2
2013-12-08,469.1,284.3,89.5,1463.0,99.7
2013-12-09,470.1,285.8,90.2,586.0,44.6
2013-12-10,475.7,273.2,87.6,811.0,72.2
2013-12-11,375.6,108.8,18.2,0.0,3.6
2013-12-12,463.0,271.5,88.2,1177.0,95.4
2013-12-13,472.1,281.7,89.4,804.0,33.9
2013-12-14,468.3,268.3,87.8,1181.0,100.0
2013-12-15,478.4,282.3,89.1,1152.0,90.8
2013-12-16,474.9,283.7,88.2,1383.0,100.0
2013-12-17,475.1,284.6,88.2,1539.0,100.0
2013-12-18,477.0,283.6,89.0,1502.0,100.0
2013-12-19,476.3,283.6,88.1,1499.0,100.0
2013-12-20,483.0,284.3,88.0,784.0,71.5
2013-12-21,476.2,280.8,87.7,1441.0,99.8
2013-12-22,475.7,283.7,88.9,1511.0,100.0
2013-12-23,477.7,283.5,88.9,1502.0,99.8
2013-12-24,478.6,282.8,88.3,1500.0,99.8
2013-12-25,479.5,282.0,87.2,1543.0,99.9
2013-12-26,484.0,283.3,87.9,1332.0,86.9
2013-12-27,497.7,271.2,87.2,893.0,64.4
2013-12-28,478.8,279.3,87.4,1478.0,99.4
2013-12-29,469.5,284.9,90.8,1496.0,99.5
2013-12-30,477.1,282.4,89.2,1496.0,99.4
2013-12-31,524.8,272.0,86.1,1346.0,80.5
2014-01-01,476.4,281.2,89.5,1528.0,99.1
2014-01-02,478.3,282.4,89.1,1505.0,99.3
2014-01-03,548.5,279.5,88.4,1281.0,76.4
2014-01-04,532.0,277.4,87.0,940.0,49.3
2014-01-05,512.7,208.9,80.8,291.0,17.1
2014-01-06,468.6,270.7,88.4,1432.0,98.9
2014-01-07,474.8,279.9,88.1,1490.0,98.9
2014-01-08,471.7,282.5,89.0,1537.0,99.2
2014-01-09,468.6,284.5,90.3,1505.0,99.2
2014-01-10,468.4,284.5,90.6,1502.0,99.2
2014-01-11,468.2,282.8,90.6,1494.0,99.2
2014-01-12,470.0,283.8,90.4,1493.0,99.2
2014-01-13,473.9,281.3,89.2,1512.0,99.1
2014-01-14,474.6,281.8,89.0,1472.0,99.2
2014-01-15,575.4,275.1,86.7,1175.0,67.1
2014-01-16,646.5,266.1,84.3,1074.0,46.6
2014-01-17,480.8,276.0,86.5,1415.0,96.9
2014-01-18,485.3,276.5,86.5,445.0,47.0
2014-01-19,278.1,90.0,42.6,0.0,25.3
2014-01-20,355.3,72.3,35.5,0.0,24.8
2014-01-21,381.0,64.0,39.5,0.0,25.3
2014-01-22,413.6,59.1,40.6,0.0,25.4
2014-01-23,457.8,55.6,42.8,0.0,25.4
2014-01-24,602.3,183.4,81.8,120.0,23.1
2014-01-25,616.7,235.6,85.0,583.0,29.4
2014-01-26,657.2,256.4,84.9,740.0,40.2
2014-01-27,656.2,256.3,81.2,744.0,35.6
2014-01-28,675.3,262.8,82.8,364.0,35.5
2014-01-29,775.1,110.4,24.1,21.0,5.3
2014-01-31,477.5,236.1,84.7,1396.0,100.0
2014-02-01,467.0,275.9,87.7,1304.0,97.2
2014-02-02,478.3,284.1,88.0,1313.0,97.4
2014-02-03,474.0,287.8,89.6,1311.0,97.4
2014-02-04,473.7,288.3,89.4,1306.0,97.4
2014-02-05,475.3,288.5,88.7,1308.0,97.5
2014-02-06,499.1,286.3,87.3,701.0,53.5
2014-02-08,459.1,235.2,85.9,193.0,17.6
2014-02-09,467.5,269.0,87.7,1304.0,99.9
2014-02-10,475.4,280.8,87.2,147.0,17.5
2014-02-11,5.6,79.1,7.5,0.0,0.6
2014-02-12,486.3,258.1,87.3,1223.0,84.6
2014-02-13,480.6,280.8,87.5,1398.0,100.0
2014-02-14,477.7,288.7,89.4,1419.0,100.0
2014-02-15,563.2,286.2,88.6,1164.0,72.0
2014-02-16,475.1,290.5,90.8,1415.0,99.7
2014-02-17,474.7,296.6,91.1,1454.0,100.0
2014-02-18,483.0,289.3,88.8,1053.0,62.2
2014-02-19,475.1,292.8,90.8,1430.0,100.0
2014-02-20,481.9,293.1,89.6,1462.0,100.0
2014-02-21,483.6,293.0,88.6,1480.0,100.0
2014-02-22,482.4,292.8,88.4,1492.0,100.0
2014-02-23,481.7,290.9,88.4,1479.0,100.0
2014-02-24,478.8,291.7,89.3,1472.0,100.0
2014-02-25,477.9,291.8,89.9,1439.0,100.0
2014-02-26,478.7,291.2,89.7,1432.0,100.0
2014-02-27,478.6,290.6,89.2,1426.0,100.0
2014-02-28,476.9,293.0,90.2,1436.0,100.0
2014-03-01,477.4,291.7,89.8,1403.0,100.0
2014-03-02,478.6,290.0,89.8,1419.0,100.0
2014-03-03,476.0,288.4,89.4,1449.0,97.9
2014-03-04,475.5,289.2,89.7,1422.0,100.0
2014-03-05,474.9,290.2,89.5,1426.0,100.0
2014-03-06,475.5,289.4,88.9,1424.0,100.0
2014-03-07,473.8,288.0,89.3,1402.0,100.0
2014-03-08,475.8,287.3,89.0,1367.0,100.0
2014-03-09,475.3,288.8,88.6,1379.0,100.0
2014-03-10,469.3,291.7,90.9,1373.0,100.0
2014-03-11,474.2,291.2,89.7,1358.0,100.0
2014-03-12,479.8,289.8,88.9,1346.0,100.0
2014-03-13,471.3,290.6,90.4,1354.0,97.9
2014-03-14,473.0,287.8,89.3,1352.0,100.0
2014-03-15,468.4,287.6,90.7,1340.0,100.0
2014-03-16,468.5,286.0,90.5,1341.0,100.0
2014-03-17,467.4,287.8,90.7,1340.0,100.0
2014-03-18,469.5,287.9,90.4,1342.0,100.0
2014-03-19,551.1,282.3,87.9,1077.0,65.7
2014-03-20,497.8,281.4,86.7,1282.0,90.3
2014-03-21,476.6,284.1,87.3,1351.0,100.0
2014-03-22,474.8,285.3,89.0,842.0,52.9
2014-03-23,477.7,275.1,89.3,1215.0,94.4
2014-03-24,486.1,284.5,90.2,542.0,26.6
2014-03-25,579.5,186.5,70.5,246.0,16.3
2014-03-26,476.4,274.1,89.2,1434.0,99.6
2014-03-27,482.2,280.8,86.6,489.0,51.1
2014-03-28,586.2,185.8,70.2,121.0,18.0
2014-03-29,556.2,199.0,68.6,589.0,53.3
2014-03-30,461.7,282.1,90.5,1241.0,97.8
2014-03-31,465.2,286.8,90.6,1326.0,100.0
2014-04-01,466.8,289.1,90.5,1315.0,100.0
2014-04-02,466.9,291.1,90.7,1315.0,100.0
2014-04-03,470.1,290.4,90.1,1320.0,100.0
2014-04-04,472.5,288.4,89.1,1111.0,100.0
2014-04-05,472.4,289.1,89.6,1126.0,99.9
2014-04-06,475.7,290.2,90.0,934.0,74.4
2014-04-07,499.8,209.6,82.2,69.0,11.0
2014-04-08,460.1,276.4,90.1,1076.0,99.9
2014-04-09,466.3,288.5,90.8,1123.0,100.0
2014-04-10,468.7,288.9,90.4,1164.0,82.8
2014-04-11,470.1,290.8,90.3,1143.0,100.0
2014-04-12,474.7,288.8,88.3,1142.0,100.0
2014-04-13,469.5,289.4,90.4,1132.0,99.9
2014-04-14,469.7,288.8,90.5,1153.0,97.8
2014-04-15,470.6,291.8,90.4,1130.0,99.8
2014-04-16,475.8,289.4,88.4,1135.0,99.8
2014-04-17,472.8,289.2,89.6,1139.0,99.9
2014-04-18,470.8,291.1,90.8,1134.0,100.0
2014-04-19,472.0,293.5,90.9,1128.0,99.8
2014-04-20,471.7,293.4,90.9,1121.0,99.8
2014-04-21,615.7,281.6,87.4,928.0,58.2
2014-04-22,735.9,266.7,84.1,697.0,35.1
2014-04-23,685.9,269.2,85.4,758.0,40.9
2014-04-24,594.6,280.3,88.3,1014.0,51.6
2014-04-25,588.9,282.4,89.1,821.0,49.3
2014-04-26,558.3,282.4,88.8,877.0,59.8
2014-04-27,475.7,288.7,90.4,1087.0,100.0
2014-04-28,473.5,291.2,91.0,1076.0,99.9
2014-04-29,474.9,288.9,90.5,1033.0,99.8
2014-04-30,472.1,287.0,90.9,1004.0,99.9
2014-05-01,474.1,286.5,90.5,988.0,99.8
2014-05-02,473.6,286.7,90.9,985.0,99.8
2014-05-03,472.3,288.6,91.1,966.0,99.9
2014-05-04,474.4,288.7,90.8,969.0,99.8
2014-05-05,477.5,286.5,90.1,1021.0,99.8
2014-05-06,477.2,285.9,90.2,1003.0,99.8
2014-05-07,485.4,287.3,90.7,1009.0,99.9
2014-05-08,504.3,285.5,89.9,520.0,59.6
2014-05-09,1016.7,98.0,15.8,0.0,0.9
2014-05-10,997.3,75.3,10.7,0.0,1.1
2014-05-11,452.8,250.6,88.9,477.0,51.0
2014-05-12,457.8,268.5,89.8,898.0,100.0
2014-05-13,459.6,272.9,89.7,909.0,97.9
2014-05-14,451.1,274.7,89.7,918.0,97.9
2014-05-15,461.4,275.2,88.4,326.0,46.8
2014-05-16,518.7,90.6,19.7,0.0,9.4
2014-05-17,46.5,71.4,15.6,0.0,0.9
2014-05-18,744.1,63.8,20.3,0.0,10.0
2014-05-19,724.5,58.3,14.7,0.0,2.3
2014-05-20,666.6,54.7,13.5,0.0,1.1
2014-05-21,671.2,52.4,13.4,0.0,1.1
2014-05-22,676.5,59.6,24.8,0.0,1.6
2014-05-23,713.2,74.4,31.2,0.0,1.3
2014-05-24,748.5,83.1,35.8,0.0,1.3
2014-05-25,757.5,79.1,27.7,6.0,3.6
2014-05-26,563.1,234.5,85.7,746.0,60.2
2014-05-27,454.8,275.8,90.2,861.0,100.0
2014-05-28,455.1,285.2,90.6,982.0,100.0
2014-05-29,454.8,291.3,91.0,988.0,100.0
2014-05-30,457.0,291.6,91.1,997.0,100.0
2014-05-31,461.8,292.6,91.1,1017.0,100.0
2014-06-01,464.6,296.6,91.2,1023.0,99.9
2014-06-02,468.8,294.4,90.6,1019.0,78.3
2014-06-03,470.3,293.5,90.4,1010.0,99.9
2014-06-04,471.0,296.2,90.6,1007.0,100.0
2014-06-05,470.0,296.7,90.3,1060.0,100.0
2014-06-06,468.0,299.1,91.3,1043.0,100.0
2014-06-07,468.4,299.6,91.4,1049.0,100.0
2014-06-08,472.8,297.7,90.2,1050.0,100.0
2014-06-09,470.2,299.4,91.3,1198.0,100.0
2014-06-10,473.3,297.4,90.5,1067.0,100.0
2014-06-11,472.6,297.3,90.3,1060.0,100.0
2014-06-12,468.5,298.3,91.3,1050.0,100.0
2014-06-13,468.0,296.3,91.4,1004.0,100.0
2014-06-14,468.1,295.1,91.2,993.0,100.0
2014-06-15,468.0,294.9,91.2,995.0,100.0
2014-06-16,467.8,293.5,91.1,998.0,100.0
2014-06-17,467.3,293.9,91.2,981.0,100.0
2014-06-18,466.9,294.0,91.2,972.0,100.0
2014-06-19,467.2,291.3,91.0,972.0,100.0
2014-06-20,466.8,292.4,91.1,967.0,100.0
2014-06-21,466.6,293.0,91.2,956.0,100.0
2014-06-22,466.7,292.8,91.1,939.0,100.0
2014-06-23,471.4,294.8,91.1,931.0,100.0
2014-06-24,467.2,292.7,91.2,973.0,100.0
2014-06-25,467.1,293.9,91.3,1027.0,100.0
2014-06-26,473.8,280.2,89.5,638.0,53.9
2014-06-27,510.2,275.6,87.9,927.0,84.6
2014-06-28,465.8,290.7,91.0,987.0,97.9
2014-06-29,465.3,290.6,91.1,990.0,97.9
2014-06-30,465.6,289.9,91.1,1018.0,97.9
2014-07-01,465.8,290.8,91.1,988.0,100.0
2014-07-02,470.1,291.8,90.1,987.0,100.0
2014-07-03,470.5,291.5,90.1,986.0,100.0
2014-07-04,473.5,290.1,90.1,978.0,100.0
2014-07-05,470.3,290.3,90.6,974.0,100.0
2014-07-06,468.5,292.8,91.1,972.0,100.0
2014-07-07,470.5,292.0,90.9,992.0,100.0
2014-07-08,467.6,293.3,91.4,996.0,100.0
2014-07-09,467.4,289.8,91.3,995.0,100.0
2014-07-10,468.0,291.4,91.2,1012.0,100.0
2014-07-11,468.5,292.3,90.7,1008.0,100.0
2014-07-12,467.2,292.1,91.1,992.0,100.0
2014-07-13,464.9,291.0,91.2,986.0,100.0
2014-07-14,463.8,290.5,91.2,974.0,100.0
2014-07-15,464.9,287.8,90.7,988.0,100.0
2014-07-16,466.1,288.6,90.6,986.0,100.0
2014-07-17,466.1,288.1,90.4,983.0,100.0
2014-07-18,463.7,290.8,91.3,979.0,100.0
2014-07-19,467.2,289.6,90.5,981.0,100.0
2014-07-20,507.2,280.6,87.6,1045.0,86.7
2014-07-21,469.0,287.2,90.3,1012.0,99.8
2014-07-22,466.2,291.5,91.4,991.0,100.0
2014-07-23,468.5,290.6,91.0,998.0,100.0
2014-07-24,465.8,291.5,91.6,1006.0,100.0
2014-07-25,467.3,291.6,91.4,996.0,100.0
2014-07-26,472.9,292.0,91.6,986.0,97.1
2014-07-27,467.4,290.9,91.4,994.0,100.0
2014-07-28,465.5,290.4,91.6,989.0,100.0
2014-07-29,468.0,289.7,91.1,982.0,100.0
2014-07-30,597.4,270.2,83.9,803.0,60.4
2014-07-31,467.5,286.4,91.3,957.0,98.1
2014-08-01,470.0,288.3,91.2,968.0,100.0
2014-08-02,471.0,288.2,90.9,968.0,100.0
2014-08-03,471.9,287.0,90.7,973.0,100.0
2014-08-04,473.0,285.9,89.9,978.0,100.0
2014-08-05,467.7,287.9,91.3,942.0,100.0
2014-08-06,469.7,287.0,90.8,945.0,100.0
2014-08-07,468.2,286.4,91.0,915.0,97.9
2014-08-08,467.6,287.9,91.3,910.0,97.9
2014-08-09,471.0,283.0,89.6,897.0,100.0
2014-08-10,472.4,283.4,89.6,897.0,97.9
2014-08-11,474.5,281.4,88.5,935.0,97.9
2014-08-12,475.8,281.9,87.8,966.0,100.0
2014-08-13,472.4,283.7,90.0,980.0,100.0
2014-08-14,467.4,284.2,91.2,981.0,100.0
2014-08-15,467.1,283.6,91.1,971.0,100.0
2014-08-16,471.0,282.9,89.9,923.0,100.0
2014-08-17,469.4,283.5,90.2,925.0,100.0
2014-08-18,466.8,281.1,90.8,924.0,100.0
2014-08-19,480.1,278.2,90.0,86.0,17.0
2014-08-20,4.3,82.9,15.5,0.0,0.3
2014-08-21,3.8,99.6,21.6,0.0,0.4
2014-08-22,3.8,99.6,21.6,0.0,0.4
2014-08-23,3.8,99.6,21.6,0.0,0.4
2014-08-24,3.8,99.6,21.6,0.0,0.4
2014-08-25,477.3,245.3,87.8,649.0,77.4
2014-08-26,456.4,271.1,90.5,1154.0,100.0
2014-08-27,458.9,279.9,90.7,1165.0,100.0
2014-08-28,489.0,274.9,87.9,1171.0,87.8
2014-08-29,464.2,283.2,90.0,1227.0,100.0
2014-08-30,465.4,285.6,90.4,1200.0,100.0
2014-08-31,462.3,288.7,90.8,1229.0,100.0
2014-09-01,467.9,287.5,90.3,1212.0,100.0
2014-09-02,484.0,290.4,90.8,1275.0,93.2
2014-09-03,531.1,279.6,88.7,1083.0,72.0
2014-09-04,473.1,288.3,91.2,991.0,100.0
2014-09-05,468.6,290.0,91.4,990.0,100.0
2014-09-06,465.9,289.5,91.5,1002.0,97.9
2014-09-07,468.3,289.5,91.1,988.0,100.0
2014-09-08,466.8,288.2,91.4,984.0,100.0
2014-09-09,466.8,287.4,91.4,977.0,100.0
2014-09-10,465.9,290.6,91.6,981.0,100.0
2014-09-11,466.5,291.8,91.5,952.0,100.0
2014-09-12,467.3,291.3,91.4,896.0,100.0
2014-09-13,467.0,291.5,91.6,892.0,100.0
2014-09-14,468.0,290.2,91.6,888.0,100.0
2014-09-15,471.6,288.4,90.6,918.0,100.0
2014-09-16,474.4,286.6,89.9,917.0,100.0
2014-09-17,474.1,286.6,90.0,926.0,97.9
2014-09-18,473.2,287.4,90.4,916.0,97.9
2014-09-19,471.8,289.8,91.1,919.0,97.9
2014-09-20,468.6,288.8,91.5,939.0,97.9
2014-09-21,469.5,286.4,91.3,924.0,97.9
2014-09-22,469.1,288.2,91.4,923.0,97.9
2014-09-23,470.7,288.9,91.3,926.0,100.0
2014-09-24,469.6,288.9,91.4,931.0,100.0
2014-09-25,471.8,286.5,90.6,935.0,100.0
2014-09-26,472.4,284.9,90.4,935.0,100.0
2014-09-27,473.3,284.8,90.1,933.0,100.0
2014-09-28,472.1,286.0,90.3,928.0,100.0
2014-09-29,499.0,284.5,90.1,73.0,10.0
2014-09-30,462.5,261.8,89.3,1242.0,65.1
2014-10-01,467.9,279.7,90.2,953.0,100.0
2014-10-02,470.2,283.8,90.0,988.0,100.0
2014-10-03,479.2,282.3,89.0,883.0,100.0
2014-10-04,472.0,283.2,90.0,907.0,100.0
2014-10-05,472.3,285.3,90.4,897.0,100.0
2014-10-06,474.4,282.3,88.8,891.0,100.0
2014-10-07,476.0,279.3,86.9,879.0,100.0
2014-10-08,473.6,283.3,89.2,902.0,97.9
2014-10-09,473.1,283.4,89.3,970.0,100.0
2014-10-10,471.7,283.0,89.7,981.0,100.0
2014-10-11,472.9,284.3,89.9,967.0,100.0
2014-10-12,469.8,284.2,90.3,963.0,100.0
2014-10-13,466.9,286.0,91.1,959.0,100.0
2014-10-14,467.8,285.1,91.0,958.0,100.0
2014-10-15,468.7,285.8,90.7,956.0,100.0
2014-10-16,470.2,282.2,90.0,948.0,100.0
2014-10-17,472.1,282.4,90.1,948.0,100.0
2014-10-18,474.4,280.8,89.1,955.0,100.0
2014-10-19,473.9,280.0,88.5,959.0,100.0
2014-10-20,469.7,280.6,90.3,952.0,100.0
2014-10-21,472.7,278.8,89.8,961.0,100.0
2014-10-22,470.7,279.1,89.9,961.0,100.0
2014-10-23,474.9,281.1,88.7,965.0,100.0
2014-10-24,474.1,281.3,88.9,966.0,100.0
2014-10-25,475.5,279.5,87.9,977.0,100.0
2014-10-26,476.1,277.9,87.2,1020.0,100.0
2014-10-27,472.5,280.3,89.0,977.0,100.0
2014-10-28,471.4,279.3,89.0,973.0,100.0
2014-10-29,536.8,272.1,89.5,866.0,76.4
2014-10-30,472.9,278.8,89.9,960.0,99.6
2014-10-31,472.7,279.4,90.0,979.0,100.0
2014-11-01,474.4,278.7,89.0,970.0,100.0
2014-11-02,474.4,277.2,88.5,985.0,100.0
2014-11-03,473.2,279.4,89.6,1041.0,100.0
2014-11-04,468.0,279.1,90.5,1028.0,100.0
2014-11-05,468.6,279.6,90.5,1016.0,100.0
2014-11-06,474.3,278.5,89.5,1016.0,100.0
2014-11-07,474.6,275.6,88.5,1033.0,100.0
2014-11-08,473.6,277.8,89.1,1044.0,100.0
2014-11-09,473.5,277.9,89.5,1043.0,100.0
2014-11-10,472.6,279.3,90.2,1030.0,100.0
2014-11-11,471.5,278.3,89.9,1042.0,100.0
2014-11-12,475.2,274.7,87.8,1035.0,100.0
2014-11-13,472.8,276.6,89.4,1023.0,100.0
2014-11-14,474.6,275.1,88.4,1020.0,100.0
2014-11-15,475.3,273.8,87.7,1027.0,100.0
2014-11-16,474.5,273.7,87.8,1014.0,100.0
2014-11-17,470.2,274.7,89.0,984.0,100.0
2014-11-18,470.6,275.0,89.3,1006.0,100.0
2014-11-19,469.5,275.4,89.6,982.0,100.0
2014-11-20,465.1,276.3,90.2,997.0,100.0
2014-11-21,463.6,275.4,90.0,995.0,100.0
2014-11-22,467.4,271.3,88.5,991.0,100.0
2014-11-23,462.5,275.2,90.0,974.0,100.0
2014-11-24,471.4,273.4,89.7,274.0,37.0
2014-11-25,300.1,90.1,16.1,0.0,1.2
2014-11-26,458.7,72.8,11.5,0.0,1.0
2014-11-27,277.0,64.8,11.3,0.0,0.7
2014-11-28,732.6,158.6,68.9,323.0,30.9
2014-11-29,1206.1,163.9,61.4,863.0,16.6
2014-11-30,1852.3,76.4,11.0,0.0,1.0
2014-12-01,1898.7,63.8,8.3,0.0,1.0
2014-12-02,1927.4,57.9,9.9,0.0,1.0
2014-12-03,1949.7,54.6,11.6,0.0,1.0
2014-12-04,1968.2,52.1,10.6,0.0,1.1
2014-12-05,1972.7,50.3,10.1,0.0,1.2
2014-12-06,1974.7,49.1,10.1,0.0,1.2
2014-12-07,1975.8,47.9,9.8,0.0,1.3
2014-12-08,1976.4,46.8,9.1,0.0,1.3
2014-12-09,1978.9,46.0,8.9,0.0,1.3
2014-12-10,1981.3,45.4,8.0,0.0,1.3
2014-12-11,1981.1,44.6,6.7,0.0,1.3
2014-12-12,1979.9,43.7,7.0,0.0,1.3
2014-12-13,1977.8,43.1,8.1,0.0,1.3
2014-12-14,1977.0,42.8,8.7,0.0,1.3
2014-12-15,1973.3,42.2,7.8,0.0,1.3
2014-12-16,1972.3,41.7,7.6,0.0,0.0
2014-12-17,1973.0,41.4,8.6,0.0,0.0
2014-12-18,1974.4,41.0,9.5,0.0,0.0
2014-12-19,1974.8,40.8,7.5,0.0,0.0
2014-12-20,1974.6,40.6,8.0,0.0,0.0
2014-12-21,1976.4,40.4,9.3,0.0,0.0
2014-12-22,1978.0,40.2,9.7,0.0,0.0
2014-12-23,1980.1,40.0,9.1,0.0,1.3
2014-12-24,1982.2,39.8,8.6,0.0,1.3
2014-12-25,1984.0,39.5,9.2,0.0,1.2
2014-12-26,1986.7,39.3,8.4,0.0,1.2
2014-12-27,1989.2,38.9,7.6,0.0,1.2
2014-12-28,1991.5,38.8,8.1,0.0,1.1
2014-12-29,1967.8,38.7,10.1,0.0,1.1
2014-12-30,1808.4,38.8,9.3,0.0,1.2
2014-12-31,1805.6,38.5,9.4,0.0,1.1
2015-01-01,1593.5,56.2,31.8,94.0,7.9
2015-01-02,1314.7,154.7,52.9,4156.0,26.5
2015-01-03,1245.8,327.5,62.6,4988.0,27.9
2015-01-04,1215.1,353.6,63.1,4425.0,27.9
2015-01-05,1208.5,367.4,62.5,4328.0,27.8
2015-01-06,1181.8,377.9,63.9,4282.0,28.3
2015-01-07,1172.3,384.2,62.4,4440.0,28.3
2015-01-08,1150.4,390.2,62.4,4251.0,28.3
2015-01-09,1149.3,376.8,61.2,2728.0,20.5
2015-01-10,1091.6,375.1,60.9,4026.0,25.6
2015-01-11,896.8,421.6,70.6,5451.0,36.2
2015-01-12,1036.3,410.2,63.4,4399.0,30.3
2015-01-13,1034.0,412.2,63.7,4450.0,30.2
2015-01-14,1029.1,413.8,63.9,4015.0,30.3
2015-01-15,1027.6,412.4,64.1,4242.0,30.2
2015-01-16,1020.4,412.7,64.9,4213.0,30.3
2015-01-17,1016.1,412.3,65.3,4028.0,30.3
2015-01-18,1016.1,412.3,65.3,4234.0,30.3
2015-01-19,1016.1,412.3,65.3,4269.0,30.3
2015-01-20,1007.6,405.5,68.3,3966.0,28.2
2015-01-21,944.5,412.1,70.4,4916.0,32.6
2015-01-22,935.3,412.8,70.2,4930.0,33.3
2015-01-23,935.6,408.4,66.9,4843.0,33.1
2015-01-24,926.5,407.6,70.6,4701.0,32.4
2015-01-25,927.0,408.1,68.8,4684.0,32.4
2015-01-26,920.2,407.0,71.0,4657.0,32.4
2015-01-27,915.7,406.7,70.3,4899.0,33.2
2015-01-28,904.2,404.5,68.8,4820.0,33.2
2015-01-29,888.7,405.7,70.8,4844.0,33.2
2015-01-30,880.7,406.4,70.3,4677.0,33.2
2015-01-31,868.8,406.9,70.5,4549.0,33.2
2015-02-01,853.2,405.9,70.5,4759.0,33.2
2015-02-02,842.7,405.9,70.7,4565.0,33.2
2015-02-03,829.4,407.8,71.2,4571.0,33.2
2015-02-04,826.3,406.6,70.7,3118.0,35.0
2015-02-05,463.8,348.9,72.9,521.0,29.0
2015-02-06,646.2,399.0,73.4,6228.0,59.6
2015-02-07,793.0,396.7,70.5,4428.0,33.3
2015-02-08,814.6,396.0,69.2,2458.0,24.2
2015-02-09,810.3,386.2,70.5,2199.0,26.4
2015-02-10,803.0,402.9,70.9,4410.0,33.2
2015-02-11,804.2,406.3,68.8,3830.0,33.2
2015-02-12,806.4,409.8,70.0,3756.0,33.2
2015-02-13,800.5,407.5,69.7,3820.0,32.8
2015-02-14,809.0,413.2,70.5,3792.0,33.3
2015-02-15,805.6,407.8,68.4,3772.0,32.6
2015-02-16,818.7,414.4,69.1,3768.0,33.3
2015-02-17,819.9,418.2,69.4,3709.0,31.1
2015-02-18,827.0,420.0,67.8,3781.0,33.3
2015-02-19,827.3,421.5,68.2,3805.0,33.3
2015-02-20,827.2,423.6,70.3,3732.0,33.3
2015-02-21,823.2,424.4,72.2,3636.0,33.1
2015-02-22,819.2,422.9,71.1,3780.0,33.2
2015-02-23,821.5,421.5,68.5,3804.0,33.2
2015-02-24,820.4,422.2,70.5,3668.0,33.1
2015-02-25,817.7,424.8,72.2,3651.0,33.1
2015-02-26,820.8,422.3,70.3,3654.0,33.1
2015-02-27,820.9,422.8,69.0,3723.0,33.1
2015-02-28,825.8,418.9,68.0,3617.0,32.1
2015-03-01,801.8,422.4,70.1,3840.0,33.8
2015-03-02,793.4,425.0,73.1,3820.0,33.9
2015-03-03,793.7,424.6,71.7,3819.0,34.0
2015-03-04,779.7,422.5,72.7,3817.0,32.0
2015-03-05,787.2,423.6,71.0,3842.0,34.2
2015-03-06,785.0,422.3,71.1,3710.0,34.3
2015-03-07,784.7,418.7,68.6,3714.0,34.4
2015-03-08,780.7,420.8,71.9,3700.0,33.7
2015-03-09,775.7,418.3,71.6,3750.0,34.6
2015-03-10,768.8,416.1,72.0,3701.0,34.8
2015-03-11,765.9,418.6,72.5,3698.0,34.9
2015-03-12,760.4,418.6,73.0,3708.0,35.1
2015-03-13,756.3,416.5,72.5,3713.0,35.2
2015-03-14,749.8,418.7,73.5,3729.0,35.5
2015-03-15,747.1,416.3,72.7,3668.0,35.6
2015-03-16,742.4,413.5,71.8,3696.0,35.7
2015-03-17,732.9,411.0,71.8,3711.0,35.7
2015-03-18,725.6,416.1,74.4,3711.0,35.5
2015-03-19,735.5,405.2,73.1,3690.0,34.9
2015-03-20,730.0,399.9,72.8,3774.0,34.9
2015-03-21,722.3,398.1,73.5,3804.0,34.9
2015-03-22,753.8,394.9,69.5,489.0,11.6
2015-03-23,1570.1,176.4,9.4,0.0,0.8
2015-03-24,1601.1,150.9,10.9,0.0,0.8
2015-03-25,745.0,306.6,67.1,236.0,13.3
2015-03-26,751.0,365.4,71.2,3819.0,35.3
2015-03-27,747.8,391.0,73.9,3771.0,35.0
2015-03-28,741.3,389.5,71.8,3341.0,34.9
2015-03-29,728.3,395.3,74.1,3385.0,33.4
2015-03-30,723.5,393.9,73.7,3557.0,34.2
2015-03-31,716.0,394.4,73.4,3555.0,35.0
2015-04-01,709.9,392.9,73.5,3523.0,35.1
2015-04-02,703.8,394.3,73.8,3587.0,35.2
2015-04-03,700.5,399.8,74.3,3508.0,35.2
2015-04-04,700.8,398.8,73.9,3552.0,35.3
2015-04-05,699.6,396.1,73.7,3542.0,35.3
2015-04-06,698.9,396.2,73.3,3533.0,35.3
2015-04-07,698.1,394.3,73.8,3492.0,35.1
2015-04-08,695.6,394.0,73.4,3499.0,35.1
2015-04-09,694.4,391.8,71.3,3489.0,35.1
2015-04-10,690.6,391.3,71.7,3482.0,35.1
2015-04-11,687.6,389.3,72.0,3470.0,35.1
2015-04-12,686.2,388.1,70.6,3505.0,35.2
2015-04-13,683.4,389.1,72.7,3587.0,35.2
2015-04-14,686.9,390.0,71.6,3615.0,35.3
2015-04-15,687.3,393.1,74.0,3572.0,34.6
2015-04-16,691.0,393.1,74.3,3608.0,35.3
2015-04-17,694.6,395.9,74.7,3657.0,34.6
2015-04-18,699.3,394.2,74.6,3626.0,34.6
2015-04-19,707.4,395.1,74.6,3547.0,34.5
2015-04-20,710.0,396.1,74.9,3573.0,35.3
2015-04-21,710.5,393.6,74.8,3652.0,35.3
2015-04-22,709.4,392.3,75.0,3631.0,35.3
2015-04-23,707.6,390.4,74.8,3017.0,35.3
2015-04-24,707.6,390.9,74.4,3006.0,35.3
2015-04-25,703.6,388.9,74.1,2976.0,35.3
2015-04-26,699.0,388.4,74.3,2972.0,35.3
2015-04-27,701.0,388.2,73.9,2979.0,35.3
2015-04-28,705.7,387.0,73.1,2946.0,35.1
2015-04-29,702.7,388.1,73.4,2939.0,35.1
2015-04-30,697.0,387.0,74.0,2953.0,35.1
2015-05-01,694.0,385.7,74.2,2937.0,35.1
2015-05-02,691.5,386.1,74.2,2909.0,35.1
2015-05-03,692.3,384.9,72.2,2903.0,35.1
2015-05-04,690.6,383.8,71.5,2874.0,35.1
2015-05-05,687.7,383.8,71.9,2889.0,35.1
2015-05-06,687.0,383.4,71.7,2827.0,35.1
2015-05-07,680.4,382.2,73.4,2815.0,35.1
2015-05-08,679.2,384.0,73.5,2860.0,35.1
2015-05-09,677.8,382.8,72.6,2800.0,35.1
2015-05-10,675.2,384.2,73.5,2815.0,35.2
2015-05-11,676.4,381.6,71.1,2814.0,35.2
2015-05-12,676.5,381.1,70.5,2808.0,35.3
2015-05-13,672.8,379.8,73.5,2772.0,35.2
2015-05-14,669.8,380.6,73.8,2845.0,35.2
2015-05-15,669.6,381.5,73.3,2838.0,35.2
2015-05-16,667.0,380.4,73.2,2847.0,35.2
2015-05-17,665.9,380.1,73.5,2849.0,35.2
2015-05-18,666.2,379.8,72.9,2849.0,35.2
2015-05-19,664.1,381.1,72.9,2848.0,35.3
2015-05-20,660.3,382.6,74.4,2841.0,35.3
2015-05-21,663.8,380.6,72.6,2838.0,35.3
2015-05-22,660.8,379.5,73.2,2796.0,35.2
2015-05-23,658.4,379.9,74.0,2752.0,35.3
2015-05-24,662.3,378.4,73.1,2853.0,35.3
2015-05-25,659.7,378.9,74.2,2697.0,35.3
2015-05-26,659.2,378.8,74.4,2780.0,35.3
2015-05-27,661.0,378.5,73.5,2722.0,34.5
2015-05-28,658.9,377.7,73.5,2793.0,34.5
2015-05-29,664.4,377.4,72.3,2808.0,35.2
2015-05-30,661.8,378.0,74.1,2789.0,35.1
2015-05-31,661.5,377.5,73.6,2798.0,34.4
2015-06-01,618.2,377.3,73.3,2992.0,38.0
2015-06-02,562.1,382.1,73.8,3180.0,41.2
2015-06-03,553.7,384.7,76.5,3138.0,41.2
2015-06-04,541.8,387.6,76.7,3174.0,42.2
2015-06-05,518.0,387.0,76.0,3240.0,44.2
2015-06-06,519.1,385.3,73.9,3229.0,44.2
2015-06-07,600.2,346.1,71.3,1239.0,24.0
2015-06-08,539.6,382.9,77.1,3130.0,42.2
2015-06-09,498.1,389.1,78.3,3321.0,46.1
2015-06-10,453.3,391.0,78.7,3551.0,67.5
2015-06-11,432.2,393.2,78.8,3600.0,100.0
2015-06-12,430.5,392.9,78.4,3617.0,100.0
2015-06-13,426.8,308.3,79.6,3530.0,100.0
2015-06-14,427.3,298.0,79.4,3497.0,100.0
2015-06-15,427.9,298.6,79.2,3494.0,100.0
2015-06-16,428.8,300.0,79.3,3458.0,100.0
2015-06-17,429.4,296.9,78.4,3473.0,100.0
2015-06-18,432.7,294.1,78.7,3453.0,100.0
2015-06-19,434.9,294.4,79.0,3468.0,100.0
2015-06-20,428.3,297.0,79.4,3555.0,100.0
2015-06-21,431.6,295.4,78.5,3549.0,100.0
2015-06-22,429.4,295.4,79.2,3598.0,100.0
2015-06-23,429.4,295.1,79.4,3555.0,100.0
2015-06-24,429.5,297.0,79.8,3550.0,100.0
2015-06-25,429.3,301.1,80.3,3540.0,100.0
2015-06-26,433.2,298.6,79.4,3444.0,100.0
2015-06-27,432.9,301.4,80.3,3484.0,100.0
2015-06-28,433.4,301.4,79.9,3688.0,100.0
2015-06-29,435.6,302.7,80.3,3619.0,100.0
2015-06-30,433.1,301.9,80.2,3625.0,100.0
2015-07-01,436.4,299.9,79.5,3476.0,100.0
2015-07-02,435.1,299.1,79.2,3787.0,100.0
2015-07-03,431.2,299.7,80.1,3763.0,100.0
2015-07-04,432.3,299.2,79.4,3695.0,100.0
2015-07-05,432.4,299.5,79.4,3679.0,100.0
2015-07-06,428.4,298.2,80.2,3643.0,100.0
2015-07-07,431.8,297.5,79.2,3609.0,100.0
2015-07-08,429.0,294.9,79.4,3586.0,100.0
2015-07-09,429.1,293.1,79.0,3547.0,100.0
2015-07-10,428.0,297.3,79.6,3514.0,97.9
2015-07-11,431.2,296.2,78.9,3496.0,97.9
2015-07-12,430.1,296.3,79.1,3445.0,100.0
2015-07-13,427.4,299.6,79.9,3177.0,100.0
2015-07-14,427.3,297.6,80.0,3126.0,100.0
2015-07-15,425.9,296.9,79.8,3091.0,100.0
2015-07-16,425.4,298.6,79.9,3053.0,100.0
2015-07-17,428.6,294.8,77.9,3032.0,100.0
2015-07-18,430.6,292.8,75.9,3061.0,100.0
2015-07-19,427.1,295.7,78.3,3028.0,100.0
2015-07-20,424.8,297.0,80.6,2996.0,100.0
2015-07-21,428.8,293.5,77.7,3031.0,100.0
2015-07-22,425.3,295.3,80.0,3099.0,100.0
2015-07-23,429.4,293.3,78.3,3081.0,100.0
2015-07-24,426.4,292.8,79.0,3040.0,100.0
2015-07-25,424.8,293.2,79.9,3010.0,100.0
2015-07-26,425.0,292.6,79.6,2963.0,100.0
2015-07-27,424.3,294.1,79.7,2939.0,100.0
2015-07-28,423.5,291.3,80.9,2907.0,100.0
2015-07-29,423.9,287.7,80.9,2956.0,100.0
2015-07-30,425.0,286.2,80.7,2884.0,100.0
2015-07-31,425.2,287.5,81.0,2822.0,100.0
2015-08-01,428.1,286.2,80.0,2804.0,100.0
2015-08-02,424.7,287.3,80.6,2792.0,100.0
2015-08-03,427.6,284.3,79.3,2788.0,100.0
2015-08-04,426.6,284.1,80.4,2807.0,100.0
2015-08-05,428.5,284.0,80.3,2752.0,100.0
2015-08-06,425.9,284.4,80.8,2737.0,100.0
2015-08-07,422.4,286.4,81.7,2780.0,100.0
2015-08-08,425.8,285.4,80.8,2773.0,100.0
2015-08-09,428.2,283.6,79.9,2762.0,100.0
2015-08-10,426.7,284.7,80.9,2747.0,100.0
2015-08-11,424.6,283.4,80.4,2737.0,100.0
2015-08-12,424.3,285.6,81.2,2725.0,100.0
2015-08-13,425.3,285.8,81.3,2723.0,100.0
2015-08-14,427.0,283.0,80.1,2721.0,100.0
2015-08-15,426.0,282.4,80.0,2692.0,100.0
2015-08-16,422.3,285.7,81.7,2653.0,100.0
2015-08-17,423.0,283.5,81.5,2641.0,100.0
2015-08-18,427.7,281.2,79.0,2640.0,100.0
2015-08-19,427.2,281.5,79.6,2671.0,97.9
2015-08-20,425.4,282.0,80.6,2657.0,100.0
2015-08-21,426.8,281.7,80.3,2643.0,100.0
2015-08-22,426.5,282.7,80.5,2618.0,100.0
2015-08-23,427.4,282.1,79.8,2544.0,100.0
2015-08-24,426.9,281.2,79.2,2555.0,100.0
2015-08-25,425.3,282.0,80.5,2540.0,100.0
2015-08-26,429.5,7.0,79.6,1737.0,56.4
2015-08-27,18.6,0.0,17.1,0.0,0.1
2015-08-28,18.3,0.0,14.0,0.0,0.1
2015-08-29,18.4,0.0,14.5,0.0,0.1
2015-08-30,42.2,0.0,14.5,0.0,0.6
2015-08-31,442.6,52.5,75.2,3055.0,89.9
2015-09-01,423.5,179.0,81.5,2667.0,100.0
2015-09-02,427.2,180.7,80.7,2401.0,100.0
2015-09-03,440.4,182.3,80.7,2400.0,100.0
2015-09-04,432.2,183.7,81.0,2266.0,100.0
2015-09-05,425.3,182.6,80.1,2296.0,100.0
2015-09-06,423.8,183.3,80.7,2203.0,100.0
2015-09-07,422.8,184.2,81.1,2183.0,100.0
2015-09-08,422.2,184.3,81.3,2167.0,100.0
2015-09-09,422.6,186.1,81.5,2162.0,100.0
2015-09-10,425.1,184.8,81.2,2155.0,100.0
2015-09-11,426.9,182.6,80.0,2177.0,100.0
2015-09-12,427.6,181.2,79.1,2174.0,100.0
2015-09-13,426.1,181.4,80.3,2151.0,100.0
2015-09-14,426.0,179.7,79.9,2123.0,100.0
2015-09-15,426.3,180.1,80.6,2171.0,100.0
2015-09-16,425.3,179.9,81.0,2182.0,100.0
2015-09-17,423.0,178.3,81.1,2176.0,100.0
2015-09-18,422.5,177.6,81.3,2230.0,100.0
2015-09-19,423.1,177.3,81.4,2160.0,100.0
2015-09-20,424.4,178.3,81.5,2129.0,100.0
2015-09-21,425.5,176.9,81.1,2261.0,100.0
2015-09-22,505.5,165.2,74.8,1936.0,68.6
2015-09-23,429.0,176.6,81.0,2274.0,100.0
2015-09-24,433.2,175.4,79.5,2269.0,100.0
2015-09-25,430.8,174.2,80.0,2281.0,100.0
2015-09-26,427.8,175.8,80.9,2265.0,100.0
2015-09-27,429.5,176.6,80.9,2265.0,100.0
2015-09-28,433.7,174.5,79.8,2242.0,100.0
2015-09-29,432.9,173.3,78.7,2240.0,97.9
2015-09-30,428.9,174.5,79.8,2069.0,97.9
2015-10-01,415.0,174.9,80.6,2105.0,100.0
2015-10-02,385.3,175.9,81.7,2188.0,100.0
2015-10-03,385.9,176.3,81.6,2176.0,100.0
2015-10-04,383.8,177.5,82.3,2150.0,97.9
2015-10-05,388.2,175.6,80.8,2153.0,100.0
2015-10-06,390.9,172.7,78.2,2146.0,100.0
2015-10-07,391.4,171.8,77.7,2138.0,100.0
2015-10-08,386.5,172.8,79.5,2123.0,100.0
2015-10-09,381.6,176.9,81.8,2136.0,100.0
2015-10-10,385.5,175.8,81.5,2134.0,100.0
2015-10-11,389.4,173.8,80.6,2139.0,100.0
2015-10-12,390.1,173.7,80.2,2130.0,100.0
2015-10-13,407.0,173.5,79.6,1890.0,90.7
2015-10-14,397.6,175.6,80.4,2058.0,100.0
2015-10-15,412.6,174.2,79.9,2082.0,100.0
2015-10-16,384.0,176.0,81.7,2115.0,100.0
2015-10-17,383.2,174.6,82.0,2082.0,100.0
2015-10-18,381.4,174.7,82.2,2072.0,100.0
2015-10-19,384.7,174.4,81.9,2026.0,100.0
2015-10-20,387.3,173.0,81.3,2027.0,100.0
2015-10-21,389.0,171.4,79.7,2013.0,100.0
2015-10-22,388.0,215.5,79.3,2007.0,100.0
2015-10-23,386.5,290.5,80.0,1995.0,100.0
2015-10-24,390.7,289.0,79.7,1984.0,99.9
2015-10-25,387.9,289.0,80.1,2069.0,100.0
2015-10-26,387.6,289.7,80.0,1986.0,100.0
2015-10-27,387.7,291.2,80.9,1980.0,100.0
2015-10-28,393.7,290.2,79.5,2112.0,100.0
2015-10-29,429.3,284.3,76.8,1720.0,77.6
2015-10-30,433.7,283.6,79.0,2021.0,90.0
2015-10-31,393.8,292.1,80.7,2363.0,100.0
2015-11-01,393.5,294.2,81.1,2350.0,100.0
2015-11-02,410.1,292.8,79.9,2233.0,94.0
2015-11-03,402.2,294.3,80.5,2063.0,100.0
2015-11-04,405.1,293.8,81.2,2089.0,100.0
2015-11-05,409.4,289.9,80.7,2092.0,100.0
2015-11-06,399.3,287.6,80.8,1964.0,100.0
2015-11-07,396.1,286.6,80.6,1942.0,100.0
2015-11-08,398.0,284.2,79.5,1890.0,100.0
2015-11-09,398.0,282.7,78.6,1747.0,100.0
2015-11-10,393.8,285.6,80.3,1741.0,100.0
2015-11-11,384.7,287.5,80.3,1800.0,100.0
2015-11-12,386.3,286.4,79.8,2121.0,100.0
2015-11-13,390.2,286.0,79.3,2110.0,100.0
2015-11-14,383.4,286.3,80.8,2159.0,100.0
2015-11-15,385.2,290.7,81.9,2136.0,100.0
2015-11-16,393.6,286.6,79.5,2136.0,97.9
2015-11-17,393.0,286.0,78.9,2125.0,100.0
2015-11-18,384.5,288.0,81.5,2158.0,100.0
2015-11-19,380.0,287.5,81.9,2218.0,100.0
2015-11-20,391.9,285.6,80.9,2121.0,100.0
2015-11-21,403.0,281.9,80.5,2172.0,100.0
2015-11-22,404.2,282.7,80.9,2105.0,100.0
2015-11-23,405.8,282.6,79.7,2097.0,100.0
2015-11-24,403.5,281.6,80.5,2069.0,100.0
2015-11-25,403.9,280.0,80.4,2053.0,100.0
2015-11-26,405.1,280.0,79.3,2045.0,100.0
2015-11-27,407.9,278.4,78.7,2013.0,100.0
2015-11-28,407.0,276.9,78.7,2025.0,100.0
2015-11-29,405.5,275.5,79.1,1993.0,100.0
2015-11-30,402.0,275.2,79.8,1973.0,100.0
2015-12-01,403.6,276.2,79.8,1956.0,100.0
2015-12-02,408.3,274.9,78.1,1933.0,100.0
2015-12-03,407.2,275.8,79.6,1946.0,100.0
2015-12-04,397.8,275.1,79.0,1998.0,100.0
2015-12-05,400.9,275.4,77.6,2021.0,100.0
2015-12-06,397.4,276.6,80.0,1987.0,100.0
2015-12-07,400.8,279.0,80.4,2011.0,100.0
2015-12-08,408.2,278.6,79.1,2001.0,100.0
2015-12-09,405.2,276.0,78.6,856.0,65.1
2015-12-10,394.4,279.7,78.4,2199.0,100.0
2015-12-11,393.0,281.5,80.3,2069.0,100.0
2015-12-12,391.2,282.3,81.3,2023.0,100.0
2015-12-13,390.6,281.8,81.2,1987.0,100.0
2015-12-14,392.7,280.8,80.1,1976.0,100.0
2015-12-15,391.7,278.9,79.5,1960.0,100.0
2015-12-16,391.9,277.1,79.5,1945.0,100.0
2015-12-17,391.6,278.0,79.0,1950.0,100.0
2015-12-18,392.1,276.7,78.0,1929.0,100.0
2015-12-19,390.9,276.0,78.5,1912.0,100.0
2015-12-20,390.3,275.0,78.1,1893.0,100.0
2015-12-21,390.0,273.7,77.7,1877.0,100.0
2015-12-22,389.8,273.5,78.3,1860.0,100.0
2015-12-23,386.2,272.6,77.6,1863.0,97.9
2015-12-24,385.0,272.1,77.9,1855.0,100.0
2015-12-25,381.3,272.6,79.2,1837.0,100.0
2015-12-26,382.1,272.0,79.0,1832.0,100.0
2015-12-27,383.6,270.6,78.6,1822.0,100.0
2015-12-28,383.7,270.6,78.5,1810.0,97.9
2015-12-29,384.4,269.4,78.0,1807.0,100.0
2015-12-30,385.4,268.9,77.7,1802.0,100.0
2015-12-31,384.2,269.7,78.4,1792.0,100.0
2016-01-01,382.7,270.8,79.3,1776.0,100.0
2016-01-02,387.6,267.8,77.3,1754.0,100.0
2016-01-03,548.6,246.1,64.5,1233.0,71.0
2016-01-04,488.1,237.4,63.6,1458.0,76.1
2016-01-05,386.9,267.1,77.1,1845.0,100.0
2016-01-06,387.9,268.4,78.0,1834.0,100.0
2016-01-07,387.6,268.1,76.8,1832.0,100.0
2016-01-08,388.6,270.2,78.1,1825.0,100.0
2016-01-09,390.9,270.4,77.1,1832.0,100.0
2016-01-10,391.2,271.3,77.2,1840.0,100.0
2016-01-11,392.7,274.1,79.2,1851.0,100.0
2016-01-12,390.5,277.1,80.5,1857.0,100.0
2016-01-13,412.9,274.0,79.3,1660.0,90.2
2016-01-14,394.6,278.1,80.2,1814.0,100.0
2016-01-15,389.7,277.2,80.1,1830.0,100.0
2016-01-16,385.7,275.8,80.6,1814.0,100.0
2016-01-17,383.1,278.9,81.2,1795.0,100.0
2016-01-18,386.2,276.1,80.6,1787.0,100.0
2016-01-19,387.5,274.5,80.7,1728.0,100.0
2016-01-20,405.2,270.2,79.1,1513.0,84.5
2016-01-21,411.3,272.6,78.9,1666.0,100.0
2016-01-22,408.9,269.7,77.3,1616.0,100.0
2016-01-23,394.0,271.8,78.0,1643.0,100.0
2016-01-24,384.0,273.4,79.8,1655.0,100.0
2016-01-25,436.4,264.9,74.9,1426.0,76.1
2016-01-26,443.8,256.3,71.2,1523.0,80.9
2016-01-27,379.7,272.6,80.3,1678.0,100.0
2016-01-28,383.4,269.6,78.3,1623.0,100.0
2016-01-29,385.2,267.8,77.2,1620.0,100.0
2016-01-30,384.8,267.0,77.3,1610.0,100.0
2016-01-31,379.5,269.0,80.0,1588.0,100.0
2016-02-01,384.8,267.9,77.6,1581.0,100.0
2016-02-02,385.1,265.8,77.1,1572.0,100.0
2016-02-03,383.8,266.8,79.2,1561.0,100.0
2016-02-04,418.9,262.3,76.4,1356.0,83.1
2016-02-05,388.0,266.5,77.1,1607.0,100.0
2016-02-06,384.2,267.2,78.0,1553.0,100.0
2016-02-07,387.8,265.8,76.5,1554.0,100.0
2016-02-08,387.0,266.7,77.9,1553.0,100.0
2016-02-09,388.0,267.6,79.0,1569.0,100.0
2016-02-10,389.8,268.4,80.0,1504.0,100.0
2016-02-11,399.2,266.5,79.0,1531.0,100.0
2016-02-12,403.4,265.2,77.4,1440.0,100.0
2016-02-13,401.0,267.3,79.2,1403.0,100.0
2016-02-14,404.2,265.9,78.9,1441.0,100.0
2016-02-15,402.1,265.0,79.0,1430.0,100.0
2016-02-16,408.3,263.6,76.0,1421.0,100.0
2016-02-17,409.7,262.4,75.8,1409.0,100.0
2016-02-18,404.6,266.2,78.7,1395.0,100.0
2016-02-19,406.6,263.9,76.6,1348.0,100.0
2016-02-20,399.8,263.2,77.8,1377.0,100.0
2016-02-21,399.9,263.3,78.4,1341.0,100.0
2016-02-22,391.2,265.7,79.9,1380.0,100.0
2016-02-23,393.8,266.1,79.6,1374.0,100.0
2016-02-24,394.0,267.6,80.1,1364.0,100.0
2016-02-25,399.9,269.3,80.2,1385.0,100.0
2016-02-26,384.1,274.4,81.8,1536.0,100.0
2016-02-27,386.8,275.7,82.2,1530.0,100.0
2016-02-28,389.3,276.6,82.4,1534.0,100.0
2016-02-29,396.6,274.8,80.7,1524.0,100.0
2016-03-01,397.5,272.5,79.9,1518.0,100.0
2016-03-02,391.6,276.7,82.0,1498.0,100.0
2016-03-03,391.0,277.2,82.4,1493.0,100.0
2016-03-04,392.3,276.5,81.9,1479.0,100.0
2016-03-05,390.1,276.7,82.0,1464.0,100.0
2016-03-06,389.6,275.6,82.0,1456.0,100.0
2016-03-07,388.2,274.9,82.1,1446.0,100.0
2016-03-08,392.9,274.5,80.9,1436.0,100.0
2016-03-09,393.6,273.9,81.2,1420.0,100.0
2016-03-10,392.6,274.1,81.3,1406.0,100.0
2016-03-11,396.0,272.4,80.3,1397.0,100.0
2016-03-12,391.0,271.8,79.9,1394.0,100.0
2016-03-13,398.8,272.6,80.0,1368.0,100.0
2016-03-14,380.8,276.1,82.2,1385.0,100.0
2016-03-15,379.9,274.4,82.4,1377.0,100.0
2016-03-16,380.0,274.9,82.4,1403.0,100.0
2016-03-17,380.1,311.0,82.5,1326.0,100.0
2016-03-18,382.4,314.7,82.3,1328.0,100.0
2016-03-19,380.9,314.4,82.3,1323.0,100.0
2016-03-20,382.4,313.7,82.2,1316.0,100.0
2016-03-21,385.1,313.2,82.0,1310.0,100.0
2016-03-22,384.5,314.2,82.3,1254.0,100.0
2016-03-23,387.6,315.9,82.2,1238.0,100.0
2016-03-24,392.8,313.3,80.3,1259.0,100.0
2016-03-25,387.8,313.1,81.4,1272.0,100.0
2016-03-26,395.8,309.7,79.2,1258.0,100.0
2016-03-27,398.8,308.9,78.3,1209.0,100.0
2016-03-28,397.4,310.2,80.2,1237.0,100.0
2016-03-29,391.8,311.6,81.1,1233.0,100.0
2016-03-30,392.3,313.5,81.3,1204.0,100.0
2016-03-31,395.7,311.7,81.2,1175.0,100.0
2016-04-01,403.2,309.1,78.9,1151.0,100.0
2016-04-02,399.9,310.7,79.3,1148.0,100.0
2016-04-03,397.3,311.0,80.4,1149.0,100.0
2016-04-04,393.9,311.7,80.6,1142.0,100.0
2016-04-05,392.2,310.6,80.7,1147.0,100.0
2016-04-06,412.6,305.4,78.6,993.0,86.5
2016-04-07,384.1,311.2,81.9,1121.0,100.0
2016-04-08,380.9,312.1,81.9,1298.0,100.0
2016-04-09,383.6,311.1,80.7,1264.0,100.0
2016-04-10,383.3,309.8,80.0,1245.0,100.0
2016-04-11,381.9,311.2,80.5,1242.0,100.0
2016-04-12,383.1,310.5,79.6,1202.0,100.0
2016-04-13,383.5,309.5,79.6,1195.0,100.0
2016-04-14,379.0,310.3,81.0,1186.0,100.0
2016-04-15,379.6,309.0,80.8,1174.0,100.0
2016-04-16,379.1,308.3,80.6,1450.0,100.0
2016-04-17,376.6,309.3,80.5,1446.0,100.0
2016-04-18,380.9,309.6,80.0,1182.0,100.0
2016-04-19,380.0,307.8,80.9,1299.0,100.0
2016-04-20,380.3,308.4,80.3,1314.0,100.0
2016-04-21,379.2,307.8,80.8,1162.0,100.0
2016-04-22,379.5,309.9,81.3,1056.0,100.0
2016-04-23,380.7,309.7,81.1,1177.0,100.0
2016-04-24,380.0,310.9,81.4,1153.0,100.0
2016-04-25,382.3,307.4,80.5,1174.0,100.0
2016-04-26,383.2,304.7,80.0,1196.0,100.0
2016-04-27,382.0,304.6,80.2,1188.0,100.0
2016-04-28,383.3,304.8,79.9,1171.0,100.0
2016-04-29,385.4,301.7,78.3,1112.0,100.0
2016-04-30,382.3,302.2,79.5,1108.0,100.0
2016-05-01,384.5,299.9,77.4,1104.0,100.0
2016-05-02,383.4,299.4,77.3,1146.0,100.0
2016-05-03,380.4,301.0,78.4,1137.0,100.0
2016-05-04,383.4,300.5,78.3,1122.0,100.0
2016-05-05,384.0,299.7,78.1,1118.0,100.0
2016-05-06,381.8,300.6,78.8,1117.0,100.0
2016-05-07,380.2,302.4,79.4,1121.0,100.0
2016-05-08,382.7,301.0,78.5,1112.0,100.0
2016-05-09,381.8,301.2,78.7,1101.0,100.0
2016-05-10,379.0,302.6,80.1,1089.0,100.0
2016-05-11,378.0,301.5,80.3,1088.0,100.0
2016-05-12,376.9,301.8,80.5,1081.0,100.0
2016-05-13,378.1,298.5,79.8,1073.0,100.0
2016-05-14,379.1,297.5,79.3,1065.0,100.0
2016-05-15,418.4,280.7,71.7,834.0,69.3
2016-05-16,378.0,297.4,80.3,778.0,100.0
2016-05-17,378.0,301.6,80.5,1063.0,100.0
2016-05-18,378.8,301.8,80.4,1060.0,100.0
2016-05-19,380.4,299.6,79.7,1053.0,100.0
2016-05-20,381.7,300.4,79.7,1038.0,100.0
2016-05-21,382.4,300.2,79.8,1021.0,100.0
2016-05-22,379.7,301.8,80.3,1030.0,100.0
2016-05-23,377.3,300.4,80.8,1035.0,100.0
2016-05-24,378.1,298.0,80.3,1041.0,100.0
2016-05-25,377.8,300.0,80.5,1042.0,100.0
2016-05-26,377.1,302.7,81.0,1042.0,100.0
2016-05-27,377.3,302.8,81.1,1035.0,100.0
2016-05-28,378.0,302.4,81.3,1039.0,100.0
2016-05-29,380.9,302.4,80.7,1036.0,100.0
2016-05-30,376.7,300.8,81.2,1022.0,100.0
2016-05-31,377.4,298.9,80.7,1044.0,100.0
2016-06-01,377.8,297.7,80.5,1031.0,100.0
2016-06-02,378.2,298.7,80.5,1038.0,100.0
2016-06-03,376.7,300.5,81.1,997.0,100.0
2016-06-04,377.2,298.1,80.7,1078.0,100.0
2016-06-05,377.2,298.7,80.7,1076.0,100.0
2016-06-06,377.4,302.0,81.0,1072.0,100.0
2016-06-07,377.9,300.7,81.1,1079.0,100.0
2016-06-08,380.1,297.9,80.7,674.0,67.7
2016-06-09,381.7,273.4,78.5,552.0,49.0
2016-06-10,381.6,294.7,80.0,1088.0,100.0
2016-06-11,381.9,300.0,80.1,1075.0,100.0
2016-06-12,383.7,298.1,78.9,1019.0,100.0
2016-06-13,384.7,299.4,79.4,1075.0,100.0
2016-06-14,385.5,297.7,78.5,1071.0,100.0
2016-06-15,385.3,296.8,79.3,1066.0,100.0
2016-06-16,386.0,296.7,79.2,1071.0,100.0
2016-06-17,380.7,299.1,80.4,1048.0,100.0
2016-06-18,381.8,295.6,79.6,1053.0,100.0
2016-06-19,381.5,297.9,80.3,1052.0,100.0
2016-06-20,383.6,297.1,79.4,1052.0,100.0
2016-06-21,382.8,299.4,80.3,1051.0,100.0
2016-06-22,385.3,297.9,79.8,1051.0,100.0
2016-06-23,383.3,299.3,80.4,1055.0,100.0
2016-06-24,380.5,301.1,81.3,1051.0,100.0
2016-06-25,381.1,301.3,81.1,1046.0,100.0
2016-06-26,380.3,298.3,80.9,1051.0,100.0
2016-06-27,382.1,297.7,80.5,1036.0,100.0
2016-06-28,384.6,298.6,79.9,1046.0,100.0
2016-06-29,383.1,298.9,80.5,1047.0,100.0
2016-06-30,383.0,298.0,80.0,1043.0,100.0
2016-07-01,385.9,297.9,80.0,1041.0,100.0
2016-07-02,381.9,298.2,80.5,1041.0,100.0
2016-07-03,382.5,298.3,80.5,1035.0,100.0
2016-07-04,381.0,299.1,80.9,1035.0,100.0
2016-07-05,380.0,299.4,81.1,1036.0,100.0
2016-07-06,380.4,297.5,80.8,1030.0,100.0
2016-07-07,383.1,297.7,80.2,1057.0,100.0
2016-07-08,383.9,297.9,80.1,1058.0,100.0
2016-07-09,388.0,295.6,79.9,1016.0,89.9
2016-07-10,381.1,297.6,79.8,1104.0,100.0
2016-07-11,388.0,296.3,79.5,1053.0,92.8
2016-07-12,379.8,294.9,80.4,1091.0,100.0
2016-07-13,382.7,294.4,80.3,582.0,60.5
2016-07-14,435.6,225.9,62.6,270.0,11.7
2016-07-15,581.0,194.2,48.6,217.0,12.2
2016-07-16,575.3,236.3,58.5,1040.0,22.9
2016-07-17,563.1,242.0,58.7,457.0,21.1
2016-07-18,492.5,259.7,68.0,712.0,30.2
2016-07-19,391.6,288.9,77.5,813.0,40.3
2016-07-20,393.0,290.0,76.8,822.0,40.3
2016-07-21,390.8,291.9,78.4,805.0,40.0
2016-07-22,402.5,293.5,78.2,762.0,39.1
2016-07-23,382.2,294.5,79.2,770.0,40.5
2016-07-24,379.6,293.5,79.1,791.0,40.0
2016-07-25,419.4,287.3,74.3,755.0,34.6
2016-07-26,453.9,282.6,71.6,732.0,32.1
2016-07-27,456.1,282.3,71.8,717.0,31.9
2016-07-28,456.0,281.5,71.4,727.0,31.9
2016-07-29,454.1,282.7,72.9,721.0,31.9
2016-07-30,450.9,281.4,73.0,742.0,31.9
2016-07-31,437.0,282.1,73.9,723.0,33.6
2016-08-01,431.3,282.4,74.5,731.0,34.3
2016-08-02,449.1,280.9,72.3,749.0,31.6
2016-08-03,471.4,276.4,68.5,660.0,29.8
2016-08-04,470.5,276.6,69.7,744.0,30.3
2016-08-05,470.2,273.8,69.4,690.0,30.3
2016-08-06,470.0,275.3,69.3,668.0,30.3
2016-08-07,473.0,272.9,64.4,716.0,30.3
2016-08-08,470.1,271.1,65.4,677.0,30.3
2016-08-09,475.5,267.9,66.2,638.0,29.3
2016-08-10,475.0,271.2,67.1,680.0,30.2
2016-08-11,476.0,272.9,66.4,673.0,30.2
2016-08-12,480.8,271.5,65.0,586.0,27.3
2016-08-13,29.1,162.0,18.7,0.0,1.6
2016-08-14,0.0,129.6,0.0,0.0,0.6
2016-08-15,0.0,31.2,0.0,0.0,0.6
2016-08-16,0.0,0.0,0.0,0.0,0.6
2016-08-17,0.0,0.5,0.0,0.0,0.6
2016-08-18,0.0,17.3,0.0,0.0,0.6
2016-08-19,0.0,92.3,0.0,0.0,0.6
2016-08-20,0.0,289.3,0.0,0.0,0.6
2016-08-21,0.0,289.4,0.0,0.0,0.6
2016-08-22,0.0,289.5,0.0,0.0,0.6
2016-08-23,0.0,289.4,0.0,0.0,0.6
2016-08-24,0.0,289.4,0.0,0.0,0.6
2016-08-25,0.0,289.5,0.0,0.0,0.7
2016-08-26,0.0,289.4,0.0,0.0,1.0
2016-08-27,0.0,289.5,0.0,0.0,1.0
2016-08-28,0.0,289.4,0.0,0.0,1.0
2016-08-29,0.0,289.2,0.0,0.0,1.0
2016-08-30,0.0,289.4,0.0,0.0,1.2
2016-08-31,0.0,289.5,0.0,0.0,1.3
2016-09-01,0.0,289.2,0.0,0.0,1.3
2016-09-02,0.0,289.3,0.0,0.0,1.2
2016-09-03,0.0,289.3,0.0,0.0,1.1
2016-09-04,0.0,289.5,0.0,0.0,1.1
2016-09-05,0.0,289.4,0.0,0.0,1.1
2016-09-06,0.0,289.5,0.0,0.0,1.1
2016-09-07,0.0,289.5,0.0,0.0,1.1
2016-09-08,0.0,289.5,0.0,0.0,1.0
2016-09-09,0.0,289.5,0.0,0.0,1.0
2016-09-10,0.0,289.5,0.0,0.0,1.0
2016-09-11,0.0,289.3,0.0,0.0,1.0
2016-09-12,0.0,289.5,0.0,0.0,1.0
2016-09-13,0.0,289.5,0.0,0.0,1.0
2016-09-14,0.0,289.5,0.0,0.0,1.0
2016-09-15,0.0,289.5,0.0,0.0,1.0
2016-09-16,0.0,289.5,0.0,0.0,1.0
2016-09-17,0.0,289.5,0.0,0.0,0.9
